title,link,date_published,author,text
Arms to farms: Maguindanao del Sur’s agriculture roadmap for former rebels,https://www.rappler.com/philippines/mindanao/maguindanao-del-sur-agriculture-roadmap-former-rebels/,2025-10-21T12:18:03+08:00,," SUMMARY This is AI generated summarization, which may have errors. For context, always refer to the full article. CATTLE. Livestock which will be part of the Integrated Farming System initiative in Maguindanao del Sur. Photo courtesy of Manny Piñol COTABATO CITY, Philippines —Maguindanao del Suris pioneering an ambitious program that seeks to transform former battlegrounds into high-value food production zones with decommissioned combatants at the core of its economic strategy. The province is rolling out an Integrated Farming System (IFS), with the production of halal wagyu beef andmanok(chicken) Pinoy as its flagship program. The initiative has garnered high-level support, positioning agriculture as the ultimate engine for peace, according to former agriculture secretary Emmanuel Piñol during a consultation visit by some Bangsamoro officials in his farm in Kidapawan City. Presidential Peace Adviser Secretary Carlito Galvez Jr., a staunch IFS supporter, met recently with Piñol to finalize the halal wagyu blueprint. Central to the strategy is the inclusion of the former base commands of the Moro Islamic Liberation Front (MILF) and strongholds of the Moro National Liberation Front (MNLF). “It will be a major success in the peace process if we succeed in transforming former rebel camps into food production zones where former combatants will join us in the fight against hunger,” said Galvez, who stressed that peace begins when a family has food on the table three times a day. The IFS is has two key phases, beginning with the foundation of the program and feedstock. Starting October, pilot areas for sorghum, soybeans, and corn will be established, according to Piñol. “These crops are the primary raw materials crucial for a robust, integrated system that feeds the poultry, small ruminants (like goats), and cattle,” Pinol said. An assured market will guarantee that participating farmers can generate income within the first six months. The second phase is high-value halal production. This stage will scale up free-range chicken farming and establish facilities for raising small ruminants and the cattle necessary for the production of premium halal wagyu beef. Galvez’s vision is to turn former rebels and their families into cattle farmers to supply the high demand for halal beef in theBangsamoro region. To aid in the strategy’s success, Maguindanao del Sur Representative Esmael “Toto” Mangudadatu is pushing for a resource-based approach, leveraging the region’s vast land and shallow water table, particularly in the Liguasan Marsh area. Mangudadatu, a farmer himself,  advocates sustainable livelihood over perpetual aid, urging a focus on aquaculture and poultry for former MILF combatants. A business model, assisted by government initiative and funding scheme is designed for the project designed for combatants where he will be working with BARMM government. This features a closed-loop system where catfish and tilapia are raised, with the catfish fed with by-products from poultry, creating a sustainable, waste-reducing cycle. Mangudadatu assured the farmers that on the  “buy-back” of the fish harvest, to be processed into vacuum-packed fish fillets for premium markets. The fish heads and bones will be converted into halal-certified poultry feeds. The “scale and tech program” design  plans to equip each family of former combatants who are interested in the venture with a 1,600-head cage-type poultry farm (estimated at P626,000 to P666,000) and a hatchery capable of producing up to 100,000 chicks weekly, ensuring continuous supply and production. Support for the ambitious farming system is quickly mobilizing, according to Piñol. National Irrigation Administration (NIA) Administrator Eddie Guillen has pledged to install solar-powered water systems (SPWS) across Maguindanao del Sur. The SPWS, which Datu Anggal Mayor Nathaniel Midtimbang has been pushing for, will provide both irrigation for agriculture — critical for the halal wagyu program — and potable water for the Teduray and former combatant communities. The combined approach — leveraging high-value halal commodities, integrated ecology, guaranteed market support, and modern solar technology — marks a paradigm shift: planting the seeds of food security and economic prosperity to firmly secure the gains of the peace process. –Rappler.com How does this make you feel?"
Chinese smugglers ‘operate freely’ with help of PH gov’t officials — Pangilinan,https://www.rappler.com/business/chinese-smugglers-operate-freely-help-government-officials-philippines-pangilinan/,2025-10-20T18:41:06+08:00,," SUMMARY This is AI generated summarization, which may have errors. For context, always refer to the full article. The Department of Agriculture raided a warehouse in Navotas City where smuggled agricultural products such as onion, carrots and tomatoes were found, on August 19, 2024. Rappler MANILA, Philippines – Chinese smugglers, Philippine government officials and employees, and local businessmen are “in connivance” to bring in millions worth of misdeclared agricultural goods in the country, Senator Francis “Kiko” Pangilinan said on Monday, October 20. Pangilinan, head of the Senate committee on agriculture, food, and agrarian reform, has been leading an investigation into smuggling and prices of food commodities, such as imported rice and fish. Officials and employees from the Bureau of Customs, National Bureau of Investigation, Philippine National Police, Department of Agriculture (DA), Department of Justice, and the Bureau of Immigration “allow these Chinese smugglers and their local partners to operate freely,” Pangilinan said during aSenate hearingon Monday. “Unti-unting nabubunyag ang bulok na sistema kung saan mga dummy consignee at insiders nagsasabwatan kasama ang ilang mga opisyal ng Customs, at posible rin taga-DA,”said Pangilinan. (Slowly the rotten system is being exposed, where there are dummy consignees and insiders colluding with officials from Customs and possibly even from the Department of Agriculture.) The government had seized containers of misdeclared goods coming from China. The products smuggled in and eventually seized by the government were white and red onions and frozen mackerel. Pangilinan said these seizures were only done “to show a semblance of law enforcement while ensuring that no big-time smuggler is prosecuted for the non-bailable offense of economic sabotage.” Smuggling is one of the crimes considered as “economic sabotage” under theAnti-Agricultural Economic Sabotage Act, which President Ferdinand Marcos Jr. signed in September 2024. During Monday’s hearing, Pangilinan identified the following Chinese exporters who smuggle misdeclared goods into the Philippines: Last July, Agriculture Secretary Francisco Tiu Laurel Jr. said theyintendto conduct risk assessment of shipments coming from China. It was on the same day that the Bureau of Customs seized containers of smuggled onions and frozen mackerel from China declared as mantou, egg noodles, and kimchi. According to Tiu Laurel in September, the DA had led 182 anti-smuggling operations between January 2024 and July 2025. This resulted in the seizure of P3.78 billion worth of illegal agricultural and fishery goods, the statement from DA said. The agriculture department does not have enforcement authority and has only been able to blacklist several agricultural importers so far. Misdeclaring agricultural products as food products help exporters and consignees evade more stringent regulations.– Rappler.com How does this make you feel?"
Bounty Fresh aims to strengthen operations amid growing appetite for poultry,https://www.rappler.com/business/bounty-fresh-strengthen-operations-poultry-consumption-growth-october-2025/,2025-10-19T15:37:55+08:00,," SUMMARY This is AI generated summarization, which may have errors. For context, always refer to the full article. POULTRY FARM. A poultry farm of Bounty Fresh, the second-largest poultry integrator of the Philippines Bounty Fresh MANILA, Philippines – Bounty Fresh is focusing its efforts into strengthening its operations in core businesses as demand for poultry in the Philippines is expected to grow in the mid-term. The agribusiness firm’s president and chief executive officer Kenneth Cheng said on Monday, October 13, that the company does not intend to go public any time soon, and instead, focus on strengthening its domestic supply chain. “Right now we’re investing for the future. We are not only investing in new farms, we’re also investing in new plants,” he explained. Cheng did not disclose the exact figure of Bounty Fresh’s capital expenditures (capex) for the year, but he noted that the firm is allocating around half of its capex to expansion. This includes the construction of new facilities such as farms and processing plants. Plans for expansion come as consultancy firm GIRA estimates that poultry consumption in the Philippines will grow 500,000 tons every five years. This translates to a poultry consumption of 4.5 million tons by 2050, double the current 2 million tons. “Filipinos are going to eat chicken, whether the local farmers produce them or not. If we don’t produce them, it will be coming in by importation. And so this is an opportunity for the local poultry farmer, but it’s also a challenge,” Cheng said. In order to keep up with growing poultry demand, Bounty Fresh aims to sustainably strengthen its supply chain by boosting production, distribution and market reach to balance growth with demand. Cheng noted that one of the obstacles to achieving this is the limited workforce in agriculture as the youth pursue other fields. He also stressed the need to invest in the agricultural sector’s workforce to develop stockmanship and create a career pipeline that younger generations can build a career out of. The Bounty Fresh chief also underscored the need to invest in biosecurity to help the sector keep pace with the demand. Bounty Fresh is the Philippines’ second largest poultry integrator. The company estimates that it contributes around a quarter of the country’s total poultry production. Cheng added that that the Inoza Group’s recent acquisition of the Bistro Group will help integrate Bounty Fresh’s chicken business into the restaurants. Inoza Holdings of Bounty Fresh chairman Tennyson Chen acquired 22% of the Bistro Group from tycoon Andres Soriano III’s A. Soriano Corporation for P1.9 billion on October 2. – Rappler.com How does this make you feel?"
Century Pacific buys another coconut facility. What’s next for its food business?,https://www.rappler.com/business/century-pacific-food-buys-coconut-processing-facility-roxas-company/,2025-10-17T01:07:37+08:00,," SUMMARY This is AI generated summarization, which may have errors. For context, always refer to the full article. Century Pacific Food Facebook MANILA, Philippines – The Po family’s agribusiness continues to ride the global consumer shift toward healthy food and active lifestyles. Agribusiness conglomerate and food exporter Century Pacific Food Incorporated (Century Pacific) said on Thursday, October 16 that it acquired another integrated coconut processing facility in Mindanao, this time in Tupi, South Cotabato, from legacy firm Roxas and Company for P2.6 billion. Century Pacific, which supplies raw material for the international coconut water brand Vita Coco, said the acquisition would boost its coconut processing capacity. “Across the globe, the demand for coconut products is on the rise, underpinned by long-term shifts toward healthier consumption and wellness-oriented lifestyles. As one of the world’s top coconut producers, the Philippines enjoys a competitive edge, with Century Pacific among its emerging players playing in both export and domestic markets,” Century Pacific said in a disclosure to the Philippine Stock Exchange. Last January, Century Pacific renewed its long-term P14-billioncontract with The Vita Coco Company, which has become a leader in coconut water globally. Global pop icons such as Madonna and Rihanna, as well as sports celebrities like American tennis player Amanda Anisimova, have endorsed Vita Coco. A post shared by Vita Coco (@vitacoco) Coconut water is being marketed as a “natural source of electrolytes and antioxidants” that are needed for good health and hydration. In 2024, Century Pacific’s growth was driven by its OEM exports such as coconut water concentrates. The company attributed the 36% growth year-on-year to “a favorable commodity cycle and strong demand for healthier products.” Century Pacific said the acquisition of the integrated coconut facility was via its wholly owned subsidiary Coco Harvest Incorporated, which bought it from Roxas and Company subsidiary Roxas Sigma Agriventures Incorporated. “The plant currently produces high-value coconut products such as coconut cream, coconut milk, virgin coconut oil, and coconut water concentrate. Planned enhancements will further expand its capabilities to serve both domestic and export markets, adding new product lines and improving overall efficiency,” Century Pacific said. Century Pacific has two other coconut processing hubs in Mindanao, one in General Santos City, and another in Misamis Occidental. Roxas and Company said proceeds from the sale of this facility will be used to pay off the debts and liabilities of Roxas Sigma. It was also in line with the legacy firm’s decision to focus on developing itslandholdings in Nasugbu, Batangas. Roxas Sigma’s coconut processing facility started commercial operations in 2018 producing all-natural coconut cream and milk, coconut water concentrate, and virgin coconut oil to clients worldwide. It has around 150 regular workers. The facility it sold is also a big buyer of dehusked nuts and helps provide livelihood in South Cotabato. “We are confident that Century’s plans to upgrade the facility will usher in a new phase of growth and expanded product offerings,” said Antonio Roxas, Roxas Sigma’s business development manager. With the acquisition, Century Pacific said its coconut operations will employ around 800 workers in Mindanao. “This acquisition is a milestone for our coconut business and a testament to our commitment to inclusive growth. By expanding our capacity in coconuts, we not only enhance our competitiveness in the global coconut industry but also create meaningful economic opportunities for local communities in Mindanao,” said Noel Tempongko, vice president and general manager of Century Pacific’s OEM Coconut Exports. An OEM or Original Equipment Manufacturer produces raw materials or parts that another company needs. “The additional capacity will allow us to innovate and serve the market with more high-quality, better-for-you coconut products, supporting our mission to deliver affordable nutrition to our consumers,” Tempongko added. Century Pacific ventured into the coconut industry in 2012, manufacturing coconut water for OEM exports. It also produces and exports the coconut water brand Aqua Coco. It has since expanded its manufacturing capabilities to include a wider range of products such as Coco Mama Fresh Gata. In 2020, Century Pacific ventured into the vegan meat alternative with its unMEAT products. Aside from the Philippines, these products are now sold in over 13,000 points of sale in the US, Singapore, China, Middle East, and Europe. A post shared by unMEAT (@meetunmeat.ph) The Century Pacific Group was started in 1978 by Ricardo Po Sr., focused on exporting canned tuna, with famous brands like Century Tuna, 555, and Ligo. It has since grown the business into other food-related businesses, including meat (e.g. Argentina brand), and dairy (e.g. Birch Tree, Angel).–Rappler.com   How does this make you feel?"
[Ask the Tax Whiz] How do Filipinos benefit from a higher excise tax on sugary drinks?,https://www.rappler.com/business/ask-the-tax-whiz-how-filipinos-benefit-higher-excise-sugar-drinks/,2025-10-10T15:00:00+08:00,," SUMMARY This is AI generated summarization, which may have errors. For context, always refer to the full article. The two-tiered specific tax on Sweetened Beverages (SBs) was introduced through Republic Act No. 10963, or theTax Reform for Acceleration and Inclusion (TRAIN) Law, enacted in 2017 and implemented in January 2018. This policy led to higher prices for sweetened drinks, with a tax of P6 per liter for beverages using caloric and non-caloric sweeteners and P12 per liter for those containing high fructose corn syrup (HFCS). The tax was introduced for two main reasons: (1) to raise government revenue and (2) to discourage the consumption of sugary drinks linked to obesity and higher risk of non-communicable diseases (NCDs). On September 30, 2025,House Bill No. 5003was introduced to strengthen the effectiveness of the current sugar-sweetened beverages tax policy by updating the tax rates and expanding its coverage. The bill aims to further reduce the consumption of sweetened beverages and address the growing cases of NCDs, overweight, obesity, and undernutrition linked to dental caries, while also increasing government revenue to fund urgent health and nutrition programs. Under Section 150-B, an excise tax increase from P6 to P20 per liter of volume capacity shall be imposed, assessed, and collected on sweetened beverages using purely caloric sweeteners, purely non-caloric sweeteners, or a mix of the two. Sweetened beverages that use purely coconut sap sugar and purely steviol glycosides remain exempt from the tax. Meanwhile, beverages using purely high fructose corn syrup or any combination of HFCS with caloric or non-caloric sweeteners shall be subject to a higher tax rate, increased from P12 to P40 per liter of volume capacity. In addition, the new law will impose an excise tax of P6 per liter of volume capacity on all flavored milk, fermented milk, flavored non-dairy milk, and sweetened coffee products. Lastly, the newly created Section 150-C provides that the tax rates shall be automatically increased by six percent (6%) every year, effective January 1, 2026, if the bill is enacted. Under the proposed amendment, the allocation of revenues from the excise tax on sugar-sweetened beverages has been revised. The portion allocated to the Philippine Health Insurance Corporation (PhilHealth) for the implementation of the Universal Health Care Act of 2019 is reduced from 80% to 40%. Similarly, the share allotted nationwide for medical assistance, the Health Facilities Enhancement Program (HFEP), and other health-related needs managed by the Department of Health (DOH) is decreased from 20% to 10%, with allocations distributed by political and district subdivisions. The remaining 50% of the total revenue shall be allocated to the Department of the Interior and Local Government (DILG) for distribution to provinces to support local health and nutrition programs. This 50% DILG share is further divided into two (2) portions; the 40% shall be used for nutrition-specific programs targeting children aged zero to five years, as well as pregnant and lactating women. While the remaining 10% shall fund nutrition-sensitive interventions, such as water, sanitation, and hygiene (WASH) programs, as determined by the DILG. This revised allocation aims to balance support for universal health care with a stronger focus on local nutrition and hygiene initiatives, ensuring that the health impacts of sugary drink consumption are addressed from both preventive and curative perspectives. –Rappler.com  How does this make you feel?"
DA to take over farm-to-market road projects from DPWH,https://www.rappler.com/philippines/department-agriculture-take-charge-farm-market-road-works/,2025-10-10T14:55:41+08:00,," SUMMARY This is AI generated summarization, which may have errors. For context, always refer to the full article. PROBE. Agriculture Secretary Francis Tiu Laurel attends the Senate hearing on the high prices of food and other basic agricultural commodities, on August 20, 2025. Angie de Silva/Rappler MANILA, Philippines – The Department of Agriculture (DA) will take charge of farm-to-market road projects from the Department of Public Works and Highways (DPWH), Agriculture Secretary Francisco Tiu Laurel Jr. said on Friday, October 10. “This mandate is too large, too critical and too prone to misuse to be entrusted to a single agency,” Tiu Laurel said during theSenate hearingon DA’s proposed budget for 2026. He said the DA will work with local governments and farmer groups, and enlist independent auditors and reputable third-party surveyors. This comes following SenatorSherwin Gatchalian’squestion last Wednesday, October 8, if the agriculture department can take over the lead in farm-to-market road construction projects instead of corruption-riddled DPWH. Gatchalian estimated losses of more than P10 billion in public funds from overpriced farm-to-market road projects between 2023 and 2024. The overpricing referred to costs exceeding the standard estimate of P15,000 per kilometer. Tiu Laurel was initially reluctant about the proposal, saying on Wednesday that, in light of the flood control corruption scandal, he would rather “not have it under the DA.” Since issues of flood control corruption andghost projectscame to light, the agriculture department has been auditing farm-to-market roads. The DA has so far discovered alleged ghost projects in Mindanao through the audit expected to be completed by the end of 2025. “If we’re going to build roads, they must lead to farms, not fraud,” said Tiu Laurel on Friday. – Rappler.com How does this make you feel?"
Zaldy Co-linked firm ranks No. 3 in 2024 farm-to-market road projects,https://www.rappler.com/philippines/zaldy-co-firm-hi-tone-top-farm-market-road-contractor-2024/,2025-10-09T14:08:02+08:00,," SUMMARY This is AI generated summarization, which may have errors. For context, always refer to the full article. Senator Sherwin Gatchalian, at the senate blue ribbon committee motu proprio inquiry on flood control projects, on August 19, 2025. Senate Social Media Unit MANILA, Philippines – Hi-Tone Construction and Development Corporation, a firm co-founded by resigned Ako Bicol representativeZaldy Co’s brother Christopher, was the third top contractor of farm-to-market roads in 2024, according toSenator Sherwin Gatchalian. Gatchalian said Hi-Tone bagged farm-to-market road contracts amounting to P221,836,741.54 in 2024, citing recent data his office obtained from the Department of Public Works and Highways. The senator suggested possible collusion, citing Hi-Tone’s unusually high number of awarded contracts and the Bicol Region’s 80 farm-to-market road projects in 2024 — the most among all regions. Gatchalian said the projects cost at least P30,000 per meter. “Obviously Hi-Tone – ito ‘yung construction company na connected kay Zaldy Co,”said Gatchalian during the Senate deliberations on the Department of Agriculture’s proposed budget on Wednesday, October 8. “Tingin ko hindi naman coincidental na ang pinakamalaking nakakakuha ng FMR ay Region 5 tapos pangatlong pinakamaraming nakuhang kontrata is connected kay Zaldy Co,”he added. (Obviously, Hi-Tone – this is the construction company connected to Zaldy Co. I think it’s not coincidental that the region with the highest number of farm-to-market projects is Region 5 and the third top contractor is connected to Zaldy Co.) Hi-Tone follows GCI Construction and Development Corporation and EGB Construction Corporation in the list of top 20 farm-to-market road projects. During the hearing, Gatchalian cited “extremely overpriced” farm-to-market roads costing up to P348,432 per meter. His office estimated that the government lost P10.3 billion to overpricing from 2023 to 2024.“Obvious, may overpricing, ‘di ba?”said Gatchalian during the hearing.“At may overpricing, sigurado ako may corruption ‘yan.”(It’s obvious that there’s overpricing, right? And if there’s overpricing, for sure there’s corruption) For reference, Agriculture Secretary Francisco Tiu Laurel Jr. said DPWH’s standard cost for farm-to-market roads is an estimated P15 million per kilometer. This means a cost of P15,000 per meter. But even Tiu-Laurel said this standard is “too high.” “Ako galing ako sa private sector and I’ve built roads eh.Easily, pwede mong tanggalin ‘yung 30% niyan eh,” he said. (I came from the private sector and I’ve built roads. Easily, you can remove 30% of the cost.) The government has a backlog of 60,000 kilometers of farm-to-market roads, according to the agriculture secretary. Since the flood control corruption came to light, the Department of Agriculture started an audit of farm-to-market roads in September. The agency has so far discovered alleged ghost projects in Mindanao and is expected to complete the report by the end of 2025. Asked if the DA can handle the construction of farm-to-market roads instead of DPWH, Tiu Laurel said, “We are capable but in view of the scandals that [are] happening I would rather not have it under the DA.”– Rappler.com How does this make you feel?"
Trump’s tariff war is ASEAN ministers’ lunchtime talk: ‘Have you closed?’,https://www.rappler.com/newsbreak/inside-track/trump-us-tariffs-lunchtime-talk-asean-agriculture-ministers-october-2025/,2025-10-03T13:48:55+08:00,," SUMMARY This is AI generated summarization, which may have errors. For context, always refer to the full article. ASEAN. Philippine Agriculture Secretary Francisco Tiu Laurel Jr. stands on the stage during the opening ceremony of the 47th ASEAN Ministers on Agriculture and Forestry Meeting, in Pasay City, Metro Manila, Philippines, October 1, 2025. REUTERS MANILA, Philippines – Despite its substantial impact on global trade, US President Donald Trump’s aggressivetariff policywas “not mentioned” in the formal high-level meetings of ASEAN agriculture and forestry ministers held here this week. It was, instead, discussed during informal talks over lunch. “In general, the discussion on tariffs was mostly done over lunch by a simple question: ‘Have you resolved or have you closed?’” Agriculture Secretary Francisco Tiu Laurel Jr. told reporters on Thursday, October 2. In a luxury hotel along Manila Bay, Tiu Laurel was speaking at a press conference midway through the 47th Meeting of the ASEAN Ministers on Agriculture and Forestry (AMAF). AMAF is the highest decision-making body of the bloc on agriculture and forestry. Dialogue partners of the body in the AMAF meeting included China, Japan, and South Korea. Tiu Laurel’s “lunch” response came after he was asked the third time around about US tariffs. The Philippines’ agriculture chief said that most ministers he talked with said they still have no final tariff deals with the US. He did not name which member-states. While the issue of US tariffs was not formally discussed, Tiu Laurel said ASEAN ministers did agree on increasing trade within the region “so that we can rely on each other first rather than relying on others that are far away.” “Of course, a discussion also is to find other markets around the world for ASEAN products,” he added. Since August, Philippine goods entering the US face a19% tariff rate. Meanwhile, US exports entering the Philippines are supposed to be tariff-free, although Philippine officials say there’s still no signed agreement. Despite what seems an uneven bargain, the Marcos administration framed talks with Trump last July a“successful achievement”when it managed a one-point decrease. Negotiations are still ongoing as the Philippines seeks exemptions to the 19% tariff rate. Asked if China is already positioning to fill the gap that a more protectionist America leaves in the wake of higher import duties, Tiu Laurel said “there was no real discussion with China” yet. China, however, “has been open in general” to Philippine durian exports and other ASEAN produce, according to Tiu Laurel. Here’s the list of US tariffs imposed on other ASEAN countries: – Rappler.com How does this make you feel?"
"Cheng family, owner of Bounty Fresh, now has 200 restaurants via The Bistro Group",https://www.rappler.com/business/cheng-family-owner-bounty-fresh-bistro-group-restaurants/,2025-10-02T22:58:16+08:00,," SUMMARY This is AI generated summarization, which may have errors. For context, always refer to the full article. The Bistro Group IG/Bounty Fresh Group IG MANILA, Philippines – The Cheng family, owner of major poultry producer Bounty Fresh and roasted chicken brands Chooks-to-Go and Uling Roasters, further increased their controlling stake in The Bistro Group of restaurants after buying the minority interest of legacy firm Anscor for P1.9 billion on Wednesday, October 1. The Cheng family became majority owner of The Bistro Group only last August after market regulatorPhilippine Competition Commission cleared their acquisitionof the restaurant operator from private equity firm Navegar I Pte. Ltd. (Navegar). The latter invests in various Philippine firms, and bought into The Bistro Group (TBG Food Holdings Inc.) in 2014. (READ:How Bounty Fresh’s ‘Food Made Better’ promise is more than a tagline) A. Soriano Corporation (Anscor), led by tycoon Andres “Andy” Soriano III, disclosed on Thursday, October 2, that it sold its entire minority stake in TBG Food Holdings (TBG), the corporate entity of The Bistro Group, to the Chengs’ Inoza Business Holdings (Inoza). “Anscor extends its best wishes to the Bistro and Inoza teams. We are confident they will continue delighting Filipino consumers with their quality dining experiences for many years to come, and we look forward to seeing their continued success,” the 95-year-old Philippine company said. The Bistro Group is one of the biggest restaurant operators in the Philippines with more than 200 full-service restaurants and over 20 brands catering mainly to the middle- to upper-income classes. These include (in alphabetical order): The Bistro Group plans to open 100 more stores over the next 5 years, including American sports bar-restaurant Dave & Buster’s. It recently opened Brazilian steakhouse Fogo de Chāo in Glorietta Mall, Makati. A post shared by Fogo De Chao (@fogodechaophilippines) Anscor had invested P1.6 billion in TBG only last November 13, 2024 in a deal with Navegar, so the sale of its minority stake means a windfall of P304 million for Andy Soriano III’s investment firm in less than a year. Anscor, at that time, described it as an investment “in one of the most attractive and resilient market segments in the Philippines, the consumer sector.” Months later, Navegar sold its majority stake in TBG to Inoza. “The transaction represents value realization by Anscor of its investment in TBG. Anscor realized gross annualized returns greater than 25% on its investment in TBG, through a combination of distributions and capital gains,” Anscor said in its disclosure. One of Anscor’s subsidiaries is Seven Seas Resorts and Leisure Incorporated, owner of the world-renowned Amanpulo Resort, a 90-hectare island in Pamalican, Palawan province. Bounty Fresh started in 1986 with a single poultry house producing fresh eggs in the province of Bulacan, and has since grown to being one of the largest integrated poultry producers in the Philippines. It is led by Bounty Fresh Group Holdings Inc. (BFGHI) chairman Tennyson Chen and CEO Kenneth Cheng. Their Chooks-to-Go food business now has over 1,800 outlets nationwide. (READ:How Chooks to Go built a business bigger than GMA Network) The Cheng family is also known in the Philippines for supporting various sports activities, including thePhilippine men’s basketball teamGilas Pillipinas, and the Philippine men’s football team Azkals. Bounty Fresh has also partnered withFIBA to promote 3×3 basketballin the Philippines via the Chooks-to-Go Pilipinas 3×3 tournaments. The Bistro Group started in the Philippines over 30 years ago when entrepreneur William “Bill” Stelton brought the American casual restaurant TGI Friday’s, opening his first store in Glorietta, Makati in 1994. A post shared by The Bistro Group (@thebistrogroup) TGI Friday’swas a big hit, and The Bistro Group expanded by bringing in Italian-American restaurant Italianni’s next. Other brands offering various cuisines — Japanese, Spanish, Chinese, Korean, among others — followed. –Rappler.com How does this make you feel?"
NFA needs P3 billion for emergency palay procurement,https://www.rappler.com/philippines/nfa-needs-funds-emergency-palay-procurement-september-2025/,2025-09-30T15:27:54+08:00,," SUMMARY This is AI generated summarization, which may have errors. For context, always refer to the full article. Cebuanos queue to buy rice during the official roll out of the government’s P20 Rice Programt, at the Cebu Provincial Capitol on May 1, 2025. Jacqueline Hernandez/Rappler MANILA, Philippines – The National Food Authority will need P3 billion to implement emergencypalay(unhusked rice) procurement measure following the damage caused byrecent stormsand reports of plunging prices. “[I]t will cover funds to buypalay,rental costs of warehouses and logistical fees,” NFA Administrator Larry Lacson told reporters on Tuesday, September 30. Asked of their timeline, Lacson said emergency procurement should be done at the “soonest possible time because the the problem is now.” Most of the stocks they will purchase, said Lacson, are storm-damagedpalay. While storm-damagedpalaywill sell for lower prices, Lacson said the government will not buy these at single-digit prices. NFA currently buys drypalayat P23/kilo and wetpalayat P17/kilo. “The national government will not do that because we would like to really help our farmers that are in distress right now.” The NFA is expecting an executive order from the Palace anytime soon which will green light emergencypalayprocurement with the needed funds. The NFA will have to rent private warehouses to store thepalaythat will come in, according to Lacson. They have yet to ascertain the volume ofpalaythey can procure and warehouse capacity that the emergency procurement will require. Concerns mount aspalayis reportedly selling for less than P10/kilo in parts of the country, even with the government’s60-day rice import ban. Depressed prices coincide with the wet harvest season, as the Philippines records P1.95 billion in agricultural losses in the aftermath of tropical cyclones Mirasol, Nando, and Opong as of September 29. NFA continues to maintain a 12-day buffer stock (roughly 446,000 metric tons, according to Lacson) despite inclement weather and damage sustained. “Over the weekend, everyone in the DA (Department of Agriculture) has been at work. I was with President Marcos in Northern Luzon, and these are the decisions that have been made,” Agriculture Secretary Francisco Tiu-Laurel Jr. said of lowpalayprices in a press release on Monday, September 29. Among these measures to stabilizepalayprices, according to DA’s release, are extending the import ban, implementing floor price, increasing rice tariffs after the ban, and blocking government agencies, local governments from buying imported rice.– Rappler.com How does this make you feel?"
DAR eyes P17.4-billion budget for 2026,https://www.rappler.com/philippines/department-agrarian-reform-budget-2026/,2025-09-10T21:15:03+08:00,," SUMMARY This is AI generated summarization, which may have errors. For context, always refer to the full article. MANILA, Philippines – The Department of Agrarian Reform (DAR) is asking for P17.4 billion for their 2026 budget, P6 billion more than their 2025 appropriation. The 2026 National Expenditure Program (NEP) is allotting P2.2 billion to provide training for 325,618 agrarian reform beneficiaries (ARBs). This allocation also aims to give credit and microfinance services to 140,591 ARBs and technical support to more than 3,000 ARBs. The land tenure security program for the distribution of private and public agricultural lands is getting P3.9 billion. Budget for DAR’s Support to Parcelization of Lands for Individual Titling or SPLIT project jumped from P669 million in 2025 to P5.1 billion in the 2026 NEP. This program aims to turn 1.38 million hectares of collective land titles to individual titles. The House committee on appropriations deliberated on DAR’s proposed 2026 budget on Thursday, September 11. Minority Floor Leader Marcelino Libanan asked what’s taking so long in the distribution of agricultural lands. DAR Secretary Conrado Estrella III said this is due to the expansion of DAR’s scope to include more agricultural lands for distribution regardless of crops and beyond rice and corn fields. According to Estrella, turning collective land titles into individual ones under the SPLIT project also further stretched the process. Several lawmakers expressed their full support for the agency. Cagayan de Oro City 2nd District Representative Rufus Rodriguez said the DAR has shown “excellent performance.” The hearing was terminated in under three hours.–Rappler.com How does this make you feel?"
South Korean president stops loan for DAR’s ‘PBBM Bridges’ project over corruption concerns,https://www.rappler.com/philippines/korea-loan-department-agrarian-reform-pbbm-bridges/,2025-09-10T15:50:04+08:00,," SUMMARY This is AI generated summarization, which may have errors. For context, always refer to the full article. LEE JAE-MYUNG. South Korean new President Lee Jae-myung, and his wife Kim Hye-kyung, leave after attending the Presidential Inauguration at the National Assembly in Seoul, South Korea, Wednesday, June 4, 2025. Lee Jin-man/Pool via Reuters MANILA, Philippines — The president of South Korea on Tuesday, September 9 announced an immediate stop to a loan for the Philippines, which would have funded a Department of Agrarian Reform (DAR) project named after Philippine President Ferdinand Marcos Jr. The Philippines’ Department of Finance (DOF), however, said they had “decided to halt previous discussions last year…” and was now in talks with the French government to fund the project. In hispost, South Korean President Lee Jae-Myung, who was elected to the post in June 2025, pointed out that the project had not commenced, so funding from the Foreign Economic Cooperation Fund (EDCF) had been untouched. The EDCF is one institution through which Korea provides Official Development Assistance to other countries. Lee also praised theinvestigative report, citing how it avoided the “risk” of corruption and the use of Korean taxpayer’s money. (Editor’s note: Translations from Korean to English were made via AI tools.) The project, totalling some 700 billion Korean won, was intended for the “PBBM Rural Modular Bridge Project” and unilaterally sought by the Philippine government, according to the Korean publicationHankyoreh. The Philippines’ Department of Finance (DOF), in a statement on Wednesday, September 10 denied that the loan was sought unilaterally, and that it existed. “Nevertheless, we reaffirm to our bilateral partners that the Philippine government will match their trust and confidence with full transparency and accountability,” said the DOF. In a subsequent statementresponding to media inquiries, the DOF said that while it did propose funding from South Korea, it “decided to halt previous discussions last year due to non-alignment on scope and other key technical specifications.” DAR Secretary Conrado Estrella III, speaking toPhilippine Staron Wednesday confirmed meeting with Korean officials in December 2023 but claimed it was for “exploratory talks” and that it was the Korean side who made the pitch. He also saidthat he “wasn’t genuinely interested in the proposal of the South Korean officials that he met.” Yet it was only in late 2024 that the Philippine government decided to “look for other bilateral partners who can implement the full scope of the project,” according to the DOF. “The government, as early as the last quarter of 2024, decided to look for other bilateral partners who can implement the full scope of the project. Hence, there is no existing loan for the said project with South Korea,” said the DOF. “Advanced negotiations” are now ongoing with the government of France. Estrella is the second of his name to head the DAR. His grandfather also headed the department during the presidency of Ferdinand Marcos Jr.’s father and namesake, the late dictator. In a statement late Wednesday, the Philippines’ Department of Foreign Affairs said it “takes note” of the South Korean president’s post. “The Department of Foreign Affairs will continue to speak with the Embassy of the Republic of Korea with a view to clarifying matters with ROK,” the DFA said. In a statement posted late Friday, September 12, Seoul’s embassy in Manila said the “suspension of the feasibility study on the project in question is unrelated to the Philippine government.” “This decision was made solely to allow for the verification of matters that had been raised in Korean media reports. The project in question will be put on hold until further notice,” the embassy said. It added, “Despite current circumstances, the Philippines remains one of Korea’s most valued partners, and Korea remains fully committed to advancing development cooperation partnerships between our two countries.” Back in November 2024, the DAR defended its proposed PBBM Bridges project, which would have cost P28.3 billion or just a little over 700 billion Korean won. Hankyorehreported that the LCS Group, owned by former Ilocos Sur governor Chavit Singson, an ally of President Marcos, was supposed to “participate in the project.” The project had been questioned before the Senate during budget deliberations for the current 2025 budget of the DAR. According to aGMA News Onlinereport from those deliberations, the “PBBM Bridges” project would be funded through P23 billion in foreign loans and P5 billion from the Philippines’ coffers. The DAR’s description of the project matchesHankyoreh’s reporting — that the project would involve the construction of some 350 modular bridges across the country. DAR Undersecretary for Foreign Assistance and Special Projects Office Jesry Palmares told the Senate in October 2024 that the project was “approved by the NEDA board last November and is currently being negotiated with Korean Exim Bank,” according to the sameGMA Newsreport. Former senator Francis Tolentino had questioned the DAR project, citing a former bridges project that was funded through the United Kingdom. For the most part,Hankyoreh’s report honed in not only on fears of corruption in the Philippines, but on internal pressures in Korean politics. Based on the report, this is the timeline of events: November 2023:The DOF submits an application before the Korean government unilaterally. The DOF has denied it was unilateral. December 2023:DAR Secretary Conrado Estrella III and an unamed official (a vice minister, according toHankyoreh) fly to Korea to meet with the Minister of Economy and Finance. They also meet with Representative Kim Hak-yong of the People Power Party who was then a member of the National Assembly’s Land, Infrastructure, and Transport Committee, and officials of the Export-Import Bank of Korea, according to the same report. The bank manages the EDCF fund. Estrella confirms meeting Korean officials in December 2023, but claims he “wasn’t genuinely interested in the proposal of the South Korean officials that he met.” In the months that follow, the Philippines still pursues the loan. Also in December 2023:Chavit Singson visits Korea, according to a post on his own Instagram account. His caption for the post reads: “Hon. Luis Chavit Singson’s South Korea trip on December 4- 7 to meet with different companies with special interest in E-Jeepneys and fiberglass rebar that will be brought to the Philippines to improve on renewable energy sources and more efficient construction technology for our country.” February 2024:Korea’s Ministry of Strategy and Finance says EDCF support would be “difficult, citing the project’s low probability of success” after it visited the Philippines in December 2023. During that visit, “no [Korean] companies expressed interest” in the project, according toHankyoreh. Also in February 2024:The report notes that Kwon Seong-dong makes a “sudden appearance” in the project. The lawmaker reportedly contacts Minister of Strategy and Finance Choi Sang-mok himself and lobbies for it pushing through, reportedly citing the chance to “secure nickel mining rights from the Philippine government in return.” Kwon belongs to the People Power Party and was a supporter of since removed Korean president Yoon Suk-yeol. April 2024:The Philippines is notified of the finance ministry’s decision. The report notes that the ministry also concluded that there would be “no problems in the relationship between the Korean government and the Philippine government” even if the loan request is declined, citing other EDCF projects that were already ongoing in the Philippines. May 2024:Kwon reportedly lobbies again for the project, and meets with the “Philippine Department of Agrarian Reform,” althoughHankyorehdoes not specify who these officials are. A “third round of pressure” is placed on the finance ministry, according toHankyoreh. October 2024:The Ministry of Strategy and Finance eventually approves the loan, because of Kwon’s “continued pressure.” In the same month, former senator Tolentino questions the project, again citing an old effort funded by another government. Lee’s decision comes just as alleged corruption in infrastructure projects — specifically flood control under the Department of Public Works and Highways — are under investigation by both the executive and legislative branches of government. In the Philippines, there’s been an outcry over the billions reportedly stolen from public funds, leading to substandard or non-existent flood control projects. Bilateral ties between Manila and Seoul have grown closer in recent years. Under Marcos, ties were elevated to astrategic partnership. On the same day that the strategic partnership was signed, Seoul and Manila alsosigned a memorandum to fund two infrastructure projects— the Laguna Lakeshore Road Network Project Phase I (Stage I) and the Panay-Guimaras-Negros Island Bridges Project.– Rappler.com How does this make you feel?"
"Pangilinan wants consignees, brokers of smuggled goods blacklisted",https://www.rappler.com/philippines/pangilinan-wants-consignees-brokers-smuggled-goods-blacklisted/,2025-08-21T06:15:43+08:00,," SUMMARY This is AI generated summarization, which may have errors. For context, always refer to the full article. Senator Francis Pangilinan leads the senate Committee on Agriculture, Food and Agrarian Reform hearing on the high prices of food and other basic agricultural commodities, on August 20, 2025. Angie de Silva/Rappler MANILA, Philippines – Senator Francis “Kiko” Pangilinan on Wednesday, August 20, called for the arrest and blacklisting of consignees and brokers dealing in smuggled goods. Pangilinan, who leads the Senate committee on agriculture, food and agrarian reform, named parties allegedly linked to recent seizures of smuggled goods. “Technically kung may basehan at nakita mismo ni Secretary Kiko, nandoon mismo si Undersecretary Carag, sila mismo ang nagbukas – o nakita nilang binuksan eh dapat sampahan na ng kaso at arestuhin na ang mga ito,”said Pangilinan during thehearingof the Senate panel. (Technically if there is basis and Secretary Kiko [Agriculture Secretary Francisco Tiu Laurel Jr.] and Undersecretary Carag [Carlos Carag] is there, they see the containers opened, then the smugglers should be sued and arrested.) “Dapat binablacklist ‘yan,”he added. (They should be blacklisted.) Pangilinan named the following consignees and brokers in his list: Customs brokers: They were identified from recent seizures led by the Bureau of Customs. The government previously seized billions worth of smuggled agricultural products such as frozen mackerel, onions, carrots. Thelawdefines as economic sabotage the activities that “disrupts the economy by creating artificial shortage, promoting excessive importation, manipulating prices and supply” among others. Tiu Laurel said during the hearing that the DA could use some level of enforcement power as they have knowledge of violators.– Rappler.com How does this make you feel?"
‘Raket ‘yun’: Disputes over location delays PH’s first border inspection facility,https://www.rappler.com/newsbreak/inside-track/disputes-location-delays-first-border-inspection-facility-bulacan/,2025-08-20T16:41:20+08:00,," SUMMARY This is AI generated summarization, which may have errors. For context, always refer to the full article. PROBE. Agriculture Secretary Francis Tiu Laurel attends the Senate hearing on the high prices of food and other basic agricultural commodities, on August 20, 2025. Angie de Silva/Rappler Whatever happened to the Philippines’ first border inspection facility that’s supposed to keep animal diseases at bay and prevent entry of smuggled agricultural goods? Delayed. The facility was slated to start operations by September 2024, a year after the Department of Agriculture (DA) contracted private firm Pacific Roadlink Logistics Incorporated (PRLI) to use their private property in Angat, Bulacan. The reason for the delay? Agriculture Secretary Francisco Tiu Laurel admitted it was disagreement over the facility’s location. Angat is too far, according to Tiu Laurel. The cost of transport from the port to Angat will add P2 to P3 more per kilo, the agriculture chief said. Maybe even P5, in the worst case scenario. “Kaya na-delay ang project is because I do not agree kung saan ang Angat, kung diyan ilalagay,”said Tiu Laurel on Wednesday, August 20, during the hearing of the Senate panel on agriculture. (It was delayed because I do not agree with Angat, the location of the facility.) He explained:“Kung dadalhin lahat sa Angat ‘yan, tapos ibabalik na naman kung saan man — and it’s going to be a monopoly, pati tracking noon monopoly. ‘Yan ang katotohanan niyan. Para sa akin, deretsuhan na lang, raket ‘yun, honestly.” (If the goods will be transported to Angat and then will be transported back to wherever — it’s going to be a monopoly. Even the tracking will be monopolized. That’s the truth. For me, just to be straight, that’s a hustle, honestly.) Earlier during the hearing, Tiu Laurel said the agency reverted the funds for the facility due to failed bidding. Senator Imee Marcos was aghast, citing cases of African swine fever and avian flu. Senator Francis “Kiko” Pangilinan asked if the DA asked for funds for this facility in the 2026 budget. Tiu Laurel said the government is instead focusing on pre-border inspection of agricultural imports from origin countries. Tiu Laurel, who is almost always composed during hearings in Congress, was almost straining his voice when he expressed his position. The DA chief said that if those previously in charge “had been thinking,” they would have studied other locations for this crucial facility. Who were these people? Among those who attended the groundbreaking event of the Commodity Examination Facility for Agriculture in 2023 were former senator Cynthia Villar and former DA senior undersecretary Domingo Panganiban. Villar was then the head of the Senate committee on agriculture, food, and agrarian reform. The DA and PRLI signed the contract four months before Tiu Laurel took over the reins as agriculture chief of the Marcos administration. The government had allotted P2.3 billion in its 2023 budget for its construction. Tiu Laurel said the DA is exploring options at the Port of Manila and the Navotas Fish Port, for the establishment of the facility. Angat is more than an hour away from the Port of Manila. Transport to Bulacan will incur more costs to importers. This would subsequently add to market prices which would be shouldered by the average Filipino consumer. Were there other interests involved? Is what Tiu Laurel said about the intention to monopolize true, had the Angat facility pushed through?– Rappler.com How does this make you feel?"
LIVESTREAM: Senate panel probes high food prices,https://www.rappler.com/philippines/video-senate-probe-high-food-prices/,2025-08-20T09:10:07+08:00,," MANILA, Philippines – The Senate committee on agriculture, food, and agrarian reform, headed by Senator Francis “Kiko” Pangilinan, probes on Wednesday, August 20, high prices of food and agricultural commodities. According to Pangilinan’sresolution, the inquiry will recommend “measures to ensure food affordability, strengthen food security, and protect the welfare of Filipino consumers.” The hearing starts at 9 am on Wednesday. Bookmark this page for the livestream.– Rappler.com  How does this make you feel?"
Marcos sinuyo mga lokal at banyagang negosyo: Mamuhunan kayo sa agrikultura ng Pilipinas,https://www.rappler.com/philippines/marcos-woos-local-foreign-investors-philippine-agriculture-filipino-version/,2025-07-29T21:20:18+08:00,," SUMMARY This is AI generated summarization, which may have errors. For context, always refer to the full article. President Ferdinand Marcos Jr delivers his 4th State of the Nation Address, at the House of Representatives, on July 28, 2025. RTVM screengrab Ito’y isinalin mula sa Inggles na artikulo ni Iya Gozum at Tatiana Maligro, gamit ang isang OpenAI model. Ni-rebyú muna ng isang editor ang pagsasalin bago ilathala. MANILA, Philippines – May natatanging panawagan si Pangulong Ferdinand Marcos Jr. sa mga lokal at banyagang mamumuhunan sa kanyang ikaapat na State of the Nation Address (SONA): Mamuhunan kayo sa sektor ng agrikultura. Hinimok ni Marcos ang mga pamumuhunan sa mga pabrika ng sasakyan, konstruksyon, industriya ng tela, at iba pa, bago niya bigyang-diin ang agrikultura. “Ngunit nananawagan pa rin ako sa ating mga negosyante: mamuhunan kayo sa ating agrikultura,” sabi ni Marcos noong Lunes, Hulyo 28. Pagkatapos ay inanyayahan niya ang internasyonal na komunidad ng negosyo, na sinabing “handa na ang Pilipinas.” Paulit-ulit na itinuro ni agriculture Secretary Francisco Tiu Laurel Jr. ang matagal na pagwawalang-bahala sa sektor pagdating sa imprastruktura at mekanisasyon. Ang mga pamumuhunan sa agrikultura, kagubatan, at pangingisda ay bumaba ng average na 6% taun-taon mula 2017 hanggang 2022, ayon sa Philippine Development Plan. Ang mga hamon tulad ng gastos sa logistics, mga isyu sa pagmamay-ari ng lupa, at hindi pagsunod sa mga internasyonal na pamantayan ay nag-aambag sa mababang kumpiyansa ng mga mamumuhunan. Ang mahina na pagpapatupad ng mga patakaran ay lalong nagpapalala sa problemang ito. Matapos ang kanyang panawagan sa pribadong sektor, binigyang-diin ni Marcos ang suporta na ibinibigay ng gobyerno sa sektor: patuloy na subsidiya para sa murang bigas, mga pagbabago sa batas ng coconut trust fund, nakabinbing pagbabakuna ng mga baboy laban sa African swine fever, pag-unlad ng binhi, at iba pa. Sa isang ulat mula sa World Bank nakita nito na ang sektor ng agrikultura ng Pilipinas ay umaabot sa humigit-kumulang 22% ng lakas-paggawa, ngunit nananatiling pinakamababang produktibong sektor at nag-aambag ng pinakamababa sa paglago ng gross domestic product (GDP). Ang industriya ng agrikultura at pangingisda ay bumagsak sa loob ng tatlong magkakasunod na kwarter noong 2024 sa gitna ng El Niño at magkakasunod na tropical cyclones. Habang bumangon ang sektor sa unang kwarter na may 2.2% na paglago, nag-ambag lamang ito ng 0.2% sa 5.4% GDP. Sa kabila nito, itinuro ng World Bank na ang mga gawain sa agribusiness ay nagpakita ng potensyal sa merkado ng eksport, na may mga brand tulad ng Malagos chocolate at Vita Coco na nag-e-export ng mga value-added agricultural products sa mga high-value markets. Mula noong 2005, ang lumago ang sektor ng agribusiness ng 5.2% at nag-ambag ng $6.4 bilyon sa mga eksport noong 2023. Upang higit pang mapakinabangan ang potensyal ng sektor ng agrikultura, hinimok ng World Bank ang Pilipinas na tugunan ang mga hadlang na naglilimita sa produktibidad tulad ng kakaunting koneksyon mula sa bukirin patungo sa merkado at “hindi tugmang insentibo.” “Ang seguridad sa pagmamay-ari ng lupa, imprastruktura, at kakayahang umangkop sa klima ay maaaring magpataas ng kahusayan at pagpapanatili,” isinulat nito. Ang pagmamay-ari ng lupa ay patuloy na hamon para sa maraming maliliit na magsasaka. Sa kanyang SONA, sinabi ni Marcos na pinabibilis ng Department of Agrarian Reform ang pamamahagi ng mga sertipiko ng mga award sa pagmamay-ari ng lupa at pagpapatawad sa mga utang ng mga benepisyaryo. Ang repormang agraryo ay nakatanggap ng kritisismo para sa muling pamamahagi ng maliliit na piraso ng lupa, habang ang nakasakal na produksyon ng pagkain ay nangangailangan ng magkakasamang lupain. Para sa World Bank, ang mga limitasyon sa paghawak ng lupa na limang ektarya bawat may-ari ay naglimita sa output ng sektor ng agrikultura sa pamamagitan ng pagpigil sa pag-alis ng mga hindi mahusay na producer. Bagaman ang mga restriksyon na ito ay naglalayong pigilan ang konsentrasyon ng pagmamay-ari ng lupa, ang mga solusyon tulad ng mga kooperatiba at joint ventures ay makatutulong upang mapataas ang produktibidad habang pinapanatili ang pinagkukunan ng kita ng mga komunidad sa kanayunan. “Ang Department of Agriculture at [mga lokal na yunit ng gobyerno] ay maaaring magbukas ng sukat sa pamamagitan ng pagpapadali ng suporta para sa pagbuo ng kooperatiba, pagpapasimple ng mga proseso ng joint venture, at aktibong pagsusulong ng mga modelo na nagpapababa ng mga hadlang sa pagpasok para sa mga komersyal na pakikipagsosyo,” isinulat nito. – Rappler.comsa pagmamanupaktura ng sasakyan, konstruksyon, industriya ng tela, at iba pa, bago niya bigyang-diin ang agrikultura. “Ngunit nananawagan pa rin ako sa ating mga negosyante: mamuhunan kayo sa ating agrikultura,” sabi ni Marcos noong Lunes, Hulyo 28. Pagkatapos ay inanyayahan niya ang internasyonal na komunidad ng negosyo, na sinabing “handa na ang Pilipinas.” Paulit-ulit na itinuro ni Agriculture Secretary Francisco Tiu Laurel Jr. ang matagal na pagwawalang-bahala sa sektor pagdating sa imprastruktura at mekanisasyon. Ang mga pamumuhunan sa agrikultura, kagubatan, at pangingisda ay bumaba ng average na 6% taun-taon mula 2017 hanggang 2022, ayon sa Philippine Development Plan. Ang mga hamon tulad ng gastos sa logistics, mga isyu sa pagmamay-ari ng lupa, at hindi pagsunod sa mga internasyonal na pamantayan ay nag-aambag sa mababang kumpiyansa ng mga mamumuhunan. Ang mahina na pagpapatupad ng mga patakaran ay lalong nagpapalala sa problemang ito. Matapos ang kanyang panawagan sa pribadong sektor, binigyang-diin ni Marcos ang suporta na ibinibigay ng gobyerno sa sektor: patuloy na subsidiya para sa murang bigas, mga pagbabago sa batas ng coconut trust fund, nakabinbing pagbabakuna ng mga baboy laban sa African swine fever, pag-unlad ng binhi, at iba pa. Isang kamakailang ulat mula sa World Bank ang natagpuan na ang sektor ng agrikultura ng Pilipinas ay umaabot sa humigit-kumulang 22% ng lakas-paggawa, ngunit nananatiling pinakamababang produktibong sektor at nag-aambag ng pinakamababa sa paglago ng gross domestic product (GDP). Ang industriya ng agrikultura at pangingisda ay bumagsak sa loob ng tatlong magkakasunod na kwarter noong 2024 sa gitna ng El Niño at magkakasunod na tropical cyclones. Habang bumangon ang sektor sa unang kwarter na may 2.2% na paglago, nag-ambag lamang ito ng 0.2% sa 5.4% GDP. Sa kabila nito, itinuro ng World Bank na ang mga aktibidad sa agribusiness ay nagpakita ng potensyal sa merkado ng eksport, na may mga brand tulad ng Malagos chocolate at Vita Coco na nag-e-export ng mga value-added agricultural products sa mga high-value markets. Mula noong 2005, ang mga aktibidad sa agribusiness ay lumago ng 5.2% at nag-ambag ng $6.4 bilyon sa mga eksport noong 2023. Upang higit pang mapakinabangan ang potensyal ng sektor ng agrikultura, hinimok ng World Bank ang Pilipinas na tugunan ang mga salik na naglilimita sa produktibidad tulad ng limitadong koneksyon mula sa bukirin patungo sa merkado at “maling nakahanay na insentibo.” “Ang seguridad sa pagmamay-ari ng lupa, imprastruktura, at kakayahang umangkop sa klima ay maaaring magpataas ng kahusayan at pagpapanatili,” isinulat nito. Ang pagmamay-ari ng lupa ay patuloy na isang pakik struggle para sa maraming maliliit na magsasaka. Sa kanyang SONA, sinabi ni Marcos na ang Department of Agrarian Reform ay pinabilis ang pamamahagi ng mga sertipiko ng mga award sa pagmamay-ari ng lupa at pagpapatawad sa mga utang ng mga benepisyaryo. Ang repormang agraryo ay nakatanggap ng kritisismo para sa muling pamamahagi ng maliliit na piraso ng lupa, habang ang nakasakal na produksyon ng pagkain ay nangangailangan ng magkakasamang lupain. Para sa World Bank, ang mga limitasyon sa paghawak ng lupa na limang ektarya bawat may-ari ay naglimita sa output ng sektor ng agrikultura sa pamamagitan ng pagpigil sa pag-alis ng mga hindi mahusay na producer. Bagaman ang mga restriksyon na ito ay naglalayong pigilan ang konsentrasyon ng pagmamay-ari ng lupa, ang mga solusyon tulad ng mga kooperatiba at joint ventures ay makakatulong upang mapataas ang produktibidad habang pinapanatili ang pinagkukunan ng kita ng mga komunidad sa kanayunan. “Ang Department of Agriculture at [mga lokal na yunit ng gobyerno] ay maaaring makatulong sa pamamagitan ng pagpapadali ng suporta para sa pagbuo ng kooperatiba, pagpapasimple ng mga proseso ng joint venture, at aktibong pagsusulong ng mga modelo na nagpapababa ng mga hadlang sa pagpasok para sa mga komersyal na pakikipagsosyo,” isinulat nito. – Rappler.com How does this make you feel?"
"Marcos woos local, foreign businesses: Invest in Philippine agriculture",https://www.rappler.com/philippines/marcos-woos-local-foreign-investors-philippine-agriculture/,2025-07-29T12:36:18+08:00,," SUMMARY This is AI generated summarization, which may have errors. For context, always refer to the full article. PITCH. President Ferdinand Marcos Jr delivers his 4th State of the Nation Address, at the House of Representatives, on July 28, 2025. RTVM screengrab MANILA, Philippines – President Ferdinand Marcos Jr. made a special plea to local and foreign investors in hisfourth State of the Nation Address(SONA): Invest in the country’s agriculture sector. Marcos encouraged investments in automobile manufacturing, construction, textile industry, among others, before putting an emphasis on agriculture. “Ngunit nananawagan pa rin ako sa ating mga negosyante: mamuhunan kayo sa ating agrikultura.(But I’m still I calling on our businessmen, invest in our agriculture),”said Marcos on Monday, July 28. The President then extended the invitation to the international business community, saying “the Philippines is ready.” Agriculture Secretary Francisco Tiu Laurel Jr. has repeatedly pointed out the years-long neglect of the sector in terms of infrastructure and mechanization. Investments in agriculture, forestry, and fisheries dropped an average of 6% yearly from 2017 to 2022, according to thePhilippine Development Plan. Challenges such as logistics cost, land ownership issues, and non-compliance to international standards contribute to low investor confidence. Weak implementation of policies further aggravate this problem. Following his plea to the private sector, Marcos emphasized the support the government is providing the sector: continuedsubsidy for cheap rice, amendments to the coconut trust fund law, pending inoculation of hogs againstAfrican swine fever, seed development, among others. A recentreportfrom the World Bank found that the Philippine agriculture sector employs around 22% of the workforce, but remains the least productive sector and contributes the least to gross domestic product (GDP) growth. The agriculture and fisheries industrycontractedfor three consecutive quarters in 2024 amid theEl Niñoand consecutive tropical cyclones. While the sectorreboundedin the first quarter with 2.2% growth, it only contributed 0.2% to the 5.4% GDP. Despite this, the World bank noted that agribusiness activities have shown potential in the export market, with brands such asMalagos chocolateandVita Cocoexporting value-added agricultural products to high-value markets. Since 2005, agribusiness activities have been growing 5.2% and contributed $6.4 billion in exports in 2023. To further tap into the agricultural sector’s potential, the World Bank urged the Philippines to address factors limiting productivity such as limited farm-to-market connectivity and “misaligned incentives.” “Land tenure security, infrastructure, and climate resilience can increase efficiency and sustainability,” it wrote. Land tenure continues to be a struggle for many smallholder farmers. In his SONA, Marcos said the Department of Agrarian Reform is expediting the distribution of certificates of land ownership awards and condonation of beneficiaries’ debts. Agrarian reform has been criticized for redistributing small parcels of lands, when scaled food production requires clustered farmlands. For the World Bank, the land retention limits of five hectares per owner has limited the agriculture sector’s output by stalling the exit of underperforming producers. Although these restrictions aim to prevent the concentration of land ownership, solutions such as cooperatives and joint ventures can help boost productivity while preserving rural communities’ source of income. “The Department of Agriculture and [local government units] can unlock scale by streamlining support for cooperative formation, simplifying joint venture processes, and actively promoting models that lower entry barriers for commercial partnerships,” it wrote.– Rappler.com How does this make you feel?"
Beyond benteng bigas: Advocates slam Marcos’ weak agri efforts ahead of SONA 2025,https://www.rappler.com/moveph/advocates-slam-marcos-weak-agriculture-efforts-sona-2025/,2025-07-25T17:31:10+08:00,," SUMMARY This is AI generated summarization, which may have errors. For context, always refer to the full article. Raphael Reyes/Rappler MANILA, Philippines — Ahead of President Ferdinand Marcos Jr.’s State of the Nation Address (SONA), civil society leaders and experts gathered in thePhilippine Politicschat room of the Rappler app on Wednesday, July 23, to discuss Marcos Jr.’s unfulfilled promises on agricultural reform halfway through his term. In hisSONAlast year, Marcos Jr.claimedprogress in lowering food prices. However, food security and sustainability issues remain pressing concerns today. During the chat, Jeanne Marañon and Minerva San Miguel of IBON Foundation, Leo Espelimbergo of Water for the People Network (WPN), Amihan Mabalay of Samahan at Ugnayan ng mga Konsyumer para sa Ikauunlad ng Bayan (SUKI) Network, Kayla De Quiroz of the Council for People’s Development and Governance, and Prof. Neil Ryan Pancho of Ateneo de Davao University (AdDU) shared insights on the progress made by the administration and what gaps remain. In the Philippines, rising prices have strained many Filipinos, making it harder to afford basic needs despite governmentreportsof lower inflation. For SUKI spokesperson Mabalay, reports don’t match the reality felt in the pockets of everyday Filipinos, as hunger has risen to its highest level since the pandemic, based on aStratbase-SWS surveyconducted last March.[WATCH: EKONOMI-YUH: Does slower inflation mean lower prices?] Earlier this month, the governmentreportedthat the administration brought rice prices down, a step towards Marcos Jr.’s promise of lowering the cost of rice to P20 per kilo. But for AdDU professor Pancho, price caps are a palliative measure, a short-term fix that fails to address the structural problems in the country’s rice industry. The Benteng Bigas Meron Na (BBM) program, offering P20-per-kilo rice, is one such initiative. But as Mabalay argued, its limited locations and restricted beneficiary lists make it inaccessible to many Filipinos. During the chat, a participant from Malaybalay, Bukidnon, shared that P20-per-kilo rice is available in their area. However, it operates only two days during each sale, usually held once a month or every three months, and when there’s a special occasion. These rice sales are part of theKadiwa programof the agriculture department, which aims to ensure the availability and affordability of food for Filipinos. But while the program aims to ease the burden of rising food prices, the scheduled sales, purchase limits per family, and eligibility requirements, which Mabalay also pointed out, limit access for many Filipinos. In April, the administrationannouncedplans to expand Kadiwa stores, targeting 1,500 locations nationwide by 2028 as part of its efforts to improve food accessibility and affordability. However, CPDG Media and Communications Officer De Quiroz criticized the Kadiwa program as a temporary fix that prioritized quick publicity rather than lasting impact. “At the end of the day,ando’n pa rin ang problema ng mataas na presyo ng bigas sa merkado at ang ang hirap na lokal na magsasaka sa pagbenta ng bigas na ani nila sa merkado,” said De Quiroz. (At the end of the day, the problem of high rice prices in the market and the difficulties local farmers face in selling their harvest remain.) Inflation in May this year recently hit itslowestsince November 2019, based on the reports of the Philippine Statistics Authority (PSA). While rice imports havedecreasedin the first quarter of 2025, challenges remain in balancing affordable prices for consumers and adequate support for producers. For De Quiroz, the agricultural efforts of the government are not sustainable as local farmers are forced to compete with cheaper rice from international markets. She also voiced concern that the government focused more on cheap imports instead of supporting local farmers. Other agricultural groupssharethis concern, attributing the ongoing decline in palay prices to the influx of cheap imported rice, even after the peak harvest season. Another issue exposed by the low rice prices, noted by IBON researcher Marañon, is that agriculture now accounts for thesmallest shareof the country’s GDP. She attributed this largely to the country’s long-standing reliance on imports, which discouraged investment in local farming and weakened the domestic agricultural sector. Pancho sees importation as an easy way to satisfy consumers’ demand under the open market system. But he warned that without enough support for local farmers, farmland might decrease over time. De Quiroz shared similar concerns, noting that the government chooses to import rice rather than amend the Rice Tariffication Law, a legislation that has long beencriticizedfor benefiting only privileged importers and traders. Hard data from the agriculture department and PSA show that Calabarzon’s agricultural land declined from588,500 hectaresin 2002 to just 110,538 hectares in 2021, threatening food security and killing the livelihoods of local farmers. House bills aimed at strengthening agriculture and food security were currently pending in Congress. Among these are the Genuine Agrarian Reform Bill and the Rice Industry Development Act (RIDA), both long championed by the Makabayan bloc. However, advocates believe agriculture is not a priority for the Marcos Jr. administration. This lack of political support pushed civil society and advocacy groups to step up their efforts. IBON conducts research and provides sustainable alternatives that will benefit the majority. One of its initiatives supports local farmers by helping them sell directly to consumers throughbungkalan-bagsakanfairs. Meanwhile, SUKI remains active in running information campaigns and organizing collective actions that urge the government to prioritize public service before profit. Beyond advocacy, urgent political reforms are needed. For De Quiroz and Marañon, this involves holding accountable those responsible for human rights abuses and corruption. Marañon also emphasized the strong need to elect people who truly represent Filipinos. More is yet to be done for food security from an administration that claims to prioritize it. But as the nation listens to Marcos Jr. on Monday, will his words match Filipinos’ urgent needs? Download the Rappler app for free on thePlay StoreorApp Storeand share your thoughts in thePhilippine Politicschat room.– Rappler.com   How does this make you feel?"
"[Time Trowel] The Ifugao Rice Terraces are not 2,000 years old",https://www.rappler.com/voices/thought-leaders/time-trowel-ifugao-rice-terraces-age/,2025-07-20T11:00:00+08:00,," SUMMARY This is AI generated summarization, which may have errors. For context, always refer to the full article. Marian Hukom/Rappler A trowel (/ˈtraʊ.əl/), in the hands of an archaeologist, is like a trusty sidekick – a tiny, yet mighty, instrument that uncovers ancient secrets, one well-placed scoop at a time. It’s the Sherlock Holmes of the excavation site, revealing clues about the past with every delicate swipe. Do you know how the Ifugao were able to resist multiple attempts by the Spanish at conquest? It was their strategic shift to rice production and the building of terraces, though definitely not the 2,000-year-old dating so often claimed. That point came up this past week when two friends, UP professor Rae Macapagal and food advocate John Sherwin Felix, tagged me on Facebook posts repeating the claim that the Ifugao Rice Terraces are 2,000 years old. John Sherwin also flagged amislabeled photo circulating onlinethat claims to show the Ifugao terraces but actually depicts terraces in China. This is exactly why it is necessary to share well-supported information. Marlon Martin, an Ifugao cultural heritage advocate, and I have often explained over the past decade — whether in writing, at conferences, in classrooms, or in community meetings — that the terraces are not 2,000 years old. Yet, the 2,000-year-origin myth persists. Let’s look at what the evidence tells us. When people picture the Ifugao Rice Terraces, they see the green, stepped mountainsides of Banaue. They look timeless. But appearance alone doesn’t prove age. Our team wanted to test the 2,000-year claim. If the terraces really were that old, we would expect deep soils built up over centuries, ancient irrigation systems, old rice grains, and radiocarbon dates going back two millennia. Instead, our analyses of soils, walls, and irrigation features show a much younger construction — around 200 years for the Banaue terraces. The soils are shallow and uniform.Radiocarbon dates cluster within the last two centuries. Energetics modeling even shows that the Batad Terraces, one of the most celebrated UNESCO sites, could have been built in less than 30 years with 50 people working 6.5 hours a day, six days a week. This timeline does not diminish their significance. In fact, it highlights the ingenuity and collective effort of Ifugao communities, who transformed entire mountainsides through communal labor, engineering skill, and cooperation. We also examined the Old Kiyyangan Village, one of the oldest known Ifugao settlements. If wet-rice terrace farming had been central for 2,000 years, we would expect clear evidence there. But there is none: no ancient rice grains or husks, no rice phytoliths, no seeds of grasses that thrive in the same ecology as rice in flooded paddies. Instead,residues in old pots show taro(aba/gabi), a crop that grows in wet conditions without needing complex terraces. For generations, Ifugao communities fed themselves with crops that didn’t require large-scale landscape modification. The 2,000-year claim about the Ifugao Rice Terraces didn’t come from archaeological evidence. Instead, it took shape in the early 20th century, beginning with American teacher and self-trained ethnographer Roy F. Barton. He listened carefully to Ifugao elders, who described the terraces as “old.” And they are old — ancestral, important, deeply embedded in Ifugao identity. As Marlon Martin explains: “It was the American anthropologists who said the terraces are 2,000 years old. Not the Ifugao. The Ifugao said the terraces are old, but my grandmother is old. We don’t reckon ‘old’ through numbers.” Ifugao ideas of age are relational rather than numerical. Recognizing this difference helps us avoid imposing outside concepts onto local histories. Later, H. Otley Beyer, an early American archaeologist, transformed Barton’s broad sense of “old” into a sweeping migration theory. He envisioned waves of migrants bringing civilization and assigned the terraces an age of 2,000 to 3,000 years. But these were speculative estimates, not evidence-based conclusions. Beyer worked without radiocarbon dating, stratigraphic studies of the terraces, or analysis of ancient rice grains. Despite this, his estimate entered textbooks and tourism materials, solidifying into “fact.” By tracing how these claims developed, we can be more careful about how we talk about the past — and better respect the histories and perspectives of the Ifugao themselves. Rice only appears in the archaeological record around 400 years ago or later. Radiocarbon dates from terraces cluster within the last 200 to 400 years. Spanish records describe rice as a trade item, appearing in Ifugao contexts alongside growing political complexity. In fact, mentions of rice andrice terraces in Ifugao only appeared in an 1801 document, even though the Spanish had been active in the region since the mid-1700s. The terraces were something you would expect them to write home about, but no one did. Or maybe they simply were not there yet. What does this mean? This means Ifugao communities didn’t set out 2,000 years ago to build terraces and plant rice every day for millennia. Instead, they developed a farming system that made sense for their needs, their environment, and their values. Intensive wet-rice cultivation requires constant labor and careful coordination, a commitment that would have shaped every aspect of daily life. By thinking carefully about when and how to intensify rice production, Ifugao communities balanced farming with other priorities: adopting new technologies, developing artistic traditions, forming social networks, and building political alliances. Unlike kingdoms in Cambodia, Thailand, or Vietnam that built large irrigation systems tied to central power and monumental architecture, the Ifugao chose a different path. They did not build palaces or temples. Their monuments are the terraces themselves, carefully engineered and maintained through collective labor. They organized a decentralized yet highly cooperative society, able to mobilize quickly when needed. The construction of terraces was adeliberate strategy to strengthen independence. When Spanish expeditions tried to conquer the highlands, they failed. Ifugao communities had food surpluses, resilient social networks, and strong defensive organization. This is why the age debate matters. This goes beyond academic debate. It is about recognizing and respecting Ifugao history on its own terms, their choices, strategies, and creativity. Rather than trapping Ifugao communities in an imagined 2,000-year-old past, let’s understand how terrace-building was a dynamic response to real historical challenges. The idea that these terraces are static relics ignores what they truly represent: living evidence of adaptation, resistance, and ingenuity, especially during the colonial period when their expansion was most significant. A 200-year-old terrace is not less meaningful than one supposedly 2,000 years old. It reveals how communities confronted new pressures with skill and strategy, mobilized collective labor to reshape entire mountainsides, and strengthened their independence. The real story is even more compelling. These terraces were not built to enrich colonial powers or pay tribute. They displayed a strategy of resistance. Picture entire communities deliberately transforming the landscape, not for an overlord, but to secure their freedom. Every carved step demonstrates their determination to remain self-governing. Rice was power as much as it was food. It sustained independence and underlined their refusal to submit to foreign control. That is the legacy the Ifugao have carried forward: a heritage defined by defiance, ingenuity, and the will to remain free. It is a story that deserves to be understood, taught, and honored. When you encounter claims that the terraces are 2,000 years old, pause and ask what the evidence actually shows. Consider what richer, more meaningful story might emerge if we look more carefully.– Rappler.com Stephen B. Acabado is professor of anthropology at the University of California-Los Angeles. He directs the Ifugao and Bicol Archaeological Projects, research programs that engage community stakeholders. He grew up in Tinambac, Camarines Sur. Follow him on bluesky @stephenacabado.bsky.social. How does this make you feel?"
[OPINION] Why the Philippine Agriculturists Act gets rural development wrong,https://www.rappler.com/voices/thought-leaders/why-philippine-agriculturists-act-gets-rural-development-wrong/,2025-07-13T11:20:04+08:00,," SUMMARY This is AI generated summarization, which may have errors. For context, always refer to the full article. A new and highly controversial national law,Republic Act No. 12215 (Philippine Agriculturist Act), has stirred deep concern among educators, researchers, and practitioners in the field of rural sociology. Briefly, the law mandates that anyone engaged in teaching, training, research, or even selling agricultural products must be a registered agriculturist. While the intent to professionalize the agriculture sector is laudable, its blanket application reveals a narrow and technical conceptualization of what it means to work in agriculture – one that sidelines the social, cultural, and human dimensions of rural life. As a rural sociologist teaching in the College of Agriculture and Food Science, I find myself at the center of this dilemma. The courses we handle do not focus on crop science or livestock production. Instead, we engage students in critically analyzing the human dimensions of agricultural systems: land tenure, migration, social inequality, poverty, gender relations, local knowledge, and globalization, among others. We engage students in understanding the multiple and evolving meanings of “rural” – examining how it is shaped by historical processes, social structures, development paradigms, and global-local interactions. Yet under RA No. 12215, we are now required to take the Agriculturist Licensure Examination to continue doing what we have always done – despite already holding an MS or PhD in Rural Sociology and having dedicated our professional life to the study and advancement of rural societies. Does passing a technical board exam on crop protection, soil science, and animal science make us more qualified to teach about the sociopolitical drivers of rural transformation? Will it improve our ability to guide students in understanding the lived realities of rural Filipinos? Perhaps marginally –— but the effort required to prepare for an exam that is far outside our discipline and expertise is not only arduous, it is also misaligned with the kind of education rural sociologists are tasked to deliver. Sadly, it devalues the contributions of the social sciences in the agricultural sphere by equating agricultural expertise solely with biological or technical knowledge. This law unintentionally silences interdisciplinary voices in agriculture, particularly those that focus on the human condition. It reinforces a view that reduces the contributions of rural studies, instead of embracing the complex realities that social scientists work hard to illuminate. It marginalizes rural sociologists, anthropologists, and other scholars who contribute critical insights that are essential for crafting inclusive and sustainable rural futures. We need to recognize Rural Sociology and related disciplines as essential but non-technical fields within agricultural education and development. This can be done through explicit exemptions for educators and researchers in the social sciences who do not handle technical agricultural content but focus on the socio-cultural, economic, and political aspects of rural life. We need a pathway that would allow scholars from diverse fields to continue their work without being forced into a one-size-fits-all licensure model that does not reflect the interdisciplinary nature of agricultural development. RA No. 12215 forces us to ask: What kind of agricultural education and research do we value as a society? And who gets to be called an “expert” in the rural world? –Rappler.com Irene Tanzo is a faculty member of the Division of Agricultural Extension and Rural Studies at the University of the Philippines Los Baños. She holds a doctorate in rural sociology from Pennsylvania State University. This opinion piece has been republished from theoriginal postwith the author’s permission. How does this make you feel?"
Pangilinan eyes Senate agri committee. Will Villar inherit post from her mother?,https://www.rappler.com/newsbreak/inside-track/kiko-pangilinan-eyes-senate-agriculture-committee/,2025-07-12T09:00:00+08:00,," SUMMARY This is AI generated summarization, which may have errors. For context, always refer to the full article. After Senator Kiko Pangilinan ran and won on a campaign hinged on food security, the natural next step is for him to head the Senate committee on agriculture, food, and agrarian reform. Recent talks of Pangilinan and Senator Bam Aquino joining theSenate majorityonly demonstrate how crucial it is for the opposition to have Pangilinan clinch this post and have Aquino bag the education committee. What could thwart these plans is if neophyte senator Camille Villar inherits the chairpersonship of the Senate committee on agriculture from her mother, outgoing senator Cynthia Villar. In 2017,Cynthia Villar replaced Pangilinanas chairperson of the agriculture committee and has held the position ever since. Camille has not publicly categorically expressed her desire or plan to assume the post her mother held. But in the past, she had vaguely referred to continuing her mother’s efforts in the sector. “[T]alagang ibinilin niya po na kung pagpapalain tayo ay ipagpapatuloy natin ‘yung tulong, lalong-lalo na sa sektor ng agrikultura,”she said in an April interview with a local media based in Pampanga, weeks before the 2025 midterm polls. (She specifically left word saying that if I win, I should continue the assistance, especially in the agriculture sector.) If this is a track that Camille will pursue in the Senate, one thing working against her is the Marcos administration’s efforts to restore the National Food Authority’s mandate by amending the Rice Tariffication Law (RTL). Recall that it was her mother Cynthia who authored and sponsored the RTL, which stripped the NFA of its power to import rice and reduced its task to buying local palay and storing buffer stocks for disasters and emergencies. The Department of Agriculture, the National Food Authority, and President Ferdinand Marcos Jr. backed the call to amend the law and restore the NFA’s powers to import and distribute rice. It is, needless to say, a huge priority for the Marcos administration that promised affordable rice. And almost everybody is on board for the changes they want — except, it seems, the Senate. “Kaya po noon pa po hinihiling ng administrasyon na magbigay po ng power, magkaroon po ng amendments ang RTL patungkol po sa karapatan at authority at power ng NFA. Pero ito ay hinadlangan po ni Senator Cynthia Villar,”Communications Undersecretary Claire Castrosaidin a Malacañang briefing in April. (That’s why it’s been a long time since the administration asked that RTL be amended and NFA be given its right, authority, and power. But this is being blocked by Senator Cynthia Villar.) In response, Cynthia Villarissued a statementthat said restoring the NFA’s mandate is “not necessary.” Villar said the NFA’s rice distribution “had little influence on rice prices” and pointed out inefficiencies in targeting and failures in importations. To note, RTL was recently amended in 2024. This version extended the rice fund until 2031 and increased its allocation from P10 billion to P30 billion. It also enabled the NFA to release rice (for other government agencies and local governments to sell it) after a declaration of a food security emergency. Before the 20th Congress starts, both Senate President Chiz Escudero and House Speaker Martin Romualdez had already proposed another round of amendments. When Villar’s RTL was enacted in 2019, it was hailed as a“game-changer”for opening up the Philippine rice market. The government was optimistic it would make Filipino farmerscompetitiveagainst rice-producing neighbors. The winds have clearly shifted. This administration wants the NFA to be a tool for the state to intervene in the market. Pangilinan himself recentlyfiled a resolutionseeking the NFA’s regulatory and market intervention powers — a departure from hisposition in 2024,when he said this is a “sure fire formula for drowning the agency in crippling debt” and an opportunity for “massive corruption” to happen. Meanwhile, Camille Villar’s priority legislation is a motley of bills concerning health, labor, digital safety, tourism, disasters. “Walang kulay ang gutom,”Pangilinan repeatedly said in the past. (Hunger does not wear political colors.) It was the message of avideo of compiled soundbitesposted Friday, July 11, on his official page. In one of the clips, an excerpt from an interview, Pangilinan said the legislative and executive branches must work together to address the rising prices of food. Hunger should not be a partisan issue. But it remains political — like the moving parts of the Senate gearing for 2028.– Rappler.com How does this make you feel?"
WATCH: Marcos’ P20/kilo rice promise fulfilled? Yes and no.,https://www.rappler.com/newsbreak/podcasts-videos/video-marcos-rice-promise-fulfilled/,2025-07-11T10:39:24+08:00,," MANILA, Philippines – President Ferdinand Marcos Jr. will proceed to his fourth State of the Nation Address with his P20/kilo rice promise — more or less — fulfilled. The government has so far made P20/kilo rice available in select Kadiwa stores, towns, and provinces. Rappler’s Iya Gozum retraces the administration’s rice policies, ranging from tariff cuts to the declaration of a food emergency, to see how this happened.– Rappler.com How does this make you feel?"
Group blames cheap imported rice for drop in palay prices,https://www.rappler.com/philippines/group-blames-cheap-imported-rice-drop-palay-prices-july-2025/,2025-07-03T10:45:46+08:00,," SUMMARY This is AI generated summarization, which may have errors. For context, always refer to the full article. STAPLE. Rice are sold at varying prices, from P29/kilo Kadiwa rice to P59/kilo imported, at the Kamuning Market in Quezon City on February 11, 2025. Jire Carreon/Rappler MANILA, Philippines – Agricultural group Sinag attributed on Wednesday, July 2, the drop in palay prices, reported to range from P8 to P12 per kilo, to the “flooding” of cheap imported rice in the market. “Peak harvest is over, yet palay prices continued to drop,” the group said in a statement. They said reports of dropped prices came from farmers based in Bulacan, Nueva Ecija, and Pangasinan. “Millers are only buying palay, maximum P15 to 16 per kilo because of the influx of imported rice with landed cost of only P26 to 28 per kilo,” they added. Sinag echoed the call for the institutionalization of afloor price— P17 per kilo for fresh palay and P23 per kilo for dry palay — a higher palay procurement budget at P40 billion, and distribution of cash incentives from excess rice tariff collections. Federation of Free Farmers Cooperative chief Raul Montemayor pointed out in a radio DZBB interview on Wednesday that majority of farmers continue to sell to private traders who buy at low prices since the National Food Authority (NFA) can only buy palay at a limited amount. “‘Yung pera nila at saka ‘yung kakayahan nilang kumuha, hanggang 5% lang ng ani,”said Montemayor.“Kaya kahit sabihin nilang hindi magbababa ng presyo ang NFA, hindi nga magbaba pero ilan lang naman ang makakapagbenta sa NFA.” (Their budget and capacity can only buy up to 5% of the harvest. So, even though they say NFA will not reduce its buying price, only a few farmers can sell to the NFA.) Montemayor said some farmers have, in the meantime, stored their palay in hopes of better prices but to no avail. “[M]arami ngang nagsasabi parang kung hindi man sila titigil magtanim, baka i-re-reduce nila ‘yung kanilang pagtatanim dahil bakit pa sila magtatanim palugi naman ‘yung presyo,”he said. Moreover, he said some farmers may be considering selling their land or engaging in other livelihood activities. (READ:DA eyes record-high palay output in 2025 after a year of droughts, storms) (Many say that they might just reduce planting if prices remain like this.) Department of Agriculture spokesman Arnel de Mesa said in a press briefing Wednesday that the agency will be requesting for the balance of P15 billion from the excess tariff collections. Theamended Agricultural Tariffication Actspecifies that P15 billion out of the P30-billion annual allocation for the Rice Competitiveness Enhancement Fund will serve priority programs for rice farmers including financial and credit assistance. “The allocation, of course, we cannot say how much will go to each one, that will depend later on with the President’s approval,” De Mesa said in a mix of Filipino and English. The DA maintains the gradual increase of rice tariffs from 15% to 35% so as not to “shock the market.” De Mesa said that as of June 26, total rice importations reached 2.17 million metric tons, 7% lower than in the same period last year at 2.34 million metrics tons.– Rappler.com How does this make you feel?"
[Time Trowel] Ube: History you can eat,https://www.rappler.com/voices/thought-leaders/time-trowel-ube-yam-history-you-can-eat/,2025-06-15T11:00:00+08:00,," SUMMARY This is AI generated summarization, which may have errors. For context, always refer to the full article. A trowel (/ˈtraʊ.əl/), in the hands of an archaeologist, is like a trusty sidekick – a tiny, yet mighty, instrument that uncovers ancient secrets, one well-placed scoop at a time. It’s the Sherlock Holmes of the excavation site, revealing clues about the past with every delicate swipe. There is a quiet joy I experience every time I watch someone taste ube ice cream or cheesecake for the first time. The surprise, then curiosity, then the inevitable question — What is this? — always follow. For those of us who grew up with ube in halo-halo, puto, or as halaya, ube carries layers of meaning: kitchens bustling with activity, family gatherings, the rhythm of life marked by food. As an archaeologist, though, I see ube as something more. It is a window through which we can understand the deep past of the Philippines and Southeast Asia. Ube (Dioscorea alata) is a true yam, native to this region, cultivated and carried by seafaring peoples for millennia. Yet, for too long, archaeologists and historians have had a fixation on wet rice agriculture, often framing it as the singular marker of complexity and civilization. This narrative persists despite the lack of solid evidence that paddy rice was cultivated in the Philippines earlier than about 700 years ago. Dr. Victor Paz(1967–2024) urged us to shift our attention to other cultivars — plants like yam, taro, pili (Canarium indicum), and millet — that sustained communities long before irrigated rice. Archaeological records show thatDioscorea alatawasdomesticated in Island Southeast Asia as early as 11,000 years agoand was central to the foodways of those who crossed seas with it. This deep history challenges familiar narratives. Crops like ube bring to light histories of adaptation, innovation, and knowledge sharing, stories that challenge the narrow rice-centered view of our agricultural past. Each bite of ube reflects how the plants we value and the histories we study shape our understanding of identity and place. Over time, it became one of the key crops transported by sea-faring communities. Beginning more than 4,000 years ago, these voyagers spread plants, technologies, and cultural practices across the Pacific and Indian Oceans. In the Philippines, ube appears in archaeological records in the Batanes Islands by about 3,500 years ago, associated with some of the earliest farming communities in the region. Yet, to appreciate ube’s significance, it helps to understand what it is — and what it is not. Ube, often confused with sweet potato (camote), has a distinct story. Sweet potato, from the Americas, arrived only after the 16th century. Taro (gabi), likely native to Island Southeast Asia, features in dishes such as laing. Ube adapted widely due to its tolerance of different climates and soils. Together, ube, taro, and sweet potato form part of a broader food security strategy across the tropics. Taro thrives in wet conditions. Camote grows quickly and is vitamin-rich. Ube is hardy, tolerates poor soils, stores well, and grows vertically — ideal for intercropping and small plots. The presence of ube in Hawaii (uhi) and Madagascar (ovy) reflects how people carried resilient plants across oceans. Ube does not require flat, irrigated fields like wet rice. It thrives in sloping or rocky soils and can be harvested according to local needs. Once harvested, it stores well without refrigeration. In Batanes, the northernmost province of the Philippines, ube (known asuvi) remains part of daily life. Ivatan communities cultivate uvi in plots adapted to limestone soils. Tubers are stored in cool caves or pits to ensure a steady food supply. Uvi is eaten boiled or mashed, often as a staple in place of rice. In this context, uvi reflects adaptation to local environments and deep agricultural knowledge. Although global audiences now associate ube with its vivid violet hue, not all varieties are purple; some are white or pale lavender. These continue to be cultivated across the Philippines, often for home use or local markets. The global rise of deep purple ube is linked to its visual appeal and role in desserts, thanks to anthocyanins. Ube’s recent international famestems from multiple factors. Filipino food has gained visibility abroad, thanks to migration and the creativity of chefs. Desserts like halo-halo, with its layers of sweet beans, jellies, fruits, shaved ice, and evaporated milk, often feature a scoop of ube ice cream. As more non-Filipinos tried halo-halo, interest in ube grew. Ube soon appeared in cafés and bakeries as doughnuts, cheesecakes, cookies, and lattés. Its visual appeal helped. The striking purple photographs well on social media. But flavor and versatility sustain its popularity. Ube pairs well with dairy-based desserts and fits easily into modern fusion cuisine. At the same time, the tuber is rich in complex carbohydrates and antioxidants, making it marketable as both indulgent and health-conscious. What sets ube apart is its ability to bridge old and new, rural and urban, traditional and trendy. For many Filipinos, it remains tied to family gatherings and heritage recipes. Ube halaya is still made at home, with long hours of stirring and careful preparation. At the same time, ube has become the base of bold culinary experiments. Through all this, it maintains its connection to identity and place. Unlike rice, ube was never the focus of nationalistagricultural programs. It was not industrialized or subjected to colonial taxation. It remained in home gardens, seasonal plots, and family recipes. Perhaps this helped preserve its diversity. Without the pressures of large-scale monocropping, farmers maintained a wide range of varieties suited to local needs. Today, amid climate change and food insecurity, crops like ube deserve renewed attention. They require fewer resources to grow, support local economies, and offer alternatives to industrial food systems. Ube represents a different agricultural history – rooted in mobility, knowledge sharing, and adaptation. There is a certain irony in ube becoming globally famous before gaining full appreciation at home. But perhaps this global success can bring more recognition to the landscapes and communities that have nurtured it for centuries. Whether in the Batanes Islands, on kitchen tables during holidays, or behind bakery counters in New York or Tokyo, ube connects the past and present. It tells a story of movement, memory, and care. For me, this story is also personal. Victor Paz helped lay the foundation for this way of seeing Philippine deep history. He was among the first to urge us to look beyond rice, to value crops like yam, taro, and pili, and to tell more honest stories about the complexity of our agricultural past. Victor also helped develop an aspect of my dissertation research — a gift I carry to this day. As I write about ube, I cannot help but think of him. His work continues to guide those of us committed to uncovering histories rooted in the land, in plants, and in the hands of those who have cultivated them for millennia.– Rappler.com Stephen B. Acabado is professor of anthropology at the University of California-Los Angeles. He directs the Ifugao and Bicol Archaeological Projects, research programs that engage community stakeholders. He grew up in Tinambac, Camarines Sur. Follow him on bluesky @stephenacabado.bsky.social. How does this make you feel?"
Gov’t pilots rice crop insurance using satellite data,https://www.rappler.com/philippines/govt-pilots-rice-crop-insurance-using-satellite-data/,2025-06-10T09:54:56+08:00,," SUMMARY This is AI generated summarization, which may have errors. For context, always refer to the full article. LAGUNA, Philippines – The Philippine government is piloting a crop insurance program using satellite technology for 1,000 rice farmers in Camarines Sur and Isabela, in a bid to speed up claims and produce impartial assessments. Crop insurance helps farmers recover after a disaster. The use of satellite data can help eliminate the need for on-site damage assessment. The pilot was launched on Monday, June 9, after the Philippine Crop Insurance Corporation, Philippine Rice Research Institute, Philippine Atmospheric Geophysical and Astronomical Services Administration, International Rice Research Institute (IRRI), and the International Center for Tropical Agriculture signed a memorandum of agreement. The program, called Area-Based Yield Index Insurance, uses historical seasonal rice yield data from the Philippine Rice Information System. Aside from damage assessment, the government expects the technology to provide useful advisories to farmers based on weather forecasts. This, IRRI Director General Yvonne Pinto told reporters on Monday, “enables us to predict the reliability of yields and the performance of the material in the field…the risks associated with extreme weather events that affect farmers.” Filipino farmers are vulnerable to droughts and typhoons. In fact, agricultural production loss hitP57.8 billion in 2024due to El Niño, pests and diseases, volcanic activities, and tropical cyclones. The government conducted simulations in six towns during the dry season from 2023 to 2024 and the wet season in 2024. “The technology is an integrated part of any investment in disaster risk management,” Qingfeng Zhang, senior director at the Asian Development Bank, said in the same press briefing. Zhang said the ADB has invested “more than $500 million” in 2024 on early warning systems, agriculture insurance, and infrastructure support.– Rappler.com How does this make you feel?"
ADB to invest $500M to cut down PH rice sector emissions,https://www.rappler.com/environment/adb-invest-cut-down-emissions-rice-sector/,2025-06-09T17:26:51+08:00,," SUMMARY This is AI generated summarization, which may have errors. For context, always refer to the full article. TRADITIONAL RICE. Farm workers in Kabankalan City collect stalks of the Red64 rice variety cultivated by Central Philippines State University in February 2023. Reymund Titong/Rappler MANILA, Philippines – The Asian Development Bank (ADB) is set to invest $500 million in the Philippines’ rice sector to help cut down emissions from production. This is part of ADB’s broader plan to pour $1.5 billion across the Asia Pacific region — and a total of$40 billion by 2030to make the global food production resilient against the mounting climate crisis and extreme weather events. “We’re going to integrate water management, policy change, biodiversity conservation, alongside with the sustainable rice farming,” Qingfeng Zhang, senior director at ADB, told reporters Monday, June 9. Zhang said this fund will be used for “irrigation, rice farming, and agricultural logistical development.” Aside from the Philippines, other countries covered by ADB’s $1.5-billion investment are Bangladesh, Cambodia, China, and Pakistan. As the world amps up efforts to reduce emissions, the agriculture sector has to keep up but without harming global food production. Currently, rice production accounts for 1.5% of the world’s greenhouse gas emissions, according to the International Rice Research Institute. Rice production also eats up 40% of the global freshwater supply. Methane, a powerful greenhouse gas, is emitted from flooded rice paddies when bacteria breaks down organic matter due to lack of oxygen. Coal, natural gas, and oil production also contribute methane emissions. Making the rice sector resilient to climate shocks would require new ways to grow it — such as developing varieties that consume less resources but withstand extreme weather events, pests and diseases. “They are also going to be nutritious and they are also going to be friendly to the environment by saving water, by ensuring the emissions are less,” Yvonne Pinto, IRRI’s director general, said on Monday. Pinto said there is a “tremendous opportunity” in Asia to “create some stability in the food system to be able to provide for future generations.” IRRI is working with ADB through the Consortium of International Agricultural Research Centers in establishing a clearinghouse facility as part of the $1.5-billion project.– Rappler.com How does this make you feel?"
"If Comelec allows, DA to launch P20/kilo rice program on May 1",https://www.rappler.com/philippines/if-comelec-allows-department-agriculture-launch-rice-program-may-2025/,2025-04-29T14:50:28+08:00,," SUMMARY This is AI generated summarization, which may have errors. For context, always refer to the full article. TASTE TEST. Agriculture Secretary Francisco Tiu Laurel Jr. samples NFA rice during a press briefing on April 29, 2025 with other DA officials. Iya Gozum/Rappler MANILA, Philippines – The implementation of the Department of Agriculture’s (DA) P20/kilo rice program in Visayas, Negros Island Region, and select Kadiwa centers will depend on whether or not the Commission on Elections (Comelec) will allow the sale of subsidized rice before the May 12, 2025 midterm polls. The DA has set the launch of the rice program in Cebu on Thursday, May 1. For Kadiwa sites, the government has targeted the launch on Friday, May 2. Agriculture Secretary Francisco Tiu Laurel Jr. said they are awaiting the Comelec’s ruling on whether the P20/kilo rice sale in Kadiwa sites will be exempted from the election spending ban. “Kung hindi talaga pwede ito, susunod kasi tayo sa Comelec at uumpisahan na lang ang bentahan matapos ang halalan,”Tiu Laurel said in a presser on Tuesday, April 29. (If this will not be allowed, we will have to follow Comelec and start selling after the elections.) The DA already secured anexemption from the election spending banfrom the Comelec last week. However, the poll body said local governments participating in the subsidized rice program will have to separately request exemptions from them. It is not yet clear if the sale of rice will have to be delayed even if the launch in Cebu takes place, in case the Comelec does not give an exemption to local governments. “We might cancel it or just launch itlang na since we’re prepared na, ‘di ba?(or just launch it since we’re already prepared)” Tiu Laurel told reporters. The agriculture secretary announced previously that they will implement a P20/kilo rice program in the Visayas. Supply will come from National Food Authority (NFA) warehouses, which currently store 370,000 metric tons of rice. Purchase of NFA rice under this program is limited to 30 kilos per month. On Monday, April 28, the DA said they would also launch the P20/kilo rice program in Kadiwa centers. This will replace the P29/kilo rice currently sold at Kadiwa sites. If the P20/kilo rice sale pushes through at Kadiwa centers on May 2, it will be launched in eight sites in Metro Manila, said DA Assistant Secretary Genevieve E. Velicaria-Guevarra. Only vulnerable sectors can purchase at P20/kilo rice at Kadiwa sites, including senior citizens, persons with disability, solo parents, and beneficiaries of the Pantawid Pamilyang Pilipino Program. These Kadiwa centers are located at: Funding for the subsidized NFA rice program came from the Office of the President’s contingency fund, according to Tiu Laurel, at P5 billion. Tiu Laurel estimates the government losing P10 to 12 billion in order to sell NFA rice this cheap. The program will last until the end of December. “Sa ngayon, kung di namin mabenta ‘yan, at mabulok ‘yan sa aming warehouses, walang value ‘yan. P3 na lang per kilo yan,”Tiu Laurel said.“Sinubukan namin ibenta ng P33 peso ‘yan, hindi naman kumagat dahil bumaba na rin yung presyo ng bigas.” (Now, if we can’t sell that and it rots in our warehouses, it loses its value. We tried selling it at P33, it did not catch on because rice prices also dropped.) The government sold NFA rice at P33/kilo to participating local governments after it announced afood security emergencyin February. This is part of the DA’s efforts to dispose of NFA rice stocks given warehouses are already at full capacity. – Rappler.com How does this make you feel?"
"[Good Business] Puso ng saging, puso ng tao: How loob shapes kapwa at Villa Socorro Farm",https://www.rappler.com/business/villa-socorro-farm-pagsanjan-laguna/,2025-04-03T13:30:02+08:00,," SUMMARY This is AI generated summarization, which may have errors. For context, always refer to the full article. Villa Socorro Farm/Rappler Have you ever considered the farmer whose hands nurtured the rice in your morning meal? Or wondered if the elder who taught a young villager to plant their first seedling realizes how that simple lesson grew into a lifetime of harvests? Often, the connections in our food systems carry this kind of imbalance. The grower might tend thousands of plants without knowing whose tables they will grace, while we savor fruits whose origins remain faceless to us. This asymmetry, so fundamental to agricultural life, takes on an extraordinary form at Villa Socorro Farm (VSF), where one man’sloóbhas touched many, creating a sharedkapwathat thrives like the heart of theirsabatrees. At Villa Socorro Farm, thepuso ng saging(heart of the banana) andpuso ng tao(person’s heart) nurture each other in silent harmony, hidden from view yet giving life to everything that flourishes above the soil. With Villa Socorro Farm’s core, Sir Mars Aaron, whoseloób, strengthened through years of corporate success and personal reflection, brought him back to his first love: farming. His journey from Unilever to the rural heart of Pagsanjan, Laguna, was less of a career shift and more of a return to his roots. A post shared by Villa Socorro Farm (@villasocorrofarm) His decision to establish VSF as an agri-social enterprise wasn’t purely business-driven; it was a reflection of his strengthenedloób, one that sought to uplift the farming community around him. Sir Mars’ son, Sir Raymund Aaron, carried this familialloóbinto his own journey. While Sir Mars laid the groundwork, Sir Raymund nurtured it by fusing his education in social entrepreneurship with the values his father instilled. A post shared by Villa Socorro Farm (@villasocorrofarm) This passing ofloóbnot only shaped VSF’s direction but deeply influenced the partner farmers and employees who are now part of their ecosystem. Farmers like Tatay Golem and Kuya Joseph have intertwined their ownloóbswith that of the Aarons, fostering a culture that is more family than farm. Beyond banana chips production, farmstays and farm-centered activities, VSF takes pride in a culture of trust and respect. Partner farmers aren’t bound by strict quotas or pressured by rigid timelines; they deliver what they can, when they can. Employees describe their bond as one of siblings(pagiging magkakapatid), sharing meals, laughter, and life beyond the workplace. A post shared by Villa Socorro Farm (@villasocorrofarm) This dynamic didn’t emerge by accident. Through everyday interactions, Sir Raymund’sloóbgradually wove itself into the fabric of their community, creating a collectivekapwa. Farmers like Kuya Joseph have actively encouraged others in their communities to start plantingsaba, transforming idle spaces into sources of livelihood. The flow ofloóbs, one feeding into another, has built a sturdy trunk of interconnected lives that holds VSF steady through time. The banana tree’s cycle mirrors the rhythm of VSF’s relationships. Just like how a banana tree regenerates after bearing fruit, the farm’s ties with its people continue to grow and flourish. The“puso ng saging,”often overlooked yet vital to the banana plant’s life cycle, becomes a perfect metaphor for the unseen but deeply influential role ofloóbin shaping theirkapwa. A post shared by Villa Socorro Farm (@villasocorrofarm) In the same way that banana peels, trunks, and blossoms find new life in various uses, the values that began with Sir Mars have extended far beyond their initial form. Farmers pass down skills to their children, employees bring in relatives, and even new interns — like Justine, Raizel, and Lheslyn from Leyte — become part of this evolving narrative. The sharedkapwaat VSF continues to expand, branching out like a tree whose strength lies not just in its trunk, but in the enduring web of relationships it has fostered. A post shared by Villa Socorro Farm (@villasocorrofarm) Villa Socorro Farm isn’t just a banana chip producer; it’s a testament to how oneloób, when deeply rooted, can influence and inspire many others. From Sir Mars’ founding values to Sir Raymund’s leadership, from partner farmers like Tatay Golem to new interns stepping into the fold, the cycle continues.Loóbbegetsloób, creating an ever-growingkapwa– a shared space for growth, renewal, and belonging, much like the heart of the banana tree itself. Indeed, at Villa Socorro Farm, thepuso ng sagingandpuso ng taonurture each other in silent harmony, hidden from view yet giving life to everything that flourishes above the soil.– Rappler.com Patch Aure, Alexa Abary, Melka Antipolo, Hannah Sharmae Prado, and Sharky Roxas are part of a research team seeking to explain how Filipino values and dynamic capabilities lead to social sustainability outcomes. patrick.aure@dlsu.edu.ph How does this make you feel?"
WATCH: Why the Villar family’s real estate interests are an election issue,https://www.rappler.com/philippines/elections/video-why-villar-family-real-estate-interests-election-issue-2025/,2025-03-31T07:35:19+08:00,," MANILA, Philippines – House Deputy Speaker Camille Villar is running for senator in the 2025 midterm elections, seeking to succeed her term-limited mother Cynthia. As chairperson of the upper chamber’s environment committee, Senator Cynthia has stalled deliberations on the national land use bill, even though former president Rodrigo Duterte and his successor Ferdinand Marcos Jr. listed it as a priority measure. In this video, Rappler reporter Dwight de Leon explains why senatorial candidates’promise to pass the land use billrequires a higher level of political will, which means not just publicly expressing their support for the measure, but guaranteeing they would back a change in leadership in the environment committee if they get elected.– Rappler.com  How does this make you feel?"
More Veggies Please? Metro Pacific eyes 10 more vegetable greenhouse facilities,https://www.rappler.com/business/metro-pacific-eyes-more-greenhouse-facilities/,2025-03-27T13:27:32+08:00,," SUMMARY This is AI generated summarization, which may have errors. For context, always refer to the full article. FIRST HARVEST. Business mogul Manny V. Pangilinan led the ceremonial first harvest of Metro Pacific Fresh Farms in Bulacan on March 25, 2025. Metro Pacific Agro Ventures BULACAN, Philippines – Business mogul Manny V. Pangilinan launched a new brand focused on making high-quality vegetables more accessible to businesses and households. It’s called “More Veggies Please” — also “MVP” for short. Metro Pacific Agro Ventures (MPAV) opened Metro Pacific Fresh Farms — said to be the biggest vegetable greenhouse facility in the country at 3.5 hectares — in San Rafael, Bulacan on Tuesday, March 25. The farm can yield 500 metric tons of fresh produce each year. MPAV is already eyeing to expand the farm to reach 7 hectares and have 10 other satellite facilities across the country over the next five years. “We’ve seen the benefits in terms of production scale and also the quality, and if we are true to the purpose of really making, democratizing, and really giving this to the Filipino consumer, if we can expand to as many provinces as we can at the soonest possible time, then we will do so,” MPAV president and chief executive officer Jovy Hernandez told reporters on Tuesday. He added that demand has been robust — some supermarket customers have tapped them for a private tour of the greenhouse. MPAV aims to sell their produce direct to consumer and hopes to hit stores soon. The Bulacan farm is capable of producing around 60,000 lettuce heads per month. Hernandez noted it can easily accommodate other commodities such as cherry tomatoes should there be a demand. Meanwhile, the farm’s nursery can accommodate 100,000 seeds at a time, with a full harvest expected every 27 days. MPV’s farm is a product of collaboration with Israeli agribusiness firm, LR Group. Its farm uses the nutrient film technique (NFT) for its leafy greens and the drip irrigation system for other vegetables. The NFT allows lettuce varieties to grow on water instead of using soil. “Just the water passes through the roots… you will see that the roots are all whitekasi malinis talaga(because it’s really clean),” Hernandez said. “In the soil, there’s a lot of pathogens, lots of microorganismspero ang importante sa(but what’s important in the) NFT is it delivers the right nutrients at the right quantities at the right time to each and every single lettuce head.” “It’s the same with the drip irrigation system, which is targeting the root systems of the soil. The amount of nutrients and the amount of water that reaches the roots are exactly the same for each and everyone — that’s how we make it very consistent in terms of quality and nutritional value.” These techniques allow their vegetables to get more nutrients compared with just watering them while placed in soil. It also allows the facilities to use 90% less water. The six-greenhouse facility took about a year to build, with MPAV shelling out about P800 million. Expanding the Bulacan farm to double its size is expected to be cheaper as the infrastructure needed is in place. MPAV is hoping to build “at least” two more farms every year in the next five years. MPAV chief commercial officer Toby Gatchalian said they are eyeing to build a satellite farm by the end of 2025, which is expected to be opened in 2026. Apart from selling produce direct to consumer, the farms are planned to also supply to businesses. “We’re actually looking at different localities which have a concentration of hotels, restaurants, and resorts. We are in discussions already with several entities for beach estate locations but [that’s] not limited to just tourist spots,” Gatchalian said. He added that they have recently been in touch with some private institutions and some local government units as well. Apart from selling produce direct to consumer, the farms are planned to also supply to businesses. Businesses can work with MPAV to produce their needs based on their consumers’ demands. –Rappler.com  How does this make you feel?"
"Palace, DA push Congress to revisit Rice Tariffication Law",https://www.rappler.com/philippines/palace-department-agriculture-push-congress-revisit-rice-tariffication-law/,2025-03-27T08:40:57+08:00,," SUMMARY This is AI generated summarization, which may have errors. For context, always refer to the full article. A rice retailer at the Pasay City Public Market on September 5, 2023. Rappler MANILA, Philippines — Malacañang and the Department of Agriculture (DA) are pushing Congress to revisit the Rice Tariffication Law (RTL) and give more regulatory functions to the National Food Authority (NFA). “Maganda po sana po ‘no, mabigyan muli ng authority ang NFA, kasi nawalan po talaga sila ng power para po umangkat ng bigas,”Presidential Communications Office Undersecretary Claire Castro said in a Palace briefing on Wednesday, March 26. (It would be good if NFA be given the authority again as they lost the power to import rice.) Under the Marcos administration, the agriculture department has been calling for stronger regulatory powers to the NFA so that it can intervene in the market by releasing and selling rice stocks to the public. This can be done by amending the RTL, which was passed in 2019 to diminish NFA’s function on releasing rice stocks bought from local farmers. “I hope mapag-aralan muli ng Kongreso itong Rice Tariffication Act para po maayos din po at mabigyan po ng tamang authority ang NFA,”added Castro. (I hope Congress reviews again the Rice Tariffication Act so we can fix this and give proper authority to the NFA.) The law had been revised recently,signed by President Ferdinand Marcos Jr.on December 9, 2024. This allowed the DA to declare a food security emergency on rice due to supply shortage or extraordinary increase in prices. A food emergency would allow the NFA to release its stocks, but only the DA can sell NFA rice to local government units. Declaring a food emergency last February, the DA hoped to release cheap NFA rice to the public, influence a decrease in rice prices, andfree up warehousesfor palay harvest season. However, almost two months since declaration, only four local government units had bought NFA rice to resell to the public. These are Navotas, San Juan, Camarines Sur, and Cotabato City. “Patuloy tayong nananawagan na sana makapag-release, makapag-intervene sa market ang NFA without necessarily having a declaration of emergency,”said DA spokesman Arnel de Mesa in a press briefing on Wednesday. (We continue our call that the NFA be able to release and intervene in the market without necessarily having a declaration of emergency.) De Mesa said there had been discussions between the agency and Congress about the issue. “Na-recognize naman, especially ni Congressman [Joey] Salceda, ‘yung limitasyon noong naipasang batas,”he said. De Mesa was referring to the amended RTL that the Marcos signed on December 2024. Albay 2nd District Representative Joey Salceda led the quinta committee at the House of Representatives which investigated high rice prices, alleged smuggling, hoarding of rice, and possible collusion among importers, traders, and retailers. “Of course, syempre, kakapasa lamang noong amiyenda,”De Mesa added.“Alam naman natin din how difficult it is to pass from one amendment to another. Of course, it will take some time.” (Of course, the amendments were only recently passed. We know how difficult it is to pass from one amendment to another. Of course, it will take some time.) Despite a food security emergency declaration, the NFA had only released 9,900 out of 59,270 sacks of rice as of March 25, according to the DA. The Federation of Free Farmers disapproved of the agriculture department’s “apparent unpreparedness” for palay harvest season. The group alleged that the NFA is unable to “absorb farmers’ crops due to the congestion of the agency’s warehouses.” Reports of farmers’ deaths,allegedly linked to low palay prices, had various groups calling out the agency. In a statement on Tuesday, March 25, Agriculture Secretary Francisco Tiu Laurel Jr. urged lawmakers to “pass legislation that would better empower the DA” to address dropping palay prices. “We are doing this with one hand tied behind our back,” Tiu Laurel said. “We need some of the NFA’s powers back — if not to the agency itself, then to the DA — to better address the challenges we face.” Peasant group Kilusang Magbubukid ng Pilipinas, meanwhile, held a protest outside the Department of Agrarian Reform on Wednesday demanding the repeal of the RTL. “Since the passage of the Rice Liberalization Law in 2019, the Philippines has become the world’s top rice importer, with local farmers suffering from depressed farm gate prices and expensive production costs,” the group said on Wednesday.– Rappler.com How does this make you feel?"
DA urges NBI to probe claims farmers took their lives due to low palay prices,https://www.rappler.com/philippines/department-agriculture-urges-nbi-probe-claims-farmers-took-lives-low-palay-prices/,2025-03-25T19:57:07+08:00,," SUMMARY This is AI generated summarization, which may have errors. For context, always refer to the full article. TRADITIONAL RICE. Farm workers in Kabankalan City collect stalks of the Red64 rice variety cultivated by Central Philippines State University in February 2023. Reymund Titong/Rappler/file photo MANILA, Philippines – Department of Agriculture (DA) Secretary Francisco Tiu Laurel Jr. asked the National Bureau of Investigation (NBI) in a letter sent Monday, March 24, to investigate claims that at least three farmers in Nueva Ecija took their lives because of low palay prices. “Let us allow these families to grieve in peace. We will provide any assistance necessary,” said Tiu Laurel in a statement released Tuesday, March 25. Anews report last March 18cited Argel Joseph Cabatbat, chairman of the patry-list group Magsasaka, as saying at least three farmers took their lives because of low palay prices. Another farmers’ group, Kilusang Magbubukid ng Pilipinas (KMP), lamented the reported deaths and how local farmers are driven to compete with cheap rice imports. “Farmers in Nueva Ecija are forced to sell their palay at P15 per kilogram or even lower — a price that barely covers the cost of production and leaves farmers with no means to support their families or pay off mounting debts,” the KMP said in astatement on Saturday, March 22. The agriculture chief, meanwhile, has “expressed concerns over how some groups are characterizing these ‘unfortunate incidents,’” the DA’s statement said. Tiu Laurel pointed out again the National Food Authority’s (NFA) lack of power to regulate prices. In February, the DA had todeclare a food emergencyso the NFA could release its stocks, free space in warehouses, and prepare for thepalayharvest season. “With its limited authority, the NFA cannot intervene in the market effectively, leaving traders room to suppresspalayprices,” said Tiu Laurel. “This has led to the current farmgate prices dropping to as low as P14 per kilo.” The Federation of Free Farmers said it received reports of fresh palay selling at P15-17/kilo in San Jose, Occidental Mindoro, and some parts of Nueva Ecija. The NFA is set to buy 880,000 metric tons ofpalaythis year from local farmers to maintain a 15-day buffer stock of rice. Presidential Communications Office Undersecretary Claire Castro has denied that NFA Nueva Ecija had yet to start buyingpalayfrom farmers because of warehouses filled to capacity. Castro said in a press briefing Tuesday that farmers selling theirpalaywould have to wait their turn as it is the peak season. “Lahat po na magbibenta na farmer, kung sila po ay may pagkakataon na hintayin ang kanilang turn, bibilin po ito ng NFA,”said Castro.“Hindi po natin tatanggihan ang lahat ng ibibenta ng farmers.” (All farmers who are selling, if they can wait for their turn, the NFA will buy from them. We will not turn down the harvest sold by farmers.) The NFA is currently buying freshpalayat P19/kilo in Ilocos Region, Cagayan Valley, and Central Luzon; at P18/kilo the rest of the country. It buys drypalayat P24/kilo.– Rappler.com How does this make you feel?"
PH records lower rice imports in Q1 2025,https://www.rappler.com/business/rice-imports-philippines-january-march-2025/,2025-03-20T11:27:20+08:00,," SUMMARY This is AI generated summarization, which may have errors. For context, always refer to the full article. RICE. Workers unload bags of rice from a truck at a warehouse on Dagupan Street in Divisoria, Manila, on February 3, 2025. Rappler MANILA, Philippines – The Department of Agriculture (DA) reported lower rice imports in the first two-and-a-half months of 2025 compared to nearly the same period last year. As of March 13, the country imported 641,000 metric tons (MT) rice, around half of what was imported  in the first quarter of 2024 at almost 1.2 metric tons. “There was a huge number of imported rice that entered last year. There’s the expectation that local harvest this year will be good,” said DA spokesman Arnel de Mesa in a press briefing on Wednesday, March 19. “We can see that importations are adjusting,” he added, citing preliminary data from the Bureau of Plant Industry. This January, the Philippines imported 277,000 MT  of rice, in February 267,000 MT, and midway through March, another 96,000 MT. In comparison, the Philippines recorded 430,000 MT of imported rice in January 2024, 342,000 MT in February, and 415,000 MT in March. The agriculture department cited agricultural economist Samarendu Mohanty whoattributedstabilizing rice prices to policy shifts in India and the Philippines. Policies Mohanty mentioned are India’s removal of the import ban on non-Basmati white rice, and the Philippines’ maximum suggested retail price on imported rice plus efforts to crack down on hoarding and profiteering. “The collective impact of these synchronized policy changes by two key players in the rice market, with India as a major exporter and the Philippines as a significant importer, resulted in a harmonized transformation of market dynamics,” Mohanty wrote. In 2024, the Philippines hit a record-high 4.8 million metric tons of rice imports. After the El Niño climate phenomenon in 2024, the government forecast betterpalayoutput in 2025 at20.4 million metric tons.– Rappler.com Quotes translated to English for brevity. How does this make you feel?"
[Good Business] Island Harvest Farm’s kaloob: A gift that keeps on giving,https://www.rappler.com/business/opinion-things-to-know-island-harvest-farm/,2025-03-20T08:18:59+08:00,," SUMMARY This is AI generated summarization, which may have errors. For context, always refer to the full article. David Castuciano/Rappler There is a saying that goes, no man is an island — and perhaps nowhere is this truer than at Island Harvest Farm, where lives, dreams, and futures are cultivated through the power of community. Before Island Harvest Farm existed, Donna and Lenlie walked different paths that would eventually meet. On one path was Donna, a 25-year-old mother struggling to survive with her three children, moving from one home to another, never knowing what the next day would bring. Despite facing constant uncertainty, she eventually found success. But a question lingered: Why has God blessed me so much? She felt a deep calling to help others — but didn’t know where to begin. Meanwhile, Lenlie, a fourth-generationMarinduqueñoraised in a family of public servants, felt a desire to give back to their land. But politics didn’t feel like his calling. Like Donna, he was searching — though he didn’t yet know what for. A post shared by Island Harvest Farm PH (@islandharvest_ph) These were theirloobs(inner selves), shaped by struggle, experience, and the longing to create something meaningful. Alone, theirloobscarried unanswered questions. But when Donna and Lenlie met, theirloobsconnected, recognizing a mutual desire to serve others. Together, they created something neither could have accomplished alone. Island Harvest Farm operates through thePanalo sa Tatlo(Everyone Wins with Three) model, built around three pillars: Donna believes this approach came as a vision from above, and it’s changing how farmers live and work, bringing better lives to entire families. A post shared by Island Harvest Farm PH (@islandharvest_ph) ThePanalo sa Tatloapproach has changed lives in many ways! You can see the obvious results — better harvests and more visitors coming to the area — but the personal stories of farming families show what’s really happening when theirloobis shared openly. Take, for example, the story of Tilet, whose path with Island Harvest Farm has led to a series of personal breakthroughs. Before joining the program, Tilet and her family lived with the constant struggle of long travel distances to tend their farm and uncertainty about their future. After a prayerful plea for change, she found herself working as a cacao seedling grafter and later as the head cook at the farm’s restaurant. Tilet says,“Dati po, hindi ko iniisip na magkakaroon ako ng trabaho malapit lang sa bahay, pero nang dumating si Ma’am Donna, doon ko nakita ang mga oportunidad. Hanggang ngayon po, masaya ako sa natutunan ko at sa trabaho ko dito.”(“Before, I never thought I would have a job close to home, but when Ma’am Donna came, that’s when I saw the opportunities. Until now, I’m happy with what I’ve learned and my work here.”) Her skills quickly flourished, and today, she is the head cook at the farm’s restaurant, vice chairperson of theAni ng DuqueCooperative, and co-owner ofBabaenihan. Aida Ramos tells a similar story of change. She explains how, before Island Harvest’s intervention, the locals depended solely on copra farming, with limited income coming in only every few months. Aida shares, “Noong 2014, kumikita kami sa kopra, pero sapat lang yun sa araw-araw na pangangailangan. Hindi tulad ngayon, may trabaho kami araw-araw. ‘Di tulad noon na halos maghintay ka pa ng tatlong buwan.” (“In 2014, we earned from copra, but it was just enough for daily needs. Unlike now, we have work every day. Unlike before when you had to wait almost three months.”) Since the inception of Island Harvest, Aida and her family no longer need to wait months for an income; they now work year-round in cocoa and coconut farming. More than that, she is also a co-owner ofBabaenihanand a member of a cooperative where she sells her produce. These changes affect more than just the adults. As Donna once asked, “And how can you create progress when the brightest minds and the youngest minds are leaving?” This belief inspired the involvement of Tilet and Aida’s children in thePanalo sa Tatlomodel throughGabayanihan. Today, their children help host visitors, guide farm tours, and even manage some of the farm’s operations. Donna’s vision of a self-sustaining, prosperous community where children have the opportunity to stay and grow without leaving for better opportunities is already becoming a reality. A post shared by Panuluyan Farmstay (@panuluyan) Island Harvest Farm was never just a business, andPanalo sa Tatlonever just a method. It was an offering, akaloob(gift) of possibility given not just to themselves but to everyone willing to receive it. Because a gift is not complete withoutkapwa— without others to take part, to believe, to carry the vision forward. At Island Harvest Farm, every farmer, every family, and every hand that tills the soil or crafts a product is part of this exchange. Here,loobis not hidden — it is shared and transformed. It emerges in the mother who once doubted her own strength but now leads a cooperative, in the young farmer who learns that his small plot holds infinite potential, and in the community that once waited for change but now creates it. –Rappler.com Patch Aure, Alexa Abary, Melka Antipolo, Hannah Sharmae Prado, and Sharky Roxas are part of a research team seeking to explain how Filipino values and dynamic capabilities lead to social sustainability outcomes.patrick.aure@dlsu.edu.ph How does this make you feel?"
Current Kanlaon crisis hurting La Castellana’s P50-million banana industry,https://www.rappler.com/philippines/visayas/kanlaon-crisis-hurting-la-castellanas-banana-industry/,2025-03-18T17:40:27+08:00,," SUMMARY This is AI generated summarization, which may have errors. For context, always refer to the full article. BANANA FEST. A scene during last year's Banana Festival in La Castellana, Negros Occidental. GILBERT BAYORAN NEGROS OCCIDENTAL, Philippines – The currentKanlaon Volcanocrisis is hurting the P50 million banana industry of La Castellana, Negros Occidental, Mayor Alme Rhummyla Nicor-Mangilimutan said on Friday, March 14. Nicor-Mangilimutan also said that this year’s Banana Festival slated every April 1 to 5 has been cancelled because of Kanlaon’s continued restiveness. She said that it is sad that the Kanlaon crisis has already brought them lots of challenges, including draining their funds and, now also affecting their banana industry. As the “banana capital” ofNegros Occidentalwith more 500 hectares of backyard-type banana plantations, La Castellana, a first class municipality located near the foot of Kanlaon, produces more than 40 tons of bananas every month prior to the volcano’s eruptions since last year. La Castellana’s banana industry also comprises one-fourth,  or around P50 million of the town’s P193 million revenue from agricutural products, said the mayor. But with the ongoing Kanlaon crisis, she said banana plantations in five of their affected barangays — Biak na Bato, Cabagnaan, Masulog, Mansalanao and Sag-ang — have already been affected, hurting the more than 1,300 farming families in these villages, who are mostly dependent on their banana plants. Data from the Office of the Municipal Agriculture said that La Castellana has banana farms in of all its 13 barangays. Aside from the 500 hectares across 13 villages with farmers being supported by the local government, there are another 17 hectares banana plantation being managed and maintained by a private firm in Barangay Lalagsan. With its three famous or abundant varities of bananas —saba,latundan, andbalangon—  La Castellana has already established a captive market in China for itssabasticks and crackers. The local government is now planning to put a processing plant forsabasticks and crackers. This time, however, the mayor said their export of saba sticks and crackers might be affected, too, because of the continuing Kanlaon crisis. In 2019, La Castellana’ssabasticks were cited as “Best Innovative Saba Banana Snack Food Product” during the 16th Q Asia’s National Product Quality Awards. That is why every April 1 to 5 La Castellana holds a Banana Festival to honor its banana farmers for their great contribution to the town’s economy. But with the Kanlaon crisis, this year’s Banana Festival, said Nicor-Mangilimutan, was put on hold. Albert Barrogo, OIC of the Department of Agriculture-Negros Island Region (DA-NIR), told Rappler on Monday, March 17,  that he empathized with the people of La Castellana and its banana industry. “We know and understand the problem confronting the banana industry in town right now. In fact, we have standby fund intended for the rehabilitation efforts, but we cannot move yet since we cannot assess the extent, or degree of damage among the banana plantations across the municipality because of the ongoing abnormalities being shown by Kanlaon Volcano,” Barrogo said. He, however, assured the local government of La Castellana that DA-NIR has a fund to be alloted for its banana plantation rehabilitation once the crisis is over. Meanwhile, Nicor-Mangilimutan appealed to the national government agencies concerned for the replishment of their local budget used for feeding their evacuees since Kanlaon eruption on December 9. Last year, she said they spent more than P32 million for food of the evaucees and fuel during evacuation period as well as for the daily transport of goods. Aside from food expenses, the local government also subsidizes the tuition and allowances of more than 200 students in the five affected barangays — Biak na Bato, Cabanagnaan, Masulog, Mansalanao and Sag-ang — where the livelihoods of parents were negatively impacted by the present crisis. As of March 14, La Castellana is still housing 4,244 evacuees in nine evacuation centers. These include 693 from Biak na Bato, 2,228 from Cabagnaan, 617 from Masulog, 482 from Mansalanao and 224 from Sag-ang. However, Mangilimutan said that Office of the Civil Defense Undersecretary Ariel Nepomuceno already promised to her that a P47-million replenishment for La Castellana’s financial aid is underway as supporting papers are now with the Office of the President. – Rappler.com How does this make you feel?"
DA sees low compliance on pork price cap in NCR,https://www.rappler.com/philippines/metro-manila/department-agriculture-sees-low-compliance-pork-price-cap/,2025-03-17T17:19:41+08:00,," SUMMARY This is AI generated summarization, which may have errors. For context, always refer to the full article. MARKET VISIT. Agriculture Secretary Francisco Tiu Laurel Jr. during a market inspection at joint market inspection at Commonwealth Market on February 12, 2025. Department of Agriculture MANILA, Philippines –  There is a low compliance among pork industry players of themaximum suggested retail prices (MSRP) on porkimplemented by the Department of Agriculture’s (DA). DA spokesman Arnel de Mesa said Monday, March 17, that out of the more than 170 stalls monitored in Metro Manila, only 20% complied with the suggested prices of P350 per kilo for pork shoulder and ham, and P380 per kilo forliempo(belly). According to De Mesa, there are no issues with retailers, whom he said purchased pork higher than P300 per kilo. Alongside the MSRP, the DA set the price at which traders pass pork to retailers at P300. “Kung babalikan natin ‘yan, it’s either on the producer side o nasa viajero na side ang issue,”De Mesa told reporters. (If we backtrack, the issue lies on the producers or the traders.) A week passed since the implementation of MSRP on pork. The DA aims to lower pork prices below P400 per kilo. Before this, the DA first implemented a MSRP on imported premium rice, which they see going down P45 per kilo by the end of March given the dropping prices in the world market. In comparison, De Mesa said compliance with MSRP on imported rice ranges from 40 to 45%. “’Yung napagkasunduan during the meetings, mayroong hindi sumusunod, ‘di ba, kung titignan natin itong level of compliance,” the spokesman said. (There are those who are not following what was agreed upon during the meetings, based on this level of compliance.) As ofSaturday, March 15, prevailing prices of ham and belly in Metro Manila are at P380 per kilo and P420 per kilo, respectively.– Rappler.com How does this make you feel?"
P2.83 billion worth of smuggled agricultural goods seized in 2024 – DA,https://www.rappler.com/philippines/department-agriculture-report-smuggled-goods-2024/,2025-03-14T13:11:27+08:00,," SUMMARY This is AI generated summarization, which may have errors. For context, always refer to the full article. The Department of Agriculture raided a warehouse in Navotas City where smuggled agricultural products such as onion, carrots and tomatoes were found, on August 19, 2024. Rappler MANILA, Philippines – The Department of Agriculture’s (DA) Inspectorate and Enforcement office recorded P2.83 billion worth of smuggled agricultural goods seized by authorities in 2024. The DA said in a statement on Friday, March 14, that this is “a billion more” than the 2023 record of P1.87 billion. Out of the total 71 operations the DA conducted in 2024, the largest single seizure was P1.9 billion worth of imported rice. The DA said in a statement 11 inspections between January and June “uncovered thousands of tons of undervalued imported rice.” “The importer had made several shipments during five-month period that reached 32,825 metric tons of rice, leading to a tax assessment requiring the payment of P285.3 million in taxes and tariffs,” the agency said. Next to imported rice are fisheries products valued at P316.4 million. Other smuggled products were condemned meat, white onions,frozen mackerel, carrots, tomatoes, mushrooms, garlic, pigeon meat, frozen bullfrogs, and cigarettes. The DA attributed the increase in value of smuggled goods to “intensified operations.” Operations in 2023 “exposed regulatory loopholes we need to address and procedures that must be streamlined to stamp out smuggling of agricultural products,” said DA Secretary Francisco Tiu Laurel Jr. In a House hearing in December 2024, Customs Commissioner Bienvenido Rubio claimed that rice smuggling wasno long a prevailing problem. The reason cited was the imposition oflower tariffson he national staple. Agricultural smuggling is classified as an act of economic sabotage under Republic Act No. 12022, which President Ferdinand Marcos Jr.signed in September 2024. The law created the Anti-Agricultural Economic Sabotage Council which held its first meeting in Malacañang last March 5. In the first two months of 2025, authorities seized P162.7 million worth of illegal agri-fishery products across the Ninoy Aquino International Airport, Manila International Container Port, and Subic Bay International Terminal.– Rappler.com How does this make you feel?"
Gov’t urges LGUs to hasten NFA rice pullout,https://www.rappler.com/philippines/government-urges-lgus-hasten-nfa-rice-pullout/,2025-03-05T21:00:50+08:00,," SUMMARY This is AI generated summarization, which may have errors. For context, always refer to the full article. Rice are sold at varying prices, from P29/kilo Kadiwa rice to P59/kilo imported, at the Kamuning Market in Quezon City on February 11, 2025. Jire Carreon/Rappler MANILA, Philippines – A month after the Department of Agriculture (DA) declared a food emergency on rice, it has yet to sell enough National Food Authority (NFA) rice to free up warehouses. Since the declaration, onlySan Juan Cityhas sold NFA rice it bought from DA. The city is selling at P1,650 per sack, equivalent to P33 per kilo. DA spokesman Arnel de Mesa acknowledged the bureaucratic process that comes with the transaction between the national agency and local governments (LGU). “[W]e respect that procedure,” De Mesa told reporters Wednesday, May 5.“Kaya naglabas na ulit ng panibagong apila ang NFA at ang DA sa ating mga LGUs na ma-facilitate agad itong ganitong klaseng bureaucratic process para ma-ensure na ma-release.” (That’s why NFA and DA released another appeal to our LGUs to facilitate immediately this kind of bureaucratic process to ensure prompt release.) Last week, NFA Administrator Larry Lacson urged LGUs to expedite pullout of rice stocks. “This will open up space in our warehouses, allowing us to procure morepalayand ensure that farmers aren’t at the mercy of traders pushing down prices,” said Lacson on February 28. NFA has to free up warehouses and make space for its target purchase of 880,000 metric tons ofpalay, the new buffer stocks level according to theamended Rice Tariffication Law. De Mesa said the long term goal is to revise the law again and allow NFA to sell its rice stocks without the DA having to declare a food emergency. “In the long run, maganda pa rin na ma-amenda ‘yung current na Rice Tariffication Law to really allow NFA to sell directly or to intervene directly sa market without the need for any emergency declaration or any limitation sa kanyang mandato,”he said. (In the long run, it would be good to amend the current Rice Tariffication Law to really allow NFA to sell directly or to intervene directly in the market without the need for any emergency declaration or any limitation in its mandate.) The government declared a food emergency under the pretense of curbing high rice prices and freeing up overwhelmed NFA warehouses. Only under such an emergency can the NFA release rice stocks in the absence of a calamity or without waiting for the aging period. Other government interventions to lower prices include setting amaximum suggested retail priceon imported rice and cutting down tariffs. To follow San Juan in pullout of rice stocks are Navotas, Cotabato, and Camarines Sur, the NFA said. – Rappler.com How does this make you feel?"
DA to lower rice max SRP to P49/kilo by March,https://www.rappler.com/philippines/da-lower-rice-maximum-srp-march-2025/,2025-02-26T19:05:55+08:00,," SUMMARY This is AI generated summarization, which may have errors. For context, always refer to the full article. RICE SUPPLY. Workers unload bags of rice from a truck at a warehouse on Dagupan Street in Divisoria, Manila, on February 3, 2025. Rappler MANILA, Philippines – The Department of Agriculture (DA) said on Wednesday, February 26, that it would lower the maximum suggested retail price (MSRP) of imported rice to P49/kilo by March. This is a P9 decrease from the originalMSRP of P58/kilo set in January. “We will review the numbers in the coming days to determine if there’s room to lower the MSRP further,” Agriculture Secretary Francisco Tiu Laurel Jr. on Wednesday, February 26. The DA implemented the MSRP in a bid to lower rice prices, alongside other government efforts of cutting down tariffs,declaring a food security emergency on rice, and selling rice stocks from the National Food Authority to local governments. The agency already predicted that the MSRP would go down since its implementation in January given the downward trend in global rice prices. Agricultural group Sinag welcomed the lowering of MSRP on imported rice, saying it’s nearing the ideal price range of P40-P45/kilo. “At the current price of $380/metric ton of 5% broken Vietnamese rice, imported rice should further go below P40/kilo,” Jayson Cainglet, executive director of Sinag, said in response to DA’s move. Cainglet said global prices have “plummeted significantly, dropping by $146/MT from $568 on July 10, 2024, to $380/MT this month.” Despite this positive response, Sinag pointed out that the MSRP and the food emergency declaration are needed government interventions due to the “dismalfailureof EO62 to tame rice prices.” President Ferdinand Marcos Jr. issued Executive Order No. 62 in 2024, cutting down tariffs from35% to 15%. Farmers’ group Federation of Free Farmers (FFF) criticized EO 62 on Wednesday, blaming the tariff cut for the “severe drop inpalayprices in many parts of the country.” According to FFF, farmers in Mangaldan, Pangasinan, postponed sellingpalaybecause of traders’ low buying prices. The price of newly harvestedpalayin San Jose, Occidental Mindoro, went as low as P13/kilo, said FFF. The Philippines hit a record high in 2024, importing almost 4.8 million metric tons. The DA attributed this spike in imports to El Niño and decreased local rice production. FFF said the government must restore tariffs to 35%. If this happens, price of 5% broken rice from Vietnam may rise to P33 per kilo and may be sold at P48/kilo given added costs. This is still below the current MSRP of P52/kilo, FFF pointed out. “We urge DA to address the emerging problems of farmers with the same vigor and persistence with which it has been cutting rice prices for consumers,” said Raul Montemayor, national manager of FFF. –Rappler.com How does this make you feel?"
"Arctic doomsday seed vault gets more than 14,000 new samples",https://www.rappler.com/world/global-affairs/arctic-doomsday-seed-vault-gets-new-samples/,2025-02-25T20:10:57+08:00,," SUMMARY This is AI generated summarization, which may have errors. For context, always refer to the full article. SAFEKEEPER. A file photo of the  Svalbard Global seed Vault, established in a part of mine No 3, as a repository of the global plant diversity.
Photo on September 27, 2012. Bjoertvedt/wikimedia commons COPENHAGEN, Denmark – A “doomsday” vault storing food crop seeds from around the world in man-made caves on a remote Norwegian Arctic island will receive more than 14,000 new samples on Tuesday, February 25, a custodian of the facility said. The Svalbard Global Seed Vault, set deep inside a mountain to withstand disasters from nuclear war toglobal warming, was launched in 2008 as a backup for the world’s gene banks that store the genetic code for thousands of plant species. Protected by permafrost, the vault has received samples from across the world, and played a leading role between 2015 and 2019 in rebuilding seed collections damaged during the war in Syria. “The seeds deposited this week represent not just biodiversity, but also the knowledge, culture and resilience of the communities that steward them,” Executive Director Stefan Schmitz of the Crop Trust said in a statement. The new contributions include a sample of 15 species from Sudan, consisting of several varieties of sorghum – a plant that is significant both for the country’s food security and its cultural heritage, the Crop Trust said. The war between the Rapid Support Forces and the army which broke out in April 2023 has killed tens of thousands of people and displaced 12 million, while plunging half of Sudan into hunger and several locations into famine. “In Sudan…these seeds represent hope,” the director of Sudan’s Agricultural Plant Genetic Resources Conservation and Research Centre said in a statement. The total of 14,022 new samples will be deposited at 1430 GMT, including seeds of Nordic tree species from Sweden and rice from Thailand, the Crop Trust said. – Rappler.com How does this make you feel?"
San Juan City first to sell NFA rice after food emergency is declared,https://www.rappler.com/philippines/san-juan-city-nfa-rice-food-emergency-declared/,2025-02-24T15:13:58+08:00,," SUMMARY This is AI generated summarization, which may have errors. For context, always refer to the full article. TURNOVER. San Juan City Mayor Francis Zamora speaks during the turnover ceremony of NFA rice to local governments on February 19, 2025. Screenshot from Facebook/Mayor Francis Zamora MANILA, Philippines – San Juan City started selling rice stocks from the National Food Authority (NFA) on Monday, February 24, the first city to do so after the Department of Agriculture (DA)declareda food security emergency on rice. “Tayo po ang nauna sa buong Pilipinas na magbenta ng ganito pong kamura na bigas,”said San Juan City Mayor Francis Zamora in a live video post on Monday.“Ito po ay P1,650 kada 50 kilo na sako o katumbas na P33 per kilo.” (We are the first in the Philippines to sell rice this cheap. This is P1,650 per 50 kilos or sack, equivalent to P33 per kilo.) Under a food emergency, declared last February 3, the DA plans to sell 150,000 metric tons of NFA rice stocks to local governments — tofree up NFA warehousesin time for thepalayharvest season and to push down rice prices in the market. (READ:DA to release NFA rice in Metro Manila, Camarines Sur) The city is currently selling one sack per person, but Zamora said they may repack NFA rice into five kilos. The initial batch of 1,000 sacks of NFA rice was sold out already, Zamora said, due to their pre-registration held since last week. “Hindi na ho natin kakayanin ‘yung one, two, or three kilos kasi medyo magiging magulo ho ‘yun dahil iba’t-ibang klaseng packaging po ang mangyayari kung sakaling iba-iba rin ang timbang,”the mayor said. (We won’t be able to do one, two, or three kilos because that would be confusing due to different types of packaging and different weights.) DA chief Francisco Tiu Laurel Jr. said they are leaving it up to local government heads how to distribute the rice as the DA “cannot micromanage.” “Sa ngayon kasi sa rami ng stocks ng NFA na kailangan ma-move out, sa ngayon walang limit, parang race to finish muna ‘yung ating programa,”said Laurel on Monday. (Currently because of the volume of NFA rice that needs to be moved out, there is no limit, our program is like a race to finish.) There were 300,000 metric tons of rice in NFA warehouses prior to the declaration of the food emergency. Critics are calling the emergency contrived or manufactured given that rice prices in the global market are already dropping. There’s also the factor of the approaching 2025 midterm polls. The declaration is part of a spate of efforts that the Philippine government has been pursuing since President Ferdinand Marcos Jr. promised P20/kilo of rice during the presidential campaign. The government cut down tariffs of imported ricefrom 35% to 15%, then eventually set amaximum suggested retail price. Other Metro Manila cities and provinces are set to follow suit, but the DA has yet to specify which cities they are already in talks with for NFA rice distribution. The distribution of cheap rice to local governments is happening a month before the campaign period for local elections starts on March 28. Zamora, who is also the head of the Metro Manila Council, told reporters last week that the sale ofNFA rice will not be used for electioneering.– Rappler.com How does this make you feel?"
[Good Business ] A call to future senators to rethink Philippine agriculture,https://www.rappler.com/business/opinion-future-senators-rethink-philippine-agriculture/,2025-02-20T07:30:00+08:00,," SUMMARY This is AI generated summarization, which may have errors. For context, always refer to the full article. Marian Hukom/Rappler As the 2025 elections draw near, the future of Philippine agriculture stands at a pivotal crossroads. While traditional farming has long been the backbone of the country’s rural economy, innovative approaches now prove there’s a better, smarter way forward. The challenge and opportunity for those vying for senatorial positions is clear: Will they support and scale these innovations to benefit farmers nationwide? Filipino farmers have relied on time-honored methods to cultivate crops like rice, corn, and coffee for generations. But with climate change, fluctuating markets, and outdated infrastructure, many of these practices struggle to keep pace with the demands of a modern economy. In places like Bukidnon, new approaches are showing what’s possible. Agritech startups, like Varacco, are introducing Internet of Things (IoT)-enabled nurseries and nano-biofertilizers, equipping farmers with tools that were once the domain of industrial agriculture giants. Imagine a farmer monitoring soil health through a mobile phone or using automated irrigation systems that optimize water use based on real-time data. These aren’t just technological gimmicks — they’re practical solutions leading to healthier crops, higher yields, and more sustainable farming. The common fear with introducing advanced technology into agriculture is that it will sideline traditional farmers. But the reality on the ground tells a different story. Smart farming initiatives are designed to empower farmers, blending technology with indigenous knowledge. Farmers who have participated in these programs report transformative experiences. Young people, who once saw farming as an outdated profession, are now finding new purpose and pride in agriculture. They are learning to integrate their community’s traditions with modern tools, ensuring that the cultural heritage of farming is preserved while boosting productivity and sustainability. Naturally, many farmers were initially skeptical of these new approaches. After all, some past government or non-government programs often promised much but delivered little. But when technology is introduced thoughtfully — with hands-on training and community engagement — the results speak for themselves. Farmers have found that simple, practical tools can revolutionize their work. IoT sensors, manufactured byPacketworxin the Philippines, for instance, help them understand their land better than ever before, while nano-biofertilizers reduce dependency on costly chemical inputs. These innovations aren’t just making farming easier, they’re making it more profitable and sustainable. What’s driving this agricultural revolution isn’t just technology — it’s collaboration. Successful initiatives have brought together local governments, development authorities, private companies, and international organizations to create ecosystems that support farmers from the ground up. These partnerships demonstrate that with the right support, farmers can lead the charge in transforming Philippine agriculture. But this raises an important question: Why are these changes being driven primarily by private initiatives and NGOs rather than national agricultural policies? As candidates prepare their platforms, it’s time to consider how the government can play a more active role in scaling these innovations. Investing in smart farming isn’t just about technology — it’s about empowering communities, securing food sustainability, and ensuring that the agricultural sector remains a viable and thriving part of the economy. Policymakers should look at these success stories as models for nationwide programs. How can IoT and biosensing technologies be integrated into national agricultural strategies? How can funding and resources be allocated to ensure that even the smallest, most remote farming communities have access to these tools? The future of Philippine agriculture is already taking root in places like Bukidnon, where farmers are blending tradition with innovation to create a more sustainable, prosperous future. But this revolution shouldn’t be limited to a few regions or pilot programs. It’s a model that can and should be replicated across the country. For those seeking a seat in the Senate, the path is clear: champion policies that support smart farming, invest in agricultural technology, and ensure that farmers are at the center of this transformation. The tools are already in place. Now, it’s time for leadership to scale them. The next chapter of Philippine agriculture is waiting to be written. Will our future leaders rise to the challenge? –Rappler.com Ariestelo Asilo is a nutrition entrepreneur. He is the president and CEO of www.varacco.com and www.thinnkfarm.com, which operate through social entrepreneurship selling Buy 1 Get 1 Coffee, and creating farmer-scientists in coffee production in Mindanao. Currently, he is taking his Doctorate in Sustainability at the University of the Philippines – Open University. He also has a cat named Libe, which he found at a Liberica farm in Cavite. How does this make you feel?"
"DA to release NFA rice in Metro Manila, Camarines Sur",https://www.rappler.com/philippines/da-release-nfa-rice-metro-manila-camarines-sur/,2025-02-19T14:11:55+08:00,," SUMMARY This is AI generated summarization, which may have errors. For context, always refer to the full article. STOCKS. Sacks of rice inside a NFA warehouse in Cagayan. National Food Authority MANILA, Philippines – The Department of Agriculture is releasing rice buffer stocks from the warehouses of the National Food Authority (NFA) to San Juan, Valenzuela, Navotas, and Camarines Sur. The DA held a turnover ceremony on Wednesday, February 19 — more than two weeks after the agencydeclared a food security emergency on rice. The declaration of the food emergency enables the DA to sell NFA stocks to local governments at P33 per kilo. It has two objectives: clearNFA warehousesin time for the rice harvest season, and to supposedly help bring down rice prices in the market. DA Secretary Francisco Tiu Laurel Jr. said the distribution of NFA rice stocks is a “race to finish,” saying the allocation would depend on which local government unit (LGU) comes first. “We need to really unload our stocks as fast as possible,” said Tiu Laurel in a press conference on Wednesday.“Kung anong hingin ng LGU, sinong mauna, then we will release.”(Whichever LGU would come first, then we will release.) The government plans to dispose of 150,000 metric tons of rice from warehouses. Tiu Laurel said it might be possible that will also release more, as there are around 300,000 metrics tons of rice in warehouses all over the country. The agriculture chief said the public may purchase NFA rice in the select areas next week. Other Metro Manila LGUs are bound to follow soon and strike an agreement with the DA. San Juan Mayor Francis Zamora said 150,000 sacks of rice are allocated for Metro Manila, around 5,000 of which may go to San Juan. A thousand sacks will be up for purchase on the first wave of distribution, Zamoraannounced. The DA is selling NFA rice at P33 per kilo. The agency estimates a P2-markup once LGUs sell in their areas.– Rappler.com How does this make you feel?"
"Billionaire Eduardo Soriano, Anscor vice chairman, dies",https://www.rappler.com/business/anscor-executive-eduardo-j-soriano-dies/,2025-02-18T21:08:49+08:00,," SUMMARY This is AI generated summarization, which may have errors. For context, always refer to the full article. DAIRY. Eduardo J. Soriano of Anscor and founder of dairy farm Hacienda Macalauan, producer of Pure & Best Milk brand. A. Soriano Corporation MANILA, Philippines – The younger scion of the late Filipino industrialist and long-time CEO of San Miguel Corporation (SMC) Andres Soriano Jr. died on Monday, February 17, Monday. A. Soriano Corporation (Anscor), the Soriano family’s holding company behind the high-end Amanpulo Resort in Palawan as well as wire manufacturer Phelps Dodge, announced on Tuesday that its vice chairman, Eduardo J. Soriano, had passed on. He was 69. The cause of his death was not disclosed. “It is with deep sadness that we announce the passing of Mr. Eduardo J. Soriano, our vice-chairman and director, today, February 17, 2025. He served as director of A. Soriano Corporation (‘Anscor’) since 1980 and became vice-chairman in 1990. He was Anscor’s treasurer prior to his retirement in 2018,” the company said. Eduardo or “Ed” is a younger brother of Anscor chairman Andres Soriano III, a former chair and CEO of Philippine conglomerate San Miguel Corporation (SMC) before thelate Ambassador Eduardo “Danding” Cojuangco Jr.took over the food-and-beverage firm in 1998. It is now a diversified conglomerate with interests in a wider field of businesses such as infrastructure with tycoonRamon Angat the helm. “Our Chairman, Mr. Andres Soriano III, the Board of Directors, and the entire Anscor group of companies extend our deepest condolences to the family and loved ones of Mr. Eduardo J. Soriano. We are profoundly grateful for his invaluable contributions and service to Anscor,” the publicly-listed company said. One of Anscor’s subsidiaries is Seven Seas Resorts and Leisure Incorporated, owner of the world-renowned Amanpulo Resort, a 90-hectare island in Pamalican, Palawan province. The premium resort with 40 casitas and 9 luxury villas, has been patronized by some of the Philippines’ rich and famous as well as Hollywood stars and other foreign VIPs. One night in the secluded and private resort costs around P100,000. Amanpulo is operated by Amanresorts Management, a firm based in Amsterdam, the Netherlands. A post shared by Amanpulo (@amanpulo) Ed Soriano was also a philanthropist since he was president of the Soriano’s corporate social responsibility arm, Andres Soriano Foundation, with his brother serving as chair. The foundation has projects in Palawan in fields such as sustainable development, health (cancer care), and disaster relief and rehabilitation. Since the mid-1990s, however, his main business interest was in dairy farming. Ed Soriano founded Hacienda Macalauan Incorporated (HMI) in 1995 when his brother was at the helm of SMC and Magnolia Dairy. HMI operates in the town of Calauan, Laguna province south of the capital. It started with just a handful of dairy cows on its pasture land but quickly expanded into small-scale dairy farming after importing 100 cows from Australia. A post shared by Hacienda Macalauan Farm (@haciendamacalauan) In the late 1990s, HMI began processing liquid milk and cheese products, includingkesong puti(white chese), ricotta, and cottage cheese. “These were delivered by reefer vans daily to Manila’s exclusive subdivisions and villages thus earning its moniker ‘The Milkman’,” the company website says. A post shared by Hacienda Macalauan Farm (@haciendamacalauan) It then expanded to supplying fresh cow’s milk to hotels, restaurants, and the catering industry. In 2012, it began distributing milk — the Pure & Best Milk — to major supermarkets. HMI has an automated milking parlor and a technologically advanced dairy processing plant. A post shared by Hacienda Macalauan Farm (@haciendamacalauan) HMI has been cited as being one of the local firms that has raised the standards of the Philippine dairy industry. “The brand philosophy is to make as good a product as we can, without sacrificing the quality. All our products are kept as natural as possible,” Soriano, president and chief operating officer of HMI, was once quoted in an interview when the company was in its infancy. For instance, it adopted sterile packaging and filling to ensure the highest food safety standards and longer-lasting milk. Soriano graduated with a Bachelor of Science degree in economics from the University of Pennsylvania. The Soriano brothers’ father, Andres Soriano Jr., was chair and CEO of San Miguel Corporation from the sixties until his death in 1984.Danding Cojuangcowould end up owning the company but lost it after he left the Philippines with the Marcos family during the EDSA People Power Revolt in February 1986. Andres Soriano III then took the helm of SMC during the Cory Aquino and Fidel Ramos years, but Cojuangco got it back in 1998.– Rappler.com (Editor’s note: An earlier version of this article mixed up the name of the brand Pure & Best Milk in the excerpt. This has been corrcted.)  How does this make you feel?"
No pork prices above P400/kilo? DA to set max SRP by March,https://www.rappler.com/philippines/department-agriculture-set-max-suggested-retail-price-march-2025/,2025-02-17T13:35:33+08:00,," SUMMARY This is AI generated summarization, which may have errors. For context, always refer to the full article. MARKET VISIT. Agriculture Secretary Francisco Tiu Laurel Jr. during a market inspection at joint market inspection at Commonwealth Market on February 12, 2025. Department of Agriculture MANILA, Philippines – After setting a maximum suggested retail price (MSRP) on imported rice, the Department of Agriculture (DA) is now eyeing the implementation of a maximum SRP for pork by March. “The same na naging strategy with rice, ‘yun din ‘yung magiging strategy with pork,”said DA spokesman Arnel de Mesa on Monday, February 17. “Na malaman natin na dapat ganito lamang yung presyo, so ‘pag naglatag tayo ng MSRP, susunod sila, at maiwasan ‘yung sobrang profiteering, o sobrang paglalagay ng mataas na presyo.” (The strategy with pork is the same with the strategy with rice. We will know how much the price should be, so when we set the MSRP, retailers will follow and we will avoid profiteering or putting up high prices.) De Mesa said they are set to issue the MSRP by March. In a Malacañang briefing last February 10, DA chief Francisco Tiu Laurel Jr. had said that “anything above P400/kilo is unreasonable.” Tiu Laurel said then that the MSRP for pork was already discussed with President Ferdinand Marcos Jr. As ofFebruary 15, pork belly prices ranged from P380 to as high as P480 in Metro Manila. Frozen kasim and frozen liempo had lower prices, averaging at P255.83 and P312.44, respectively. What would be reasonable is P380/kilo, said De Mesa. “Kung ang farm gate mo P250, so ‘yung nababangit nga na P100, P100-plus na profit margin, so P380 is reasonable,”the spokesman said. (If your farm gate price is P250, and then you take into account a profit margin of P100 or more, so P380 is reasonable.) The DA is currently studying how the government can sell more affordable pork and chicken, according to De Mesa. Currently, the DA sells cheaper, well-milled rice through Kadiwa centers under their Rice-for-All program.– Rappler.com How does this make you feel?"
Kanlaon eruptions leave Negros Island Region with nearly P1B in farm losses,https://www.rappler.com/philippines/visayas/kanlaon-eruptions-negros-island-region-farm-losses/,2025-02-10T11:02:19+08:00,," SUMMARY This is AI generated summarization, which may have errors. For context, always refer to the full article. ASH. Kanlaon Volcano on Negros Island emits ash on January 26, 2025. Office of Civil Defense NEGROS OCCIDENTAL, Philippines – Since December 9 alone, the Negros Island Region (NIR) has registered nearly P1 billion in agricultural losses due toKanlaon Volcano’s eruptions. Two months since the second Kanlaon eruption late last year, a consolidated report released by the Department of Agriculture (DA) in the region on Sunday, February 9, showed that damage to crops and livestock in the five affected localities – Canlaon City in Negros Oriental and La Castellana, Murcia, and the cities of Bago and La Carlota in Negros Occidental – reached over P913 million. Vegetables took the biggest hit with losses reaching P860.111 million, followed by rice at P49.966 million, corn at P2.028 million, and poultry and livestock at P900,100. Of the total losses, Canlaon in Negros Oriental accounted for the largest share at P782.49 million, while the four localities in Negros Occidental reported combined losses of P130.52 million. The DA-NIR also listed 4,060 farmers affected by the Kanlaon eruption across the region, with 2,599 in Negros Oriental and 1,461 in Negros Occidental. The eruption, which brought ashfall and other volcanic debris, damaged a total of 2,956.74 hectares of farmland in both provinces. Of this, 1,639.25 hectares have no chance of recovery, according to the DA-NIR report. A total of 321 livestock animals were also confirmed dead due to the eruption. Albert Barrogo, DA-NIR officer-in-charge, said once evacuees return to their homes, they will be provided with agricultural inputs and support assistance. At present, Canlaon in Negros Oriental has 4,406 evacuees, nearly half of whom are staying with relatives. Negros Occidental still has 5,800 evacuees in La Castellana, La Carlota, and Bago, who remain housed in various evacuation centers. Meanwhile, affected farmers in La Castellana, with assistance from the Municipal Agriculture Office, have begun preparing land for the Municipal Vegetable Seed Production Project (MVSPP). The initiative aims to help farmers grow seeds for local food supply and income, supporting their recovery. In Bago, Mayor Nicholas Yulo said officials are focusing on helping Kanlaon evacuees rebuild their homes. Some will be resettled in nipa huts purchased by the city government as temporary shelters in Barangay Napoles. “Next to be endeavored is for the evacuees’ livelihoods, including farming assistance,” Yulo said. Meanwhile, Task Force Kanlaon head Raul Fernandez told Rappler on Monday, February 10, that Kanlaon had beenreleasing 2,183 tonnes of carbon dioxide per daysince Saturday, February 8. On Sunday, it also recorded 15 volcanic quakes, all tectonic in origin. Fernandez, citing information from thePhilippine Institute of Volcanology and Seismology(Phivolcs), said the volcano could soon produce a lava flow or lava fountaining. He admitted that Task Force Kanlaon lacks standby service vehicles needed for the evacuation of around 100,000 residents from areas near the foot of the volcano in case of another eruption. To address this, he said officials are coordinating with the Land Transportation Franchising and Regulatory Board (LTFRB) to secure a memorandum of agreement with a bus company. The arrangement would provide at least 100 Ceres buses for evacuation efforts if Kanlaon erupts again. –Rappler.com How does this make you feel?"
"DA okays onion importation to avoid repeat of 2022 crisis, farmers question timing",https://www.rappler.com/business/department-agriculture-onion-importation-february-2025/,2025-02-06T14:21:50+08:00,," SUMMARY This is AI generated summarization, which may have errors. For context, always refer to the full article. The Department of Agriculture raided a warehouse in Navotas City where smuggled agricultural products such as onion, carrots and tomatoes were found, on August 19, 2024. Rappler MANILA, Philippines – Agricultural Secretary Francisco Tiu Laurel Jr. confirmed on Thursday, February 6, that he authorized the importation of 3,000 metric tons of red onions and 1,000 metric tons of white onions — set to arrive in the next two weeks — to avoid a repeat of the2022 onion crisis. “We will not risk a potential shortage that unscrupulous traders could exploit to drive up prices, as we saw in the past,” said Tiu Laurel. “We do not want a repeat of the 2022 crisis.” The DA said in a statement that according to data from the Bureau of Plant Industry (BPI),  there are 8,500 metric tons of red onions and 1,628 metric tons of white onions in storage as of the middle of January. The BPI had recommended the importation. BPI Director Glenn Panganiban had clarified that the imports are meant to be a “preemptive measure” for possible supply gaps that may emanate from the onslaught oftyphoons, pests, and diseases in 2024. “While we were assured during our consultative meetings that there is still ample supply of onions, BPI recommended minimal imports to prevent major price spikes,” said Panganiban. Agricultural group Samahang Industriya ng Agrikultura (SINAG) questioned the timing of the importation, saying this will harm onion farmers who are only beginning to start their harvest. “Why not wait until after harvest?” SINAG executive director Jayson Cainglet  asked on Thursday. Cainglet said the onion harvest had been delayed becauseSuper Typhoon Pepitoaffected planting last year. Importing onions as farmers are beginning to harvest would mean losses for the farmers, he said. “’Pag ngayon mo papasukin during harvest, papatayin mo talaga ang kabuhayan ng farmers,”he said. (If you import onions now during harvest, you will really kill farmers’ livelihood.) After farmers harvest, the onions will be placed in cold storage facilities and an inventory of available supply can be made. The surge in onion prices in 2022 prompted a congressional inquiry where lawmakers pointed to an “onion cartel” as behind the “artificial” spike in prices. In December 2024, theDA blacklisted three importerslinked to the alleged onion cartel for price manipulation and collusion which limited competition.– Rappler.com How does this make you feel?"
DA says P35 per kilo NFA rice out soon. Will private traders lower prices?,https://www.rappler.com/philippines/will-private-traders-follow-lower-rice-prices-food-emergency/,2025-02-04T15:04:11+08:00,," SUMMARY This is AI generated summarization, which may have errors. For context, always refer to the full article. RICE. Workers unload bags of rice from a truck at a warehouse on Dagupan Street in Divisoria, Manila, on February 3, 2025. Rappler MANILA, Philippines – After the declaration of afood security emergency on rice, the Department of Agriculture (DA) expects rice buffer stocks from the National Food Authority (NFA) to be sold at P35 per kilo. But is this enough to make private traders lower their prices? Under a food emergency, the NFA can release rice buffer stocks — usually reserved for distribution during calamities — which the DA can then sell to local government units, government-owned and -controlled corporations, and Kadiwa stores. The NFA carries the well-milled variety of rice. Around 300,000 metric tons are currently stored in their warehouses, and 150,000 metric tons are set to be released within six months if the food emergency lasts until then. The government hopes that releasing NFA rice at a lower retail price will affect retail prices in the market. As ofFebruary 1, local well-milled rice was being sold at P40 to P50 per kilo. Consumers may find NFA rice at P35 per kilo in the market within the week or next week, said DA Assistant Secretary Genevieve Guevarra. Local governments that the government is striking agreements with for the distribution of NFA rice include Metro Manila cities and Cavite. NFA warehouses are currentlyoverwhelmedand there is an urgent need to make space for the new stocks as palay harvest season comes around. “The harvest season is about to start and we really have to release the stocks of NFA so we can create more space to accommodate the incomingpalaydeliveries from the farmers,” said Untiveros in a mix of Filipino and English during a press briefing on Tuesday, February 4. Since the DA will be selling at P33 per kilo so retail prices will be pegged at P35 per kilo, the government is set to lose P12 to P15 per kilo, according to NFA Manager for Operations Roy Untiveros. That’s a total loss of around P1.8 billion to P2.25 billion for the 150,000 metric tons of rice to be released. Will private traders follow suit? “I don’t think private traders will agree to lose money,” said Raul Montemayor, national manager of the Federation of Free Farmers Cooperative, in a response to Rappler. “If they cannot match the P35 [per kilo] NFA price [which is most probable], they might just decide to stick to their own [higher] prices and try to differentiate their stocks from those of NFA,” said Montemayor. The effect of cheaper NFA rice — which the government is betting on to influence retail prices of other rice varieties — will thus have less impact. “Private retailers will give up some of their consumers who shift to NFA rice, but maintain other consumers and supply them with better quality or different rice grades at higher prices,” Montemayor added. The declaration of a food emergency is not enough, according to former senator Francis “Kiko” Pangilinan. The measure should be paired with an “intensified campaign” against smugglers and traders exploiting the situation. “Kung deklarasyon lang at hindi naman hahabulin ang nagsasamantala, hindi binabantayan itong sistema ng pag-import, hindi sasampahan ng kaso itong mga nagsasamantalang trader, deklarasyon lang iyan,”Pangilinan said in aDZBB Super Radyo interviewon Tuesday. (If they won’t go after those taking advantage of the situation, does not monitor the import system, and won’t press charges against exploitative traders, that’s just a declaration.) Pangilinan was the presidential assistant for food security under the Aquino administration from 2014 to 2015. The former senator said that when they sold NFA rice at P32 per kilo and went after traders and some NFA officials in 2014, there was a P3 per kilo decrease in retail prices a year later. Thedepartment circularthat Agriculture Secretary Francisco Tiu Laurel Jr. issued on Monday, said that the food emergency will remain in force until he decides otherwise. The National Price Coordinating Council (NPCC) found that there was an extraordinary increase in prices of rice. The NPCC, chaired by the Department of Trade and Industry (DTI) chief, then recommended to the DA to declare a food emergency. “There is an extraordinary increase in price of rice when rice inflation has exceeded the upper bound target for food inflation and reached double digits,” said DTI Assistant Secretary Aga Uvero on Tuesday. But the goal is to revert prices back to July 2023 levels, when local well-milled rice sold for P45 per kilo and regular-milled variety sold for P41 per kilo. “Ang pinagbabasehan kasi ‘yung July 2023 na tumaas at never — halos hindi na bumaba,”Uvero said.“So, continuing ‘yung price increase.” (We’re basing this on the July 2023 level when rice price increased and never — almost didn’t decline since. There’s a continuing price increase.) Uvero referred to the resolution from the NPCC, saying that “such a condition is considered to remain in place while rice prices have not returned close to their levels prior to the breach of the food inflation targets which happened in July 2023.” In 2023, rice inflation rose to a14-year high of 19.6%in December. In the same year, President Ferdinand Marcos Jr. set aprice capnationwide, which helifted a month later. – Rappler.com How does this make you feel?"
DA lowers maximum SRP for imported rice to P55,https://www.rappler.com/philippines/da-lowers-maximum-srp-imported-rice-february-2025/,2025-02-04T11:03:50+08:00,," SUMMARY This is AI generated summarization, which may have errors. For context, always refer to the full article. STAPLE. Workers unload bags of rice from a truck at a warehouse on Dagupan Street in Divisoria, Manila, on February 3, 2025. Rappler MANILA, Philippines – The Department of Agriculture (DA) is lowering the maximum suggested retail price (MSRP) for imported rice fromP58to P55 per kilo starting Wednesday, February 5. “Starting tomorrow, the MSRP for 5% imported rice will now be sold at P55 per kilo,” said DA spokesman Arnel de Mesa in a press briefing on Tuesday, February 4. “And then, by February 15, the MSRP will now be nationwide,” he added. The MSRP is only in effect in Metro Manila. The agriculture department set the MSRP to curb prices of imported rice, which remained high despite the tariff cut from 35% to 15%. Agriculture Secretary Francisco Tiu Laurel Jr. previously said when the MSRP was first set that the objective was to get rid of imported rice sold at P60/per kilo in the market. According to De Mesa, the agency plans to lower the MSRP further following periodic reviews. The implementation of a lower MSRP comes two days after theDA announced a food security emergency on riceto enable the NFA to release its rice buffer stocks. As of February 1, prices of imported rice ranged from P38 (regular-milled) to P61 (special). President Ferdinand Marcos Jr. had promised during his 2022 campaign tolower the price of rice to P20/kilo. – Rappler.com How does this make you feel?"
