title,link,date_published,author,text
Arms to farms: Maguindanao del Sur’s agriculture roadmap for former rebels,https://www.rappler.com/philippines/mindanao/maguindanao-del-sur-agriculture-roadmap-former-rebels/,2025-10-21T12:18:03+08:00,,"COTABATO CITY, Philippines —Maguindanao del Suris pioneering an ambitious program that seeks to transform former battlegrounds into high-value food production zones with decommissioned combatants at the core of its economic strategy. The province is rolling out an Integrated Farming System (IFS), with the production of halal wagyu beef andmanok(chicken) Pinoy as its flagship program. The initiative has garnered high-level support, positioning agriculture as the ultimate engine for peace, according to former agriculture secretary Emmanuel Piñol during a consultation visit by some Bangsamoro officials in his farm in Kidapawan City. Presidential Peace Adviser Secretary Carlito Galvez Jr., a staunch IFS supporter, met recently with Piñol to finalize the halal wagyu blueprint. Central to the strategy is the inclusion of the former base commands of the Moro Islamic Liberation Front (MILF) and strongholds of the Moro National Liberation Front (MNLF). “It will be a major success in the peace process if we succeed in transforming former rebel camps into food production zones where former combatants will join us in the fight against hunger,” said Galvez, who stressed that peace begins when a family has food on the table three times a day. The IFS is has two key phases, beginning with the foundation of the program and feedstock. Starting October, pilot areas for sorghum, soybeans, and corn will be established, according to Piñol. “These crops are the primary raw materials crucial for a robust, integrated system that feeds the poultry, small ruminants (like goats), and cattle,” Pinol said. An assured market will guarantee that participating farmers can generate income within the first six months. The second phase is high-value halal production. This stage will scale up free-range chicken farming and establish facilities for raising small ruminants and the cattle necessary for the production of premium halal wagyu beef. Galvez’s vision is to turn former rebels and their families into cattle farmers to supply the high demand for halal beef in theBangsamoro region. To aid in the strategy’s success, Maguindanao del Sur Representative Esmael “Toto” Mangudadatu is pushing for a resource-based approach, leveraging the region’s vast land and shallow water table, particularly in the Liguasan Marsh area. Mangudadatu, a farmer himself,  advocates sustainable livelihood over perpetual aid, urging a focus on aquaculture and poultry for former MILF combatants. A business model, assisted by government initiative and funding scheme is designed for the project designed for combatants where he will be working with BARMM government. This features a closed-loop system where catfish and tilapia are raised, with the catfish fed with by-products from poultry, creating a sustainable, waste-reducing cycle. Mangudadatu assured the farmers that on the  “buy-back” of the fish harvest, to be processed into vacuum-packed fish fillets for premium markets. The fish heads and bones will be converted into halal-certified poultry feeds. The “scale and tech program” design  plans to equip each family of former combatants who are interested in the venture with a 1,600-head cage-type poultry farm (estimated at P626,000 to P666,000) and a hatchery capable of producing up to 100,000 chicks weekly, ensuring continuous supply and production. Support for the ambitious farming system is quickly mobilizing, according to Piñol. National Irrigation Administration (NIA) Administrator Eddie Guillen has pledged to install solar-powered water systems (SPWS) across Maguindanao del Sur. The SPWS, which Datu Anggal Mayor Nathaniel Midtimbang has been pushing for, will provide both irrigation for agriculture — critical for the halal wagyu program — and potable water for the Teduray and former combatant communities. The combined approach — leveraging high-value halal commodities, integrated ecology, guaranteed market support, and modern solar technology — marks a paradigm shift: planting the seeds of food security and economic prosperity to firmly secure the gains of the peace process. –Rappler.com"
Chinese smugglers ‘operate freely’ with help of PH gov’t officials — Pangilinan,https://www.rappler.com/business/chinese-smugglers-operate-freely-help-government-officials-philippines-pangilinan/,2025-10-20T18:41:06+08:00,,"MANILA, Philippines – Chinese smugglers, Philippine government officials and employees, and local businessmen are “in connivance” to bring in millions worth of misdeclared agricultural goods in the country, Senator Francis “Kiko” Pangilinan said on Monday, October 20. Pangilinan, head of the Senate committee on agriculture, food, and agrarian reform, has been leading an investigation into smuggling and prices of food commodities, such as imported rice and fish. Officials and employees from the Bureau of Customs, National Bureau of Investigation, Philippine National Police, Department of Agriculture (DA), Department of Justice, and the Bureau of Immigration “allow these Chinese smugglers and their local partners to operate freely,” Pangilinan said during aSenate hearingon Monday. “Unti-unting nabubunyag ang bulok na sistema kung saan mga dummy consignee at insiders nagsasabwatan kasama ang ilang mga opisyal ng Customs, at posible rin taga-DA,”said Pangilinan. (Slowly the rotten system is being exposed, where there are dummy consignees and insiders colluding with officials from Customs and possibly even from the Department of Agriculture.) The government had seized containers of misdeclared goods coming from China. The products smuggled in and eventually seized by the government were white and red onions and frozen mackerel. Pangilinan said these seizures were only done “to show a semblance of law enforcement while ensuring that no big-time smuggler is prosecuted for the non-bailable offense of economic sabotage.” Smuggling is one of the crimes considered as “economic sabotage” under theAnti-Agricultural Economic Sabotage Act, which President Ferdinand Marcos Jr. signed in September 2024. During Monday’s hearing, Pangilinan identified the following Chinese exporters who smuggle misdeclared goods into the Philippines: Last July, Agriculture Secretary Francisco Tiu Laurel Jr. said theyintendto conduct risk assessment of shipments coming from China. It was on the same day that the Bureau of Customs seized containers of smuggled onions and frozen mackerel from China declared as mantou, egg noodles, and kimchi. According to Tiu Laurel in September, the DA had led 182 anti-smuggling operations between January 2024 and July 2025. This resulted in the seizure of P3.78 billion worth of illegal agricultural and fishery goods, the statement from DA said. The agriculture department does not have enforcement authority and has only been able to blacklist several agricultural importers so far. Misdeclaring agricultural products as food products help exporters and consignees evade more stringent regulations.– Rappler.com"
Bounty Fresh aims to strengthen operations amid growing appetite for poultry,https://www.rappler.com/business/bounty-fresh-strengthen-operations-poultry-consumption-growth-october-2025/,2025-10-19T15:37:55+08:00,,"MANILA, Philippines – Bounty Fresh is focusing its efforts into strengthening its operations in core businesses as demand for poultry in the Philippines is expected to grow in the mid-term. The agribusiness firm’s president and chief executive officer Kenneth Cheng said on Monday, October 13, that the company does not intend to go public any time soon, and instead, focus on strengthening its domestic supply chain. “Right now we’re investing for the future. We are not only investing in new farms, we’re also investing in new plants,” he explained. Cheng did not disclose the exact figure of Bounty Fresh’s capital expenditures (capex) for the year, but he noted that the firm is allocating around half of its capex to expansion. This includes the construction of new facilities such as farms and processing plants. Plans for expansion come as consultancy firm GIRA estimates that poultry consumption in the Philippines will grow 500,000 tons every five years. This translates to a poultry consumption of 4.5 million tons by 2050, double the current 2 million tons. “Filipinos are going to eat chicken, whether the local farmers produce them or not. If we don’t produce them, it will be coming in by importation. And so this is an opportunity for the local poultry farmer, but it’s also a challenge,” Cheng said. In order to keep up with growing poultry demand, Bounty Fresh aims to sustainably strengthen its supply chain by boosting production, distribution and market reach to balance growth with demand. Cheng noted that one of the obstacles to achieving this is the limited workforce in agriculture as the youth pursue other fields. He also stressed the need to invest in the agricultural sector’s workforce to develop stockmanship and create a career pipeline that younger generations can build a career out of. The Bounty Fresh chief also underscored the need to invest in biosecurity to help the sector keep pace with the demand. Bounty Fresh is the Philippines’ second largest poultry integrator. The company estimates that it contributes around a quarter of the country’s total poultry production. Cheng added that that the Inoza Group’s recent acquisition of the Bistro Group will help integrate Bounty Fresh’s chicken business into the restaurants. Inoza Holdings of Bounty Fresh chairman Tennyson Chen acquired 22% of the Bistro Group from tycoon Andres Soriano III’s A. Soriano Corporation for P1.9 billion on October 2. – Rappler.com"
Century Pacific buys another coconut facility. What’s next for its food business?,https://www.rappler.com/business/century-pacific-food-buys-coconut-processing-facility-roxas-company/,2025-10-17T01:07:37+08:00,,"MANILA, Philippines – The Po family’s agribusiness continues to ride the global consumer shift toward healthy food and active lifestyles. Agribusiness conglomerate and food exporter Century Pacific Food Incorporated (Century Pacific) said on Thursday, October 16 that it acquired another integrated coconut processing facility in Mindanao, this time in Tupi, South Cotabato, from legacy firm Roxas and Company for P2.6 billion. Century Pacific, which supplies raw material for the international coconut water brand Vita Coco, said the acquisition would boost its coconut processing capacity. “Across the globe, the demand for coconut products is on the rise, underpinned by long-term shifts toward healthier consumption and wellness-oriented lifestyles. As one of the world’s top coconut producers, the Philippines enjoys a competitive edge, with Century Pacific among its emerging players playing in both export and domestic markets,” Century Pacific said in a disclosure to the Philippine Stock Exchange. Last January, Century Pacific renewed its long-term P14-billioncontract with The Vita Coco Company, which has become a leader in coconut water globally. Global pop icons such as Madonna and Rihanna, as well as sports celebrities like American tennis player Amanda Anisimova, have endorsed Vita Coco. A post shared by Vita Coco (@vitacoco) Coconut water is being marketed as a “natural source of electrolytes and antioxidants” that are needed for good health and hydration. In 2024, Century Pacific’s growth was driven by its OEM exports such as coconut water concentrates. The company attributed the 36% growth year-on-year to “a favorable commodity cycle and strong demand for healthier products.” Century Pacific said the acquisition of the integrated coconut facility was via its wholly owned subsidiary Coco Harvest Incorporated, which bought it from Roxas and Company subsidiary Roxas Sigma Agriventures Incorporated. “The plant currently produces high-value coconut products such as coconut cream, coconut milk, virgin coconut oil, and coconut water concentrate. Planned enhancements will further expand its capabilities to serve both domestic and export markets, adding new product lines and improving overall efficiency,” Century Pacific said. Century Pacific has two other coconut processing hubs in Mindanao, one in General Santos City, and another in Misamis Occidental. Roxas and Company said proceeds from the sale of this facility will be used to pay off the debts and liabilities of Roxas Sigma. It was also in line with the legacy firm’s decision to focus on developing itslandholdings in Nasugbu, Batangas. Roxas Sigma’s coconut processing facility started commercial operations in 2018 producing all-natural coconut cream and milk, coconut water concentrate, and virgin coconut oil to clients worldwide. It has around 150 regular workers. The facility it sold is also a big buyer of dehusked nuts and helps provide livelihood in South Cotabato. “We are confident that Century’s plans to upgrade the facility will usher in a new phase of growth and expanded product offerings,” said Antonio Roxas, Roxas Sigma’s business development manager. With the acquisition, Century Pacific said its coconut operations will employ around 800 workers in Mindanao. “This acquisition is a milestone for our coconut business and a testament to our commitment to inclusive growth. By expanding our capacity in coconuts, we not only enhance our competitiveness in the global coconut industry but also create meaningful economic opportunities for local communities in Mindanao,” said Noel Tempongko, vice president and general manager of Century Pacific’s OEM Coconut Exports. An OEM or Original Equipment Manufacturer produces raw materials or parts that another company needs. “The additional capacity will allow us to innovate and serve the market with more high-quality, better-for-you coconut products, supporting our mission to deliver affordable nutrition to our consumers,” Tempongko added. Century Pacific ventured into the coconut industry in 2012, manufacturing coconut water for OEM exports. It also produces and exports the coconut water brand Aqua Coco. It has since expanded its manufacturing capabilities to include a wider range of products such as Coco Mama Fresh Gata. In 2020, Century Pacific ventured into the vegan meat alternative with its unMEAT products. Aside from the Philippines, these products are now sold in over 13,000 points of sale in the US, Singapore, China, Middle East, and Europe. A post shared by unMEAT (@meetunmeat.ph) The Century Pacific Group was started in 1978 by Ricardo Po Sr., focused on exporting canned tuna, with famous brands like Century Tuna, 555, and Ligo. It has since grown the business into other food-related businesses, including meat (e.g. Argentina brand), and dairy (e.g. Birch Tree, Angel).–Rappler.com  "
[Ask the Tax Whiz] How do Filipinos benefit from a higher excise tax on sugary drinks?,https://www.rappler.com/business/ask-the-tax-whiz-how-filipinos-benefit-higher-excise-sugar-drinks/,2025-10-10T15:00:00+08:00,,"The two-tiered specific tax on Sweetened Beverages (SBs) was introduced through Republic Act No. 10963, or theTax Reform for Acceleration and Inclusion (TRAIN) Law, enacted in 2017 and implemented in January 2018. This policy led to higher prices for sweetened drinks, with a tax of P6 per liter for beverages using caloric and non-caloric sweeteners and P12 per liter for those containing high fructose corn syrup (HFCS). The tax was introduced for two main reasons: (1) to raise government revenue and (2) to discourage the consumption of sugary drinks linked to obesity and higher risk of non-communicable diseases (NCDs). On September 30, 2025,House Bill No. 5003was introduced to strengthen the effectiveness of the current sugar-sweetened beverages tax policy by updating the tax rates and expanding its coverage. The bill aims to further reduce the consumption of sweetened beverages and address the growing cases of NCDs, overweight, obesity, and undernutrition linked to dental caries, while also increasing government revenue to fund urgent health and nutrition programs. Under Section 150-B, an excise tax increase from P6 to P20 per liter of volume capacity shall be imposed, assessed, and collected on sweetened beverages using purely caloric sweeteners, purely non-caloric sweeteners, or a mix of the two. Sweetened beverages that use purely coconut sap sugar and purely steviol glycosides remain exempt from the tax. Meanwhile, beverages using purely high fructose corn syrup or any combination of HFCS with caloric or non-caloric sweeteners shall be subject to a higher tax rate, increased from P12 to P40 per liter of volume capacity. In addition, the new law will impose an excise tax of P6 per liter of volume capacity on all flavored milk, fermented milk, flavored non-dairy milk, and sweetened coffee products. Lastly, the newly created Section 150-C provides that the tax rates shall be automatically increased by six percent (6%) every year, effective January 1, 2026, if the bill is enacted. Under the proposed amendment, the allocation of revenues from the excise tax on sugar-sweetened beverages has been revised. The portion allocated to the Philippine Health Insurance Corporation (PhilHealth) for the implementation of the Universal Health Care Act of 2019 is reduced from 80% to 40%. Similarly, the share allotted nationwide for medical assistance, the Health Facilities Enhancement Program (HFEP), and other health-related needs managed by the Department of Health (DOH) is decreased from 20% to 10%, with allocations distributed by political and district subdivisions. The remaining 50% of the total revenue shall be allocated to the Department of the Interior and Local Government (DILG) for distribution to provinces to support local health and nutrition programs. This 50% DILG share is further divided into two (2) portions; the 40% shall be used for nutrition-specific programs targeting children aged zero to five years, as well as pregnant and lactating women. While the remaining 10% shall fund nutrition-sensitive interventions, such as water, sanitation, and hygiene (WASH) programs, as determined by the DILG. This revised allocation aims to balance support for universal health care with a stronger focus on local nutrition and hygiene initiatives, ensuring that the health impacts of sugary drink consumption are addressed from both preventive and curative perspectives. –Rappler.com "
DA to take over farm-to-market road projects from DPWH,https://www.rappler.com/philippines/department-agriculture-take-charge-farm-market-road-works/,2025-10-10T14:55:41+08:00,,"MANILA, Philippines – The Department of Agriculture (DA) will take charge of farm-to-market road projects from the Department of Public Works and Highways (DPWH), Agriculture Secretary Francisco Tiu Laurel Jr. said on Friday, October 10. “This mandate is too large, too critical and too prone to misuse to be entrusted to a single agency,” Tiu Laurel said during theSenate hearingon DA’s proposed budget for 2026. He said the DA will work with local governments and farmer groups, and enlist independent auditors and reputable third-party surveyors. This comes following SenatorSherwin Gatchalian’squestion last Wednesday, October 8, if the agriculture department can take over the lead in farm-to-market road construction projects instead of corruption-riddled DPWH. Gatchalian estimated losses of more than P10 billion in public funds from overpriced farm-to-market road projects between 2023 and 2024. The overpricing referred to costs exceeding the standard estimate of P15,000 per kilometer. Tiu Laurel was initially reluctant about the proposal, saying on Wednesday that, in light of the flood control corruption scandal, he would rather “not have it under the DA.” Since issues of flood control corruption andghost projectscame to light, the agriculture department has been auditing farm-to-market roads. The DA has so far discovered alleged ghost projects in Mindanao through the audit expected to be completed by the end of 2025. “If we’re going to build roads, they must lead to farms, not fraud,” said Tiu Laurel on Friday. – Rappler.com"
Zaldy Co-linked firm ranks No. 3 in 2024 farm-to-market road projects,https://www.rappler.com/philippines/zaldy-co-firm-hi-tone-top-farm-market-road-contractor-2024/,2025-10-09T14:08:02+08:00,,"MANILA, Philippines – Hi-Tone Construction and Development Corporation, a firm co-founded by resigned Ako Bicol representativeZaldy Co’s brother Christopher, was the third top contractor of farm-to-market roads in 2024, according toSenator Sherwin Gatchalian. Gatchalian said Hi-Tone bagged farm-to-market road contracts amounting to P221,836,741.54 in 2024, citing recent data his office obtained from the Department of Public Works and Highways. The senator suggested possible collusion, citing Hi-Tone’s unusually high number of awarded contracts and the Bicol Region’s 80 farm-to-market road projects in 2024 — the most among all regions. Gatchalian said the projects cost at least P30,000 per meter. “Obviously Hi-Tone – ito ‘yung construction company na connected kay Zaldy Co,”said Gatchalian during the Senate deliberations on the Department of Agriculture’s proposed budget on Wednesday, October 8. “Tingin ko hindi naman coincidental na ang pinakamalaking nakakakuha ng FMR ay Region 5 tapos pangatlong pinakamaraming nakuhang kontrata is connected kay Zaldy Co,”he added. (Obviously, Hi-Tone – this is the construction company connected to Zaldy Co. I think it’s not coincidental that the region with the highest number of farm-to-market projects is Region 5 and the third top contractor is connected to Zaldy Co.) Hi-Tone follows GCI Construction and Development Corporation and EGB Construction Corporation in the list of top 20 farm-to-market road projects. During the hearing, Gatchalian cited “extremely overpriced” farm-to-market roads costing up to P348,432 per meter. His office estimated that the government lost P10.3 billion to overpricing from 2023 to 2024.“Obvious, may overpricing, ‘di ba?”said Gatchalian during the hearing.“At may overpricing, sigurado ako may corruption ‘yan.”(It’s obvious that there’s overpricing, right? And if there’s overpricing, for sure there’s corruption) For reference, Agriculture Secretary Francisco Tiu Laurel Jr. said DPWH’s standard cost for farm-to-market roads is an estimated P15 million per kilometer. This means a cost of P15,000 per meter. But even Tiu-Laurel said this standard is “too high.” “Ako galing ako sa private sector and I’ve built roads eh.Easily, pwede mong tanggalin ‘yung 30% niyan eh,” he said. (I came from the private sector and I’ve built roads. Easily, you can remove 30% of the cost.) The government has a backlog of 60,000 kilometers of farm-to-market roads, according to the agriculture secretary. Since the flood control corruption came to light, the Department of Agriculture started an audit of farm-to-market roads in September. The agency has so far discovered alleged ghost projects in Mindanao and is expected to complete the report by the end of 2025. Asked if the DA can handle the construction of farm-to-market roads instead of DPWH, Tiu Laurel said, “We are capable but in view of the scandals that [are] happening I would rather not have it under the DA.”– Rappler.com"
Trump’s tariff war is ASEAN ministers’ lunchtime talk: ‘Have you closed?’,https://www.rappler.com/newsbreak/inside-track/trump-us-tariffs-lunchtime-talk-asean-agriculture-ministers-october-2025/,2025-10-03T13:48:55+08:00,,"MANILA, Philippines – Despite its substantial impact on global trade, US President Donald Trump’s aggressivetariff policywas “not mentioned” in the formal high-level meetings of ASEAN agriculture and forestry ministers held here this week. It was, instead, discussed during informal talks over lunch. “In general, the discussion on tariffs was mostly done over lunch by a simple question: ‘Have you resolved or have you closed?’” Agriculture Secretary Francisco Tiu Laurel Jr. told reporters on Thursday, October 2. In a luxury hotel along Manila Bay, Tiu Laurel was speaking at a press conference midway through the 47th Meeting of the ASEAN Ministers on Agriculture and Forestry (AMAF). AMAF is the highest decision-making body of the bloc on agriculture and forestry. Dialogue partners of the body in the AMAF meeting included China, Japan, and South Korea. Tiu Laurel’s “lunch” response came after he was asked the third time around about US tariffs. The Philippines’ agriculture chief said that most ministers he talked with said they still have no final tariff deals with the US. He did not name which member-states. While the issue of US tariffs was not formally discussed, Tiu Laurel said ASEAN ministers did agree on increasing trade within the region “so that we can rely on each other first rather than relying on others that are far away.” “Of course, a discussion also is to find other markets around the world for ASEAN products,” he added. Since August, Philippine goods entering the US face a19% tariff rate. Meanwhile, US exports entering the Philippines are supposed to be tariff-free, although Philippine officials say there’s still no signed agreement. Despite what seems an uneven bargain, the Marcos administration framed talks with Trump last July a“successful achievement”when it managed a one-point decrease. Negotiations are still ongoing as the Philippines seeks exemptions to the 19% tariff rate. Asked if China is already positioning to fill the gap that a more protectionist America leaves in the wake of higher import duties, Tiu Laurel said “there was no real discussion with China” yet. China, however, “has been open in general” to Philippine durian exports and other ASEAN produce, according to Tiu Laurel. Here’s the list of US tariffs imposed on other ASEAN countries: – Rappler.com"
"Cheng family, owner of Bounty Fresh, now has 200 restaurants via The Bistro Group",https://www.rappler.com/business/cheng-family-owner-bounty-fresh-bistro-group-restaurants/,2025-10-02T22:58:16+08:00,,"MANILA, Philippines – The Cheng family, owner of major poultry producer Bounty Fresh and roasted chicken brands Chooks-to-Go and Uling Roasters, further increased their controlling stake in The Bistro Group of restaurants after buying the minority interest of legacy firm Anscor for P1.9 billion on Wednesday, October 1. The Cheng family became majority owner of The Bistro Group only last August after market regulatorPhilippine Competition Commission cleared their acquisitionof the restaurant operator from private equity firm Navegar I Pte. Ltd. (Navegar). The latter invests in various Philippine firms, and bought into The Bistro Group (TBG Food Holdings Inc.) in 2014. (READ:How Bounty Fresh’s ‘Food Made Better’ promise is more than a tagline) A. Soriano Corporation (Anscor), led by tycoon Andres “Andy” Soriano III, disclosed on Thursday, October 2, that it sold its entire minority stake in TBG Food Holdings (TBG), the corporate entity of The Bistro Group, to the Chengs’ Inoza Business Holdings (Inoza). “Anscor extends its best wishes to the Bistro and Inoza teams. We are confident they will continue delighting Filipino consumers with their quality dining experiences for many years to come, and we look forward to seeing their continued success,” the 95-year-old Philippine company said. The Bistro Group is one of the biggest restaurant operators in the Philippines with more than 200 full-service restaurants and over 20 brands catering mainly to the middle- to upper-income classes. These include (in alphabetical order): The Bistro Group plans to open 100 more stores over the next 5 years, including American sports bar-restaurant Dave & Buster’s. It recently opened Brazilian steakhouse Fogo de Chāo in Glorietta Mall, Makati. A post shared by Fogo De Chao (@fogodechaophilippines) Anscor had invested P1.6 billion in TBG only last November 13, 2024 in a deal with Navegar, so the sale of its minority stake means a windfall of P304 million for Andy Soriano III’s investment firm in less than a year. Anscor, at that time, described it as an investment “in one of the most attractive and resilient market segments in the Philippines, the consumer sector.” Months later, Navegar sold its majority stake in TBG to Inoza. “The transaction represents value realization by Anscor of its investment in TBG. Anscor realized gross annualized returns greater than 25% on its investment in TBG, through a combination of distributions and capital gains,” Anscor said in its disclosure. One of Anscor’s subsidiaries is Seven Seas Resorts and Leisure Incorporated, owner of the world-renowned Amanpulo Resort, a 90-hectare island in Pamalican, Palawan province. Bounty Fresh started in 1986 with a single poultry house producing fresh eggs in the province of Bulacan, and has since grown to being one of the largest integrated poultry producers in the Philippines. It is led by Bounty Fresh Group Holdings Inc. (BFGHI) chairman Tennyson Chen and CEO Kenneth Cheng. Their Chooks-to-Go food business now has over 1,800 outlets nationwide. (READ:How Chooks to Go built a business bigger than GMA Network) The Cheng family is also known in the Philippines for supporting various sports activities, including thePhilippine men’s basketball teamGilas Pillipinas, and the Philippine men’s football team Azkals. Bounty Fresh has also partnered withFIBA to promote 3×3 basketballin the Philippines via the Chooks-to-Go Pilipinas 3×3 tournaments. The Bistro Group started in the Philippines over 30 years ago when entrepreneur William “Bill” Stelton brought the American casual restaurant TGI Friday’s, opening his first store in Glorietta, Makati in 1994. A post shared by The Bistro Group (@thebistrogroup) TGI Friday’swas a big hit, and The Bistro Group expanded by bringing in Italian-American restaurant Italianni’s next. Other brands offering various cuisines — Japanese, Spanish, Chinese, Korean, among others — followed. –Rappler.com"
NFA needs P3 billion for emergency palay procurement,https://www.rappler.com/philippines/nfa-needs-funds-emergency-palay-procurement-september-2025/,2025-09-30T15:27:54+08:00,,"MANILA, Philippines – The National Food Authority will need P3 billion to implement emergencypalay(unhusked rice) procurement measure following the damage caused byrecent stormsand reports of plunging prices. “[I]t will cover funds to buypalay,rental costs of warehouses and logistical fees,” NFA Administrator Larry Lacson told reporters on Tuesday, September 30. Asked of their timeline, Lacson said emergency procurement should be done at the “soonest possible time because the the problem is now.” Most of the stocks they will purchase, said Lacson, are storm-damagedpalay. While storm-damagedpalaywill sell for lower prices, Lacson said the government will not buy these at single-digit prices. NFA currently buys drypalayat P23/kilo and wetpalayat P17/kilo. “The national government will not do that because we would like to really help our farmers that are in distress right now.” The NFA is expecting an executive order from the Palace anytime soon which will green light emergencypalayprocurement with the needed funds. The NFA will have to rent private warehouses to store thepalaythat will come in, according to Lacson. They have yet to ascertain the volume ofpalaythey can procure and warehouse capacity that the emergency procurement will require. Concerns mount aspalayis reportedly selling for less than P10/kilo in parts of the country, even with the government’s60-day rice import ban. Depressed prices coincide with the wet harvest season, as the Philippines records P1.95 billion in agricultural losses in the aftermath of tropical cyclones Mirasol, Nando, and Opong as of September 29. NFA continues to maintain a 12-day buffer stock (roughly 446,000 metric tons, according to Lacson) despite inclement weather and damage sustained. “Over the weekend, everyone in the DA (Department of Agriculture) has been at work. I was with President Marcos in Northern Luzon, and these are the decisions that have been made,” Agriculture Secretary Francisco Tiu-Laurel Jr. said of lowpalayprices in a press release on Monday, September 29. Among these measures to stabilizepalayprices, according to DA’s release, are extending the import ban, implementing floor price, increasing rice tariffs after the ban, and blocking government agencies, local governments from buying imported rice.– Rappler.com"
DAR eyes P17.4-billion budget for 2026,https://www.rappler.com/philippines/department-agrarian-reform-budget-2026/,2025-09-10T21:15:03+08:00,,"MANILA, Philippines – The Department of Agrarian Reform (DAR) is asking for P17.4 billion for their 2026 budget, P6 billion more than their 2025 appropriation. The 2026 National Expenditure Program (NEP) is allotting P2.2 billion to provide training for 325,618 agrarian reform beneficiaries (ARBs). This allocation also aims to give credit and microfinance services to 140,591 ARBs and technical support to more than 3,000 ARBs. The land tenure security program for the distribution of private and public agricultural lands is getting P3.9 billion. Budget for DAR’s Support to Parcelization of Lands for Individual Titling or SPLIT project jumped from P669 million in 2025 to P5.1 billion in the 2026 NEP. This program aims to turn 1.38 million hectares of collective land titles to individual titles. The House committee on appropriations deliberated on DAR’s proposed 2026 budget on Thursday, September 11. Minority Floor Leader Marcelino Libanan asked what’s taking so long in the distribution of agricultural lands. DAR Secretary Conrado Estrella III said this is due to the expansion of DAR’s scope to include more agricultural lands for distribution regardless of crops and beyond rice and corn fields. According to Estrella, turning collective land titles into individual ones under the SPLIT project also further stretched the process. Several lawmakers expressed their full support for the agency. Cagayan de Oro City 2nd District Representative Rufus Rodriguez said the DAR has shown “excellent performance.” The hearing was terminated in under three hours.–Rappler.com"
South Korean president stops loan for DAR’s ‘PBBM Bridges’ project over corruption concerns,https://www.rappler.com/philippines/korea-loan-department-agrarian-reform-pbbm-bridges/,2025-09-10T15:50:04+08:00,,"MANILA, Philippines — The president of South Korea on Tuesday, September 9 announced an immediate stop to a loan for the Philippines, which would have funded a Department of Agrarian Reform (DAR) project named after Philippine President Ferdinand Marcos Jr. The Philippines’ Department of Finance (DOF), however, said they had “decided to halt previous discussions last year…” and was now in talks with the French government to fund the project. In hispost, South Korean President Lee Jae-Myung, who was elected to the post in June 2025, pointed out that the project had not commenced, so funding from the Foreign Economic Cooperation Fund (EDCF) had been untouched. The EDCF is one institution through which Korea provides Official Development Assistance to other countries. Lee also praised theinvestigative report, citing how it avoided the “risk” of corruption and the use of Korean taxpayer’s money. (Editor’s note: Translations from Korean to English were made via AI tools.) The project, totalling some 700 billion Korean won, was intended for the “PBBM Rural Modular Bridge Project” and unilaterally sought by the Philippine government, according to the Korean publicationHankyoreh. The Philippines’ Department of Finance (DOF), in a statement on Wednesday, September 10 denied that the loan was sought unilaterally, and that it existed. “Nevertheless, we reaffirm to our bilateral partners that the Philippine government will match their trust and confidence with full transparency and accountability,” said the DOF. In a subsequent statementresponding to media inquiries, the DOF said that while it did propose funding from South Korea, it “decided to halt previous discussions last year due to non-alignment on scope and other key technical specifications.” DAR Secretary Conrado Estrella III, speaking toPhilippine Staron Wednesday confirmed meeting with Korean officials in December 2023 but claimed it was for “exploratory talks” and that it was the Korean side who made the pitch. He also saidthat he “wasn’t genuinely interested in the proposal of the South Korean officials that he met.” Yet it was only in late 2024 that the Philippine government decided to “look for other bilateral partners who can implement the full scope of the project,” according to the DOF. “The government, as early as the last quarter of 2024, decided to look for other bilateral partners who can implement the full scope of the project. Hence, there is no existing loan for the said project with South Korea,” said the DOF. “Advanced negotiations” are now ongoing with the government of France. Estrella is the second of his name to head the DAR. His grandfather also headed the department during the presidency of Ferdinand Marcos Jr.’s father and namesake, the late dictator. In a statement late Wednesday, the Philippines’ Department of Foreign Affairs said it “takes note” of the South Korean president’s post. “The Department of Foreign Affairs will continue to speak with the Embassy of the Republic of Korea with a view to clarifying matters with ROK,” the DFA said. In a statement posted late Friday, September 12, Seoul’s embassy in Manila said the “suspension of the feasibility study on the project in question is unrelated to the Philippine government.” “This decision was made solely to allow for the verification of matters that had been raised in Korean media reports. The project in question will be put on hold until further notice,” the embassy said. It added, “Despite current circumstances, the Philippines remains one of Korea’s most valued partners, and Korea remains fully committed to advancing development cooperation partnerships between our two countries.” Back in November 2024, the DAR defended its proposed PBBM Bridges project, which would have cost P28.3 billion or just a little over 700 billion Korean won. Hankyorehreported that the LCS Group, owned by former Ilocos Sur governor Chavit Singson, an ally of President Marcos, was supposed to “participate in the project.” The project had been questioned before the Senate during budget deliberations for the current 2025 budget of the DAR. According to aGMA News Onlinereport from those deliberations, the “PBBM Bridges” project would be funded through P23 billion in foreign loans and P5 billion from the Philippines’ coffers. The DAR’s description of the project matchesHankyoreh’s reporting — that the project would involve the construction of some 350 modular bridges across the country. DAR Undersecretary for Foreign Assistance and Special Projects Office Jesry Palmares told the Senate in October 2024 that the project was “approved by the NEDA board last November and is currently being negotiated with Korean Exim Bank,” according to the sameGMA Newsreport. Former senator Francis Tolentino had questioned the DAR project, citing a former bridges project that was funded through the United Kingdom. For the most part,Hankyoreh’s report honed in not only on fears of corruption in the Philippines, but on internal pressures in Korean politics. Based on the report, this is the timeline of events: November 2023:The DOF submits an application before the Korean government unilaterally. The DOF has denied it was unilateral. December 2023:DAR Secretary Conrado Estrella III and an unamed official (a vice minister, according toHankyoreh) fly to Korea to meet with the Minister of Economy and Finance. They also meet with Representative Kim Hak-yong of the People Power Party who was then a member of the National Assembly’s Land, Infrastructure, and Transport Committee, and officials of the Export-Import Bank of Korea, according to the same report. The bank manages the EDCF fund. Estrella confirms meeting Korean officials in December 2023, but claims he “wasn’t genuinely interested in the proposal of the South Korean officials that he met.” In the months that follow, the Philippines still pursues the loan. Also in December 2023:Chavit Singson visits Korea, according to a post on his own Instagram account. His caption for the post reads: “Hon. Luis Chavit Singson’s South Korea trip on December 4- 7 to meet with different companies with special interest in E-Jeepneys and fiberglass rebar that will be brought to the Philippines to improve on renewable energy sources and more efficient construction technology for our country.” February 2024:Korea’s Ministry of Strategy and Finance says EDCF support would be “difficult, citing the project’s low probability of success” after it visited the Philippines in December 2023. During that visit, “no [Korean] companies expressed interest” in the project, according toHankyoreh. Also in February 2024:The report notes that Kwon Seong-dong makes a “sudden appearance” in the project. The lawmaker reportedly contacts Minister of Strategy and Finance Choi Sang-mok himself and lobbies for it pushing through, reportedly citing the chance to “secure nickel mining rights from the Philippine government in return.” Kwon belongs to the People Power Party and was a supporter of since removed Korean president Yoon Suk-yeol. April 2024:The Philippines is notified of the finance ministry’s decision. The report notes that the ministry also concluded that there would be “no problems in the relationship between the Korean government and the Philippine government” even if the loan request is declined, citing other EDCF projects that were already ongoing in the Philippines. May 2024:Kwon reportedly lobbies again for the project, and meets with the “Philippine Department of Agrarian Reform,” althoughHankyorehdoes not specify who these officials are. A “third round of pressure” is placed on the finance ministry, according toHankyoreh. October 2024:The Ministry of Strategy and Finance eventually approves the loan, because of Kwon’s “continued pressure.” In the same month, former senator Tolentino questions the project, again citing an old effort funded by another government. Lee’s decision comes just as alleged corruption in infrastructure projects — specifically flood control under the Department of Public Works and Highways — are under investigation by both the executive and legislative branches of government. In the Philippines, there’s been an outcry over the billions reportedly stolen from public funds, leading to substandard or non-existent flood control projects. Bilateral ties between Manila and Seoul have grown closer in recent years. Under Marcos, ties were elevated to astrategic partnership. On the same day that the strategic partnership was signed, Seoul and Manila alsosigned a memorandum to fund two infrastructure projects— the Laguna Lakeshore Road Network Project Phase I (Stage I) and the Panay-Guimaras-Negros Island Bridges Project.– Rappler.com"
"Pangilinan wants consignees, brokers of smuggled goods blacklisted",https://www.rappler.com/philippines/pangilinan-wants-consignees-brokers-smuggled-goods-blacklisted/,2025-08-21T06:15:43+08:00,,"MANILA, Philippines – Senator Francis “Kiko” Pangilinan on Wednesday, August 20, called for the arrest and blacklisting of consignees and brokers dealing in smuggled goods. Pangilinan, who leads the Senate committee on agriculture, food and agrarian reform, named parties allegedly linked to recent seizures of smuggled goods. “Technically kung may basehan at nakita mismo ni Secretary Kiko, nandoon mismo si Undersecretary Carag, sila mismo ang nagbukas – o nakita nilang binuksan eh dapat sampahan na ng kaso at arestuhin na ang mga ito,”said Pangilinan during thehearingof the Senate panel. (Technically if there is basis and Secretary Kiko [Agriculture Secretary Francisco Tiu Laurel Jr.] and Undersecretary Carag [Carlos Carag] is there, they see the containers opened, then the smugglers should be sued and arrested.) “Dapat binablacklist ‘yan,”he added. (They should be blacklisted.) Pangilinan named the following consignees and brokers in his list: Customs brokers: They were identified from recent seizures led by the Bureau of Customs. The government previously seized billions worth of smuggled agricultural products such as frozen mackerel, onions, carrots. Thelawdefines as economic sabotage the activities that “disrupts the economy by creating artificial shortage, promoting excessive importation, manipulating prices and supply” among others. Tiu Laurel said during the hearing that the DA could use some level of enforcement power as they have knowledge of violators.– Rappler.com"
‘Raket ‘yun’: Disputes over location delays PH’s first border inspection facility,https://www.rappler.com/newsbreak/inside-track/disputes-location-delays-first-border-inspection-facility-bulacan/,2025-08-20T16:41:20+08:00,,"Whatever happened to the Philippines’ first border inspection facility that’s supposed to keep animal diseases at bay and prevent entry of smuggled agricultural goods? Delayed. The facility was slated to start operations by September 2024, a year after the Department of Agriculture (DA) contracted private firm Pacific Roadlink Logistics Incorporated (PRLI) to use their private property in Angat, Bulacan. The reason for the delay? Agriculture Secretary Francisco Tiu Laurel admitted it was disagreement over the facility’s location. Angat is too far, according to Tiu Laurel. The cost of transport from the port to Angat will add P2 to P3 more per kilo, the agriculture chief said. Maybe even P5, in the worst case scenario. “Kaya na-delay ang project is because I do not agree kung saan ang Angat, kung diyan ilalagay,”said Tiu Laurel on Wednesday, August 20, during the hearing of the Senate panel on agriculture. (It was delayed because I do not agree with Angat, the location of the facility.) He explained:“Kung dadalhin lahat sa Angat ‘yan, tapos ibabalik na naman kung saan man — and it’s going to be a monopoly, pati tracking noon monopoly. ‘Yan ang katotohanan niyan. Para sa akin, deretsuhan na lang, raket ‘yun, honestly.” (If the goods will be transported to Angat and then will be transported back to wherever — it’s going to be a monopoly. Even the tracking will be monopolized. That’s the truth. For me, just to be straight, that’s a hustle, honestly.) Earlier during the hearing, Tiu Laurel said the agency reverted the funds for the facility due to failed bidding. Senator Imee Marcos was aghast, citing cases of African swine fever and avian flu. Senator Francis “Kiko” Pangilinan asked if the DA asked for funds for this facility in the 2026 budget. Tiu Laurel said the government is instead focusing on pre-border inspection of agricultural imports from origin countries. Tiu Laurel, who is almost always composed during hearings in Congress, was almost straining his voice when he expressed his position. The DA chief said that if those previously in charge “had been thinking,” they would have studied other locations for this crucial facility. Who were these people? Among those who attended the groundbreaking event of the Commodity Examination Facility for Agriculture in 2023 were former senator Cynthia Villar and former DA senior undersecretary Domingo Panganiban. Villar was then the head of the Senate committee on agriculture, food, and agrarian reform. The DA and PRLI signed the contract four months before Tiu Laurel took over the reins as agriculture chief of the Marcos administration. The government had allotted P2.3 billion in its 2023 budget for its construction. Tiu Laurel said the DA is exploring options at the Port of Manila and the Navotas Fish Port, for the establishment of the facility. Angat is more than an hour away from the Port of Manila. Transport to Bulacan will incur more costs to importers. This would subsequently add to market prices which would be shouldered by the average Filipino consumer. Were there other interests involved? Is what Tiu Laurel said about the intention to monopolize true, had the Angat facility pushed through?– Rappler.com"
LIVESTREAM: Senate panel probes high food prices,https://www.rappler.com/philippines/video-senate-probe-high-food-prices/,2025-08-20T09:10:07+08:00,,"MANILA, Philippines – The Senate committee on agriculture, food, and agrarian reform, headed by Senator Francis “Kiko” Pangilinan, probes on Wednesday, August 20, high prices of food and agricultural commodities. According to Pangilinan’sresolution, the inquiry will recommend “measures to ensure food affordability, strengthen food security, and protect the welfare of Filipino consumers.” The hearing starts at 9 am on Wednesday. Bookmark this page for the livestream.– Rappler.com "
Marcos sinuyo mga lokal at banyagang negosyo: Mamuhunan kayo sa agrikultura ng Pilipinas,https://www.rappler.com/philippines/marcos-woos-local-foreign-investors-philippine-agriculture-filipino-version/,2025-07-29T21:20:18+08:00,,"Ito’y isinalin mula sa Inggles na artikulo ni Iya Gozum at Tatiana Maligro, gamit ang isang OpenAI model. Ni-rebyú muna ng isang editor ang pagsasalin bago ilathala. MANILA, Philippines – May natatanging panawagan si Pangulong Ferdinand Marcos Jr. sa mga lokal at banyagang mamumuhunan sa kanyang ikaapat na State of the Nation Address (SONA): Mamuhunan kayo sa sektor ng agrikultura. Hinimok ni Marcos ang mga pamumuhunan sa mga pabrika ng sasakyan, konstruksyon, industriya ng tela, at iba pa, bago niya bigyang-diin ang agrikultura. “Ngunit nananawagan pa rin ako sa ating mga negosyante: mamuhunan kayo sa ating agrikultura,” sabi ni Marcos noong Lunes, Hulyo 28. Pagkatapos ay inanyayahan niya ang internasyonal na komunidad ng negosyo, na sinabing “handa na ang Pilipinas.” Paulit-ulit na itinuro ni agriculture Secretary Francisco Tiu Laurel Jr. ang matagal na pagwawalang-bahala sa sektor pagdating sa imprastruktura at mekanisasyon. Ang mga pamumuhunan sa agrikultura, kagubatan, at pangingisda ay bumaba ng average na 6% taun-taon mula 2017 hanggang 2022, ayon sa Philippine Development Plan. Ang mga hamon tulad ng gastos sa logistics, mga isyu sa pagmamay-ari ng lupa, at hindi pagsunod sa mga internasyonal na pamantayan ay nag-aambag sa mababang kumpiyansa ng mga mamumuhunan. Ang mahina na pagpapatupad ng mga patakaran ay lalong nagpapalala sa problemang ito. Matapos ang kanyang panawagan sa pribadong sektor, binigyang-diin ni Marcos ang suporta na ibinibigay ng gobyerno sa sektor: patuloy na subsidiya para sa murang bigas, mga pagbabago sa batas ng coconut trust fund, nakabinbing pagbabakuna ng mga baboy laban sa African swine fever, pag-unlad ng binhi, at iba pa. Sa isang ulat mula sa World Bank nakita nito na ang sektor ng agrikultura ng Pilipinas ay umaabot sa humigit-kumulang 22% ng lakas-paggawa, ngunit nananatiling pinakamababang produktibong sektor at nag-aambag ng pinakamababa sa paglago ng gross domestic product (GDP). Ang industriya ng agrikultura at pangingisda ay bumagsak sa loob ng tatlong magkakasunod na kwarter noong 2024 sa gitna ng El Niño at magkakasunod na tropical cyclones. Habang bumangon ang sektor sa unang kwarter na may 2.2% na paglago, nag-ambag lamang ito ng 0.2% sa 5.4% GDP. Sa kabila nito, itinuro ng World Bank na ang mga gawain sa agribusiness ay nagpakita ng potensyal sa merkado ng eksport, na may mga brand tulad ng Malagos chocolate at Vita Coco na nag-e-export ng mga value-added agricultural products sa mga high-value markets. Mula noong 2005, ang lumago ang sektor ng agribusiness ng 5.2% at nag-ambag ng $6.4 bilyon sa mga eksport noong 2023. Upang higit pang mapakinabangan ang potensyal ng sektor ng agrikultura, hinimok ng World Bank ang Pilipinas na tugunan ang mga hadlang na naglilimita sa produktibidad tulad ng kakaunting koneksyon mula sa bukirin patungo sa merkado at “hindi tugmang insentibo.” “Ang seguridad sa pagmamay-ari ng lupa, imprastruktura, at kakayahang umangkop sa klima ay maaaring magpataas ng kahusayan at pagpapanatili,” isinulat nito. Ang pagmamay-ari ng lupa ay patuloy na hamon para sa maraming maliliit na magsasaka. Sa kanyang SONA, sinabi ni Marcos na pinabibilis ng Department of Agrarian Reform ang pamamahagi ng mga sertipiko ng mga award sa pagmamay-ari ng lupa at pagpapatawad sa mga utang ng mga benepisyaryo. Ang repormang agraryo ay nakatanggap ng kritisismo para sa muling pamamahagi ng maliliit na piraso ng lupa, habang ang nakasakal na produksyon ng pagkain ay nangangailangan ng magkakasamang lupain. Para sa World Bank, ang mga limitasyon sa paghawak ng lupa na limang ektarya bawat may-ari ay naglimita sa output ng sektor ng agrikultura sa pamamagitan ng pagpigil sa pag-alis ng mga hindi mahusay na producer. Bagaman ang mga restriksyon na ito ay naglalayong pigilan ang konsentrasyon ng pagmamay-ari ng lupa, ang mga solusyon tulad ng mga kooperatiba at joint ventures ay makatutulong upang mapataas ang produktibidad habang pinapanatili ang pinagkukunan ng kita ng mga komunidad sa kanayunan. “Ang Department of Agriculture at [mga lokal na yunit ng gobyerno] ay maaaring magbukas ng sukat sa pamamagitan ng pagpapadali ng suporta para sa pagbuo ng kooperatiba, pagpapasimple ng mga proseso ng joint venture, at aktibong pagsusulong ng mga modelo na nagpapababa ng mga hadlang sa pagpasok para sa mga komersyal na pakikipagsosyo,” isinulat nito. – Rappler.comsa pagmamanupaktura ng sasakyan, konstruksyon, industriya ng tela, at iba pa, bago niya bigyang-diin ang agrikultura. “Ngunit nananawagan pa rin ako sa ating mga negosyante: mamuhunan kayo sa ating agrikultura,” sabi ni Marcos noong Lunes, Hulyo 28. Pagkatapos ay inanyayahan niya ang internasyonal na komunidad ng negosyo, na sinabing “handa na ang Pilipinas.” Paulit-ulit na itinuro ni Agriculture Secretary Francisco Tiu Laurel Jr. ang matagal na pagwawalang-bahala sa sektor pagdating sa imprastruktura at mekanisasyon. Ang mga pamumuhunan sa agrikultura, kagubatan, at pangingisda ay bumaba ng average na 6% taun-taon mula 2017 hanggang 2022, ayon sa Philippine Development Plan. Ang mga hamon tulad ng gastos sa logistics, mga isyu sa pagmamay-ari ng lupa, at hindi pagsunod sa mga internasyonal na pamantayan ay nag-aambag sa mababang kumpiyansa ng mga mamumuhunan. Ang mahina na pagpapatupad ng mga patakaran ay lalong nagpapalala sa problemang ito. Matapos ang kanyang panawagan sa pribadong sektor, binigyang-diin ni Marcos ang suporta na ibinibigay ng gobyerno sa sektor: patuloy na subsidiya para sa murang bigas, mga pagbabago sa batas ng coconut trust fund, nakabinbing pagbabakuna ng mga baboy laban sa African swine fever, pag-unlad ng binhi, at iba pa. Isang kamakailang ulat mula sa World Bank ang natagpuan na ang sektor ng agrikultura ng Pilipinas ay umaabot sa humigit-kumulang 22% ng lakas-paggawa, ngunit nananatiling pinakamababang produktibong sektor at nag-aambag ng pinakamababa sa paglago ng gross domestic product (GDP). Ang industriya ng agrikultura at pangingisda ay bumagsak sa loob ng tatlong magkakasunod na kwarter noong 2024 sa gitna ng El Niño at magkakasunod na tropical cyclones. Habang bumangon ang sektor sa unang kwarter na may 2.2% na paglago, nag-ambag lamang ito ng 0.2% sa 5.4% GDP. Sa kabila nito, itinuro ng World Bank na ang mga aktibidad sa agribusiness ay nagpakita ng potensyal sa merkado ng eksport, na may mga brand tulad ng Malagos chocolate at Vita Coco na nag-e-export ng mga value-added agricultural products sa mga high-value markets. Mula noong 2005, ang mga aktibidad sa agribusiness ay lumago ng 5.2% at nag-ambag ng $6.4 bilyon sa mga eksport noong 2023. Upang higit pang mapakinabangan ang potensyal ng sektor ng agrikultura, hinimok ng World Bank ang Pilipinas na tugunan ang mga salik na naglilimita sa produktibidad tulad ng limitadong koneksyon mula sa bukirin patungo sa merkado at “maling nakahanay na insentibo.” “Ang seguridad sa pagmamay-ari ng lupa, imprastruktura, at kakayahang umangkop sa klima ay maaaring magpataas ng kahusayan at pagpapanatili,” isinulat nito. Ang pagmamay-ari ng lupa ay patuloy na isang pakik struggle para sa maraming maliliit na magsasaka. Sa kanyang SONA, sinabi ni Marcos na ang Department of Agrarian Reform ay pinabilis ang pamamahagi ng mga sertipiko ng mga award sa pagmamay-ari ng lupa at pagpapatawad sa mga utang ng mga benepisyaryo. Ang repormang agraryo ay nakatanggap ng kritisismo para sa muling pamamahagi ng maliliit na piraso ng lupa, habang ang nakasakal na produksyon ng pagkain ay nangangailangan ng magkakasamang lupain. Para sa World Bank, ang mga limitasyon sa paghawak ng lupa na limang ektarya bawat may-ari ay naglimita sa output ng sektor ng agrikultura sa pamamagitan ng pagpigil sa pag-alis ng mga hindi mahusay na producer. Bagaman ang mga restriksyon na ito ay naglalayong pigilan ang konsentrasyon ng pagmamay-ari ng lupa, ang mga solusyon tulad ng mga kooperatiba at joint ventures ay makakatulong upang mapataas ang produktibidad habang pinapanatili ang pinagkukunan ng kita ng mga komunidad sa kanayunan. “Ang Department of Agriculture at [mga lokal na yunit ng gobyerno] ay maaaring makatulong sa pamamagitan ng pagpapadali ng suporta para sa pagbuo ng kooperatiba, pagpapasimple ng mga proseso ng joint venture, at aktibong pagsusulong ng mga modelo na nagpapababa ng mga hadlang sa pagpasok para sa mga komersyal na pakikipagsosyo,” isinulat nito. – Rappler.com"
"Marcos woos local, foreign businesses: Invest in Philippine agriculture",https://www.rappler.com/philippines/marcos-woos-local-foreign-investors-philippine-agriculture/,2025-07-29T12:36:18+08:00,,"MANILA, Philippines – President Ferdinand Marcos Jr. made a special plea to local and foreign investors in hisfourth State of the Nation Address(SONA): Invest in the country’s agriculture sector. Marcos encouraged investments in automobile manufacturing, construction, textile industry, among others, before putting an emphasis on agriculture. “Ngunit nananawagan pa rin ako sa ating mga negosyante: mamuhunan kayo sa ating agrikultura.(But I’m still I calling on our businessmen, invest in our agriculture),”said Marcos on Monday, July 28. The President then extended the invitation to the international business community, saying “the Philippines is ready.” Agriculture Secretary Francisco Tiu Laurel Jr. has repeatedly pointed out the years-long neglect of the sector in terms of infrastructure and mechanization. Investments in agriculture, forestry, and fisheries dropped an average of 6% yearly from 2017 to 2022, according to thePhilippine Development Plan. Challenges such as logistics cost, land ownership issues, and non-compliance to international standards contribute to low investor confidence. Weak implementation of policies further aggravate this problem. Following his plea to the private sector, Marcos emphasized the support the government is providing the sector: continuedsubsidy for cheap rice, amendments to the coconut trust fund law, pending inoculation of hogs againstAfrican swine fever, seed development, among others. A recentreportfrom the World Bank found that the Philippine agriculture sector employs around 22% of the workforce, but remains the least productive sector and contributes the least to gross domestic product (GDP) growth. The agriculture and fisheries industrycontractedfor three consecutive quarters in 2024 amid theEl Niñoand consecutive tropical cyclones. While the sectorreboundedin the first quarter with 2.2% growth, it only contributed 0.2% to the 5.4% GDP. Despite this, the World bank noted that agribusiness activities have shown potential in the export market, with brands such asMalagos chocolateandVita Cocoexporting value-added agricultural products to high-value markets. Since 2005, agribusiness activities have been growing 5.2% and contributed $6.4 billion in exports in 2023. To further tap into the agricultural sector’s potential, the World Bank urged the Philippines to address factors limiting productivity such as limited farm-to-market connectivity and “misaligned incentives.” “Land tenure security, infrastructure, and climate resilience can increase efficiency and sustainability,” it wrote. Land tenure continues to be a struggle for many smallholder farmers. In his SONA, Marcos said the Department of Agrarian Reform is expediting the distribution of certificates of land ownership awards and condonation of beneficiaries’ debts. Agrarian reform has been criticized for redistributing small parcels of lands, when scaled food production requires clustered farmlands. For the World Bank, the land retention limits of five hectares per owner has limited the agriculture sector’s output by stalling the exit of underperforming producers. Although these restrictions aim to prevent the concentration of land ownership, solutions such as cooperatives and joint ventures can help boost productivity while preserving rural communities’ source of income. “The Department of Agriculture and [local government units] can unlock scale by streamlining support for cooperative formation, simplifying joint venture processes, and actively promoting models that lower entry barriers for commercial partnerships,” it wrote.– Rappler.com"
Beyond benteng bigas: Advocates slam Marcos’ weak agri efforts ahead of SONA 2025,https://www.rappler.com/moveph/advocates-slam-marcos-weak-agriculture-efforts-sona-2025/,2025-07-25T17:31:10+08:00,,"MANILA, Philippines — Ahead of President Ferdinand Marcos Jr.’s State of the Nation Address (SONA), civil society leaders and experts gathered in thePhilippine Politicschat room of the Rappler app on Wednesday, July 23, to discuss Marcos Jr.’s unfulfilled promises on agricultural reform halfway through his term. In hisSONAlast year, Marcos Jr.claimedprogress in lowering food prices. However, food security and sustainability issues remain pressing concerns today. During the chat, Jeanne Marañon and Minerva San Miguel of IBON Foundation, Leo Espelimbergo of Water for the People Network (WPN), Amihan Mabalay of Samahan at Ugnayan ng mga Konsyumer para sa Ikauunlad ng Bayan (SUKI) Network, Kayla De Quiroz of the Council for People’s Development and Governance, and Prof. Neil Ryan Pancho of Ateneo de Davao University (AdDU) shared insights on the progress made by the administration and what gaps remain. In the Philippines, rising prices have strained many Filipinos, making it harder to afford basic needs despite governmentreportsof lower inflation. For SUKI spokesperson Mabalay, reports don’t match the reality felt in the pockets of everyday Filipinos, as hunger has risen to its highest level since the pandemic, based on aStratbase-SWS surveyconducted last March.[WATCH: EKONOMI-YUH: Does slower inflation mean lower prices?] Earlier this month, the governmentreportedthat the administration brought rice prices down, a step towards Marcos Jr.’s promise of lowering the cost of rice to P20 per kilo. But for AdDU professor Pancho, price caps are a palliative measure, a short-term fix that fails to address the structural problems in the country’s rice industry. The Benteng Bigas Meron Na (BBM) program, offering P20-per-kilo rice, is one such initiative. But as Mabalay argued, its limited locations and restricted beneficiary lists make it inaccessible to many Filipinos. During the chat, a participant from Malaybalay, Bukidnon, shared that P20-per-kilo rice is available in their area. However, it operates only two days during each sale, usually held once a month or every three months, and when there’s a special occasion. These rice sales are part of theKadiwa programof the agriculture department, which aims to ensure the availability and affordability of food for Filipinos. But while the program aims to ease the burden of rising food prices, the scheduled sales, purchase limits per family, and eligibility requirements, which Mabalay also pointed out, limit access for many Filipinos. In April, the administrationannouncedplans to expand Kadiwa stores, targeting 1,500 locations nationwide by 2028 as part of its efforts to improve food accessibility and affordability. However, CPDG Media and Communications Officer De Quiroz criticized the Kadiwa program as a temporary fix that prioritized quick publicity rather than lasting impact. “At the end of the day,ando’n pa rin ang problema ng mataas na presyo ng bigas sa merkado at ang ang hirap na lokal na magsasaka sa pagbenta ng bigas na ani nila sa merkado,” said De Quiroz. (At the end of the day, the problem of high rice prices in the market and the difficulties local farmers face in selling their harvest remain.) Inflation in May this year recently hit itslowestsince November 2019, based on the reports of the Philippine Statistics Authority (PSA). While rice imports havedecreasedin the first quarter of 2025, challenges remain in balancing affordable prices for consumers and adequate support for producers. For De Quiroz, the agricultural efforts of the government are not sustainable as local farmers are forced to compete with cheaper rice from international markets. She also voiced concern that the government focused more on cheap imports instead of supporting local farmers. Other agricultural groupssharethis concern, attributing the ongoing decline in palay prices to the influx of cheap imported rice, even after the peak harvest season. Another issue exposed by the low rice prices, noted by IBON researcher Marañon, is that agriculture now accounts for thesmallest shareof the country’s GDP. She attributed this largely to the country’s long-standing reliance on imports, which discouraged investment in local farming and weakened the domestic agricultural sector. Pancho sees importation as an easy way to satisfy consumers’ demand under the open market system. But he warned that without enough support for local farmers, farmland might decrease over time. De Quiroz shared similar concerns, noting that the government chooses to import rice rather than amend the Rice Tariffication Law, a legislation that has long beencriticizedfor benefiting only privileged importers and traders. Hard data from the agriculture department and PSA show that Calabarzon’s agricultural land declined from588,500 hectaresin 2002 to just 110,538 hectares in 2021, threatening food security and killing the livelihoods of local farmers. House bills aimed at strengthening agriculture and food security were currently pending in Congress. Among these are the Genuine Agrarian Reform Bill and the Rice Industry Development Act (RIDA), both long championed by the Makabayan bloc. However, advocates believe agriculture is not a priority for the Marcos Jr. administration. This lack of political support pushed civil society and advocacy groups to step up their efforts. IBON conducts research and provides sustainable alternatives that will benefit the majority. One of its initiatives supports local farmers by helping them sell directly to consumers throughbungkalan-bagsakanfairs. Meanwhile, SUKI remains active in running information campaigns and organizing collective actions that urge the government to prioritize public service before profit. Beyond advocacy, urgent political reforms are needed. For De Quiroz and Marañon, this involves holding accountable those responsible for human rights abuses and corruption. Marañon also emphasized the strong need to elect people who truly represent Filipinos. More is yet to be done for food security from an administration that claims to prioritize it. But as the nation listens to Marcos Jr. on Monday, will his words match Filipinos’ urgent needs? Download the Rappler app for free on thePlay StoreorApp Storeand share your thoughts in thePhilippine Politicschat room.– Rappler.com  "
"[Time Trowel] The Ifugao Rice Terraces are not 2,000 years old",https://www.rappler.com/voices/thought-leaders/time-trowel-ifugao-rice-terraces-age/,2025-07-20T11:00:00+08:00,,"A trowel (/ˈtraʊ.əl/), in the hands of an archaeologist, is like a trusty sidekick – a tiny, yet mighty, instrument that uncovers ancient secrets, one well-placed scoop at a time. It’s the Sherlock Holmes of the excavation site, revealing clues about the past with every delicate swipe. Do you know how the Ifugao were able to resist multiple attempts by the Spanish at conquest? It was their strategic shift to rice production and the building of terraces, though definitely not the 2,000-year-old dating so often claimed. That point came up this past week when two friends, UP professor Rae Macapagal and food advocate John Sherwin Felix, tagged me on Facebook posts repeating the claim that the Ifugao Rice Terraces are 2,000 years old. John Sherwin also flagged amislabeled photo circulating onlinethat claims to show the Ifugao terraces but actually depicts terraces in China. This is exactly why it is necessary to share well-supported information. Marlon Martin, an Ifugao cultural heritage advocate, and I have often explained over the past decade — whether in writing, at conferences, in classrooms, or in community meetings — that the terraces are not 2,000 years old. Yet, the 2,000-year-origin myth persists. Let’s look at what the evidence tells us. When people picture the Ifugao Rice Terraces, they see the green, stepped mountainsides of Banaue. They look timeless. But appearance alone doesn’t prove age. Our team wanted to test the 2,000-year claim. If the terraces really were that old, we would expect deep soils built up over centuries, ancient irrigation systems, old rice grains, and radiocarbon dates going back two millennia. Instead, our analyses of soils, walls, and irrigation features show a much younger construction — around 200 years for the Banaue terraces. The soils are shallow and uniform.Radiocarbon dates cluster within the last two centuries. Energetics modeling even shows that the Batad Terraces, one of the most celebrated UNESCO sites, could have been built in less than 30 years with 50 people working 6.5 hours a day, six days a week. This timeline does not diminish their significance. In fact, it highlights the ingenuity and collective effort of Ifugao communities, who transformed entire mountainsides through communal labor, engineering skill, and cooperation. We also examined the Old Kiyyangan Village, one of the oldest known Ifugao settlements. If wet-rice terrace farming had been central for 2,000 years, we would expect clear evidence there. But there is none: no ancient rice grains or husks, no rice phytoliths, no seeds of grasses that thrive in the same ecology as rice in flooded paddies. Instead,residues in old pots show taro(aba/gabi), a crop that grows in wet conditions without needing complex terraces. For generations, Ifugao communities fed themselves with crops that didn’t require large-scale landscape modification. The 2,000-year claim about the Ifugao Rice Terraces didn’t come from archaeological evidence. Instead, it took shape in the early 20th century, beginning with American teacher and self-trained ethnographer Roy F. Barton. He listened carefully to Ifugao elders, who described the terraces as “old.” And they are old — ancestral, important, deeply embedded in Ifugao identity. As Marlon Martin explains: “It was the American anthropologists who said the terraces are 2,000 years old. Not the Ifugao. The Ifugao said the terraces are old, but my grandmother is old. We don’t reckon ‘old’ through numbers.” Ifugao ideas of age are relational rather than numerical. Recognizing this difference helps us avoid imposing outside concepts onto local histories. Later, H. Otley Beyer, an early American archaeologist, transformed Barton’s broad sense of “old” into a sweeping migration theory. He envisioned waves of migrants bringing civilization and assigned the terraces an age of 2,000 to 3,000 years. But these were speculative estimates, not evidence-based conclusions. Beyer worked without radiocarbon dating, stratigraphic studies of the terraces, or analysis of ancient rice grains. Despite this, his estimate entered textbooks and tourism materials, solidifying into “fact.” By tracing how these claims developed, we can be more careful about how we talk about the past — and better respect the histories and perspectives of the Ifugao themselves. Rice only appears in the archaeological record around 400 years ago or later. Radiocarbon dates from terraces cluster within the last 200 to 400 years. Spanish records describe rice as a trade item, appearing in Ifugao contexts alongside growing political complexity. In fact, mentions of rice andrice terraces in Ifugao only appeared in an 1801 document, even though the Spanish had been active in the region since the mid-1700s. The terraces were something you would expect them to write home about, but no one did. Or maybe they simply were not there yet. What does this mean? This means Ifugao communities didn’t set out 2,000 years ago to build terraces and plant rice every day for millennia. Instead, they developed a farming system that made sense for their needs, their environment, and their values. Intensive wet-rice cultivation requires constant labor and careful coordination, a commitment that would have shaped every aspect of daily life. By thinking carefully about when and how to intensify rice production, Ifugao communities balanced farming with other priorities: adopting new technologies, developing artistic traditions, forming social networks, and building political alliances. Unlike kingdoms in Cambodia, Thailand, or Vietnam that built large irrigation systems tied to central power and monumental architecture, the Ifugao chose a different path. They did not build palaces or temples. Their monuments are the terraces themselves, carefully engineered and maintained through collective labor. They organized a decentralized yet highly cooperative society, able to mobilize quickly when needed. The construction of terraces was adeliberate strategy to strengthen independence. When Spanish expeditions tried to conquer the highlands, they failed. Ifugao communities had food surpluses, resilient social networks, and strong defensive organization. This is why the age debate matters. This goes beyond academic debate. It is about recognizing and respecting Ifugao history on its own terms, their choices, strategies, and creativity. Rather than trapping Ifugao communities in an imagined 2,000-year-old past, let’s understand how terrace-building was a dynamic response to real historical challenges. The idea that these terraces are static relics ignores what they truly represent: living evidence of adaptation, resistance, and ingenuity, especially during the colonial period when their expansion was most significant. A 200-year-old terrace is not less meaningful than one supposedly 2,000 years old. It reveals how communities confronted new pressures with skill and strategy, mobilized collective labor to reshape entire mountainsides, and strengthened their independence. The real story is even more compelling. These terraces were not built to enrich colonial powers or pay tribute. They displayed a strategy of resistance. Picture entire communities deliberately transforming the landscape, not for an overlord, but to secure their freedom. Every carved step demonstrates their determination to remain self-governing. Rice was power as much as it was food. It sustained independence and underlined their refusal to submit to foreign control. That is the legacy the Ifugao have carried forward: a heritage defined by defiance, ingenuity, and the will to remain free. It is a story that deserves to be understood, taught, and honored. When you encounter claims that the terraces are 2,000 years old, pause and ask what the evidence actually shows. Consider what richer, more meaningful story might emerge if we look more carefully.– Rappler.com Stephen B. Acabado is professor of anthropology at the University of California-Los Angeles. He directs the Ifugao and Bicol Archaeological Projects, research programs that engage community stakeholders. He grew up in Tinambac, Camarines Sur. Follow him on bluesky @stephenacabado.bsky.social."
[OPINION] Why the Philippine Agriculturists Act gets rural development wrong,https://www.rappler.com/voices/thought-leaders/why-philippine-agriculturists-act-gets-rural-development-wrong/,2025-07-13T11:20:04+08:00,,"A new and highly controversial national law,Republic Act No. 12215 (Philippine Agriculturist Act), has stirred deep concern among educators, researchers, and practitioners in the field of rural sociology. Briefly, the law mandates that anyone engaged in teaching, training, research, or even selling agricultural products must be a registered agriculturist. While the intent to professionalize the agriculture sector is laudable, its blanket application reveals a narrow and technical conceptualization of what it means to work in agriculture – one that sidelines the social, cultural, and human dimensions of rural life. As a rural sociologist teaching in the College of Agriculture and Food Science, I find myself at the center of this dilemma. The courses we handle do not focus on crop science or livestock production. Instead, we engage students in critically analyzing the human dimensions of agricultural systems: land tenure, migration, social inequality, poverty, gender relations, local knowledge, and globalization, among others. We engage students in understanding the multiple and evolving meanings of “rural” – examining how it is shaped by historical processes, social structures, development paradigms, and global-local interactions. Yet under RA No. 12215, we are now required to take the Agriculturist Licensure Examination to continue doing what we have always done – despite already holding an MS or PhD in Rural Sociology and having dedicated our professional life to the study and advancement of rural societies. Does passing a technical board exam on crop protection, soil science, and animal science make us more qualified to teach about the sociopolitical drivers of rural transformation? Will it improve our ability to guide students in understanding the lived realities of rural Filipinos? Perhaps marginally –— but the effort required to prepare for an exam that is far outside our discipline and expertise is not only arduous, it is also misaligned with the kind of education rural sociologists are tasked to deliver. Sadly, it devalues the contributions of the social sciences in the agricultural sphere by equating agricultural expertise solely with biological or technical knowledge. This law unintentionally silences interdisciplinary voices in agriculture, particularly those that focus on the human condition. It reinforces a view that reduces the contributions of rural studies, instead of embracing the complex realities that social scientists work hard to illuminate. It marginalizes rural sociologists, anthropologists, and other scholars who contribute critical insights that are essential for crafting inclusive and sustainable rural futures. We need to recognize Rural Sociology and related disciplines as essential but non-technical fields within agricultural education and development. This can be done through explicit exemptions for educators and researchers in the social sciences who do not handle technical agricultural content but focus on the socio-cultural, economic, and political aspects of rural life. We need a pathway that would allow scholars from diverse fields to continue their work without being forced into a one-size-fits-all licensure model that does not reflect the interdisciplinary nature of agricultural development. RA No. 12215 forces us to ask: What kind of agricultural education and research do we value as a society? And who gets to be called an “expert” in the rural world? –Rappler.com Irene Tanzo is a faculty member of the Division of Agricultural Extension and Rural Studies at the University of the Philippines Los Baños. She holds a doctorate in rural sociology from Pennsylvania State University. This opinion piece has been republished from theoriginal postwith the author’s permission."
Pangilinan eyes Senate agri committee. Will Villar inherit post from her mother?,https://www.rappler.com/newsbreak/inside-track/kiko-pangilinan-eyes-senate-agriculture-committee/,2025-07-12T09:00:00+08:00,,"After Senator Kiko Pangilinan ran and won on a campaign hinged on food security, the natural next step is for him to head the Senate committee on agriculture, food, and agrarian reform. Recent talks of Pangilinan and Senator Bam Aquino joining theSenate majorityonly demonstrate how crucial it is for the opposition to have Pangilinan clinch this post and have Aquino bag the education committee. What could thwart these plans is if neophyte senator Camille Villar inherits the chairpersonship of the Senate committee on agriculture from her mother, outgoing senator Cynthia Villar. In 2017,Cynthia Villar replaced Pangilinanas chairperson of the agriculture committee and has held the position ever since. Camille has not publicly categorically expressed her desire or plan to assume the post her mother held. But in the past, she had vaguely referred to continuing her mother’s efforts in the sector. “[T]alagang ibinilin niya po na kung pagpapalain tayo ay ipagpapatuloy natin ‘yung tulong, lalong-lalo na sa sektor ng agrikultura,”she said in an April interview with a local media based in Pampanga, weeks before the 2025 midterm polls. (She specifically left word saying that if I win, I should continue the assistance, especially in the agriculture sector.) If this is a track that Camille will pursue in the Senate, one thing working against her is the Marcos administration’s efforts to restore the National Food Authority’s mandate by amending the Rice Tariffication Law (RTL). Recall that it was her mother Cynthia who authored and sponsored the RTL, which stripped the NFA of its power to import rice and reduced its task to buying local palay and storing buffer stocks for disasters and emergencies. The Department of Agriculture, the National Food Authority, and President Ferdinand Marcos Jr. backed the call to amend the law and restore the NFA’s powers to import and distribute rice. It is, needless to say, a huge priority for the Marcos administration that promised affordable rice. And almost everybody is on board for the changes they want — except, it seems, the Senate. “Kaya po noon pa po hinihiling ng administrasyon na magbigay po ng power, magkaroon po ng amendments ang RTL patungkol po sa karapatan at authority at power ng NFA. Pero ito ay hinadlangan po ni Senator Cynthia Villar,”Communications Undersecretary Claire Castrosaidin a Malacañang briefing in April. (That’s why it’s been a long time since the administration asked that RTL be amended and NFA be given its right, authority, and power. But this is being blocked by Senator Cynthia Villar.) In response, Cynthia Villarissued a statementthat said restoring the NFA’s mandate is “not necessary.” Villar said the NFA’s rice distribution “had little influence on rice prices” and pointed out inefficiencies in targeting and failures in importations. To note, RTL was recently amended in 2024. This version extended the rice fund until 2031 and increased its allocation from P10 billion to P30 billion. It also enabled the NFA to release rice (for other government agencies and local governments to sell it) after a declaration of a food security emergency. Before the 20th Congress starts, both Senate President Chiz Escudero and House Speaker Martin Romualdez had already proposed another round of amendments. When Villar’s RTL was enacted in 2019, it was hailed as a“game-changer”for opening up the Philippine rice market. The government was optimistic it would make Filipino farmerscompetitiveagainst rice-producing neighbors. The winds have clearly shifted. This administration wants the NFA to be a tool for the state to intervene in the market. Pangilinan himself recentlyfiled a resolutionseeking the NFA’s regulatory and market intervention powers — a departure from hisposition in 2024,when he said this is a “sure fire formula for drowning the agency in crippling debt” and an opportunity for “massive corruption” to happen. Meanwhile, Camille Villar’s priority legislation is a motley of bills concerning health, labor, digital safety, tourism, disasters. “Walang kulay ang gutom,”Pangilinan repeatedly said in the past. (Hunger does not wear political colors.) It was the message of avideo of compiled soundbitesposted Friday, July 11, on his official page. In one of the clips, an excerpt from an interview, Pangilinan said the legislative and executive branches must work together to address the rising prices of food. Hunger should not be a partisan issue. But it remains political — like the moving parts of the Senate gearing for 2028.– Rappler.com"
WATCH: Marcos’ P20/kilo rice promise fulfilled? Yes and no.,https://www.rappler.com/newsbreak/podcasts-videos/video-marcos-rice-promise-fulfilled/,2025-07-11T10:39:24+08:00,,"MANILA, Philippines – President Ferdinand Marcos Jr. will proceed to his fourth State of the Nation Address with his P20/kilo rice promise — more or less — fulfilled. The government has so far made P20/kilo rice available in select Kadiwa stores, towns, and provinces. Rappler’s Iya Gozum retraces the administration’s rice policies, ranging from tariff cuts to the declaration of a food emergency, to see how this happened.– Rappler.com"
Group blames cheap imported rice for drop in palay prices,https://www.rappler.com/philippines/group-blames-cheap-imported-rice-drop-palay-prices-july-2025/,2025-07-03T10:45:46+08:00,,"MANILA, Philippines – Agricultural group Sinag attributed on Wednesday, July 2, the drop in palay prices, reported to range from P8 to P12 per kilo, to the “flooding” of cheap imported rice in the market. “Peak harvest is over, yet palay prices continued to drop,” the group said in a statement. They said reports of dropped prices came from farmers based in Bulacan, Nueva Ecija, and Pangasinan. “Millers are only buying palay, maximum P15 to 16 per kilo because of the influx of imported rice with landed cost of only P26 to 28 per kilo,” they added. Sinag echoed the call for the institutionalization of afloor price— P17 per kilo for fresh palay and P23 per kilo for dry palay — a higher palay procurement budget at P40 billion, and distribution of cash incentives from excess rice tariff collections. Federation of Free Farmers Cooperative chief Raul Montemayor pointed out in a radio DZBB interview on Wednesday that majority of farmers continue to sell to private traders who buy at low prices since the National Food Authority (NFA) can only buy palay at a limited amount. “‘Yung pera nila at saka ‘yung kakayahan nilang kumuha, hanggang 5% lang ng ani,”said Montemayor.“Kaya kahit sabihin nilang hindi magbababa ng presyo ang NFA, hindi nga magbaba pero ilan lang naman ang makakapagbenta sa NFA.” (Their budget and capacity can only buy up to 5% of the harvest. So, even though they say NFA will not reduce its buying price, only a few farmers can sell to the NFA.) Montemayor said some farmers have, in the meantime, stored their palay in hopes of better prices but to no avail. “[M]arami ngang nagsasabi parang kung hindi man sila titigil magtanim, baka i-re-reduce nila ‘yung kanilang pagtatanim dahil bakit pa sila magtatanim palugi naman ‘yung presyo,”he said. Moreover, he said some farmers may be considering selling their land or engaging in other livelihood activities. (READ:DA eyes record-high palay output in 2025 after a year of droughts, storms) (Many say that they might just reduce planting if prices remain like this.) Department of Agriculture spokesman Arnel de Mesa said in a press briefing Wednesday that the agency will be requesting for the balance of P15 billion from the excess tariff collections. Theamended Agricultural Tariffication Actspecifies that P15 billion out of the P30-billion annual allocation for the Rice Competitiveness Enhancement Fund will serve priority programs for rice farmers including financial and credit assistance. “The allocation, of course, we cannot say how much will go to each one, that will depend later on with the President’s approval,” De Mesa said in a mix of Filipino and English. The DA maintains the gradual increase of rice tariffs from 15% to 35% so as not to “shock the market.” De Mesa said that as of June 26, total rice importations reached 2.17 million metric tons, 7% lower than in the same period last year at 2.34 million metrics tons.– Rappler.com"
[Time Trowel] Ube: History you can eat,https://www.rappler.com/voices/thought-leaders/time-trowel-ube-yam-history-you-can-eat/,2025-06-15T11:00:00+08:00,,"A trowel (/ˈtraʊ.əl/), in the hands of an archaeologist, is like a trusty sidekick – a tiny, yet mighty, instrument that uncovers ancient secrets, one well-placed scoop at a time. It’s the Sherlock Holmes of the excavation site, revealing clues about the past with every delicate swipe. There is a quiet joy I experience every time I watch someone taste ube ice cream or cheesecake for the first time. The surprise, then curiosity, then the inevitable question — What is this? — always follow. For those of us who grew up with ube in halo-halo, puto, or as halaya, ube carries layers of meaning: kitchens bustling with activity, family gatherings, the rhythm of life marked by food. As an archaeologist, though, I see ube as something more. It is a window through which we can understand the deep past of the Philippines and Southeast Asia. Ube (Dioscorea alata) is a true yam, native to this region, cultivated and carried by seafaring peoples for millennia. Yet, for too long, archaeologists and historians have had a fixation on wet rice agriculture, often framing it as the singular marker of complexity and civilization. This narrative persists despite the lack of solid evidence that paddy rice was cultivated in the Philippines earlier than about 700 years ago. Dr. Victor Paz(1967–2024) urged us to shift our attention to other cultivars — plants like yam, taro, pili (Canarium indicum), and millet — that sustained communities long before irrigated rice. Archaeological records show thatDioscorea alatawasdomesticated in Island Southeast Asia as early as 11,000 years agoand was central to the foodways of those who crossed seas with it. This deep history challenges familiar narratives. Crops like ube bring to light histories of adaptation, innovation, and knowledge sharing, stories that challenge the narrow rice-centered view of our agricultural past. Each bite of ube reflects how the plants we value and the histories we study shape our understanding of identity and place. Over time, it became one of the key crops transported by sea-faring communities. Beginning more than 4,000 years ago, these voyagers spread plants, technologies, and cultural practices across the Pacific and Indian Oceans. In the Philippines, ube appears in archaeological records in the Batanes Islands by about 3,500 years ago, associated with some of the earliest farming communities in the region. Yet, to appreciate ube’s significance, it helps to understand what it is — and what it is not. Ube, often confused with sweet potato (camote), has a distinct story. Sweet potato, from the Americas, arrived only after the 16th century. Taro (gabi), likely native to Island Southeast Asia, features in dishes such as laing. Ube adapted widely due to its tolerance of different climates and soils. Together, ube, taro, and sweet potato form part of a broader food security strategy across the tropics. Taro thrives in wet conditions. Camote grows quickly and is vitamin-rich. Ube is hardy, tolerates poor soils, stores well, and grows vertically — ideal for intercropping and small plots. The presence of ube in Hawaii (uhi) and Madagascar (ovy) reflects how people carried resilient plants across oceans. Ube does not require flat, irrigated fields like wet rice. It thrives in sloping or rocky soils and can be harvested according to local needs. Once harvested, it stores well without refrigeration. In Batanes, the northernmost province of the Philippines, ube (known asuvi) remains part of daily life. Ivatan communities cultivate uvi in plots adapted to limestone soils. Tubers are stored in cool caves or pits to ensure a steady food supply. Uvi is eaten boiled or mashed, often as a staple in place of rice. In this context, uvi reflects adaptation to local environments and deep agricultural knowledge. Although global audiences now associate ube with its vivid violet hue, not all varieties are purple; some are white or pale lavender. These continue to be cultivated across the Philippines, often for home use or local markets. The global rise of deep purple ube is linked to its visual appeal and role in desserts, thanks to anthocyanins. Ube’s recent international famestems from multiple factors. Filipino food has gained visibility abroad, thanks to migration and the creativity of chefs. Desserts like halo-halo, with its layers of sweet beans, jellies, fruits, shaved ice, and evaporated milk, often feature a scoop of ube ice cream. As more non-Filipinos tried halo-halo, interest in ube grew. Ube soon appeared in cafés and bakeries as doughnuts, cheesecakes, cookies, and lattés. Its visual appeal helped. The striking purple photographs well on social media. But flavor and versatility sustain its popularity. Ube pairs well with dairy-based desserts and fits easily into modern fusion cuisine. At the same time, the tuber is rich in complex carbohydrates and antioxidants, making it marketable as both indulgent and health-conscious. What sets ube apart is its ability to bridge old and new, rural and urban, traditional and trendy. For many Filipinos, it remains tied to family gatherings and heritage recipes. Ube halaya is still made at home, with long hours of stirring and careful preparation. At the same time, ube has become the base of bold culinary experiments. Through all this, it maintains its connection to identity and place. Unlike rice, ube was never the focus of nationalistagricultural programs. It was not industrialized or subjected to colonial taxation. It remained in home gardens, seasonal plots, and family recipes. Perhaps this helped preserve its diversity. Without the pressures of large-scale monocropping, farmers maintained a wide range of varieties suited to local needs. Today, amid climate change and food insecurity, crops like ube deserve renewed attention. They require fewer resources to grow, support local economies, and offer alternatives to industrial food systems. Ube represents a different agricultural history – rooted in mobility, knowledge sharing, and adaptation. There is a certain irony in ube becoming globally famous before gaining full appreciation at home. But perhaps this global success can bring more recognition to the landscapes and communities that have nurtured it for centuries. Whether in the Batanes Islands, on kitchen tables during holidays, or behind bakery counters in New York or Tokyo, ube connects the past and present. It tells a story of movement, memory, and care. For me, this story is also personal. Victor Paz helped lay the foundation for this way of seeing Philippine deep history. He was among the first to urge us to look beyond rice, to value crops like yam, taro, and pili, and to tell more honest stories about the complexity of our agricultural past. Victor also helped develop an aspect of my dissertation research — a gift I carry to this day. As I write about ube, I cannot help but think of him. His work continues to guide those of us committed to uncovering histories rooted in the land, in plants, and in the hands of those who have cultivated them for millennia.– Rappler.com Stephen B. Acabado is professor of anthropology at the University of California-Los Angeles. He directs the Ifugao and Bicol Archaeological Projects, research programs that engage community stakeholders. He grew up in Tinambac, Camarines Sur. Follow him on bluesky @stephenacabado.bsky.social."
Gov’t pilots rice crop insurance using satellite data,https://www.rappler.com/philippines/govt-pilots-rice-crop-insurance-using-satellite-data/,2025-06-10T09:54:56+08:00,,"LAGUNA, Philippines – The Philippine government is piloting a crop insurance program using satellite technology for 1,000 rice farmers in Camarines Sur and Isabela, in a bid to speed up claims and produce impartial assessments. Crop insurance helps farmers recover after a disaster. The use of satellite data can help eliminate the need for on-site damage assessment. The pilot was launched on Monday, June 9, after the Philippine Crop Insurance Corporation, Philippine Rice Research Institute, Philippine Atmospheric Geophysical and Astronomical Services Administration, International Rice Research Institute (IRRI), and the International Center for Tropical Agriculture signed a memorandum of agreement. The program, called Area-Based Yield Index Insurance, uses historical seasonal rice yield data from the Philippine Rice Information System. Aside from damage assessment, the government expects the technology to provide useful advisories to farmers based on weather forecasts. This, IRRI Director General Yvonne Pinto told reporters on Monday, “enables us to predict the reliability of yields and the performance of the material in the field…the risks associated with extreme weather events that affect farmers.” Filipino farmers are vulnerable to droughts and typhoons. In fact, agricultural production loss hitP57.8 billion in 2024due to El Niño, pests and diseases, volcanic activities, and tropical cyclones. The government conducted simulations in six towns during the dry season from 2023 to 2024 and the wet season in 2024. “The technology is an integrated part of any investment in disaster risk management,” Qingfeng Zhang, senior director at the Asian Development Bank, said in the same press briefing. Zhang said the ADB has invested “more than $500 million” in 2024 on early warning systems, agriculture insurance, and infrastructure support.– Rappler.com"
ADB to invest $500M to cut down PH rice sector emissions,https://www.rappler.com/environment/adb-invest-cut-down-emissions-rice-sector/,2025-06-09T17:26:51+08:00,,"MANILA, Philippines – The Asian Development Bank (ADB) is set to invest $500 million in the Philippines’ rice sector to help cut down emissions from production. This is part of ADB’s broader plan to pour $1.5 billion across the Asia Pacific region — and a total of$40 billion by 2030to make the global food production resilient against the mounting climate crisis and extreme weather events. “We’re going to integrate water management, policy change, biodiversity conservation, alongside with the sustainable rice farming,” Qingfeng Zhang, senior director at ADB, told reporters Monday, June 9. Zhang said this fund will be used for “irrigation, rice farming, and agricultural logistical development.” Aside from the Philippines, other countries covered by ADB’s $1.5-billion investment are Bangladesh, Cambodia, China, and Pakistan. As the world amps up efforts to reduce emissions, the agriculture sector has to keep up but without harming global food production. Currently, rice production accounts for 1.5% of the world’s greenhouse gas emissions, according to the International Rice Research Institute. Rice production also eats up 40% of the global freshwater supply. Methane, a powerful greenhouse gas, is emitted from flooded rice paddies when bacteria breaks down organic matter due to lack of oxygen. Coal, natural gas, and oil production also contribute methane emissions. Making the rice sector resilient to climate shocks would require new ways to grow it — such as developing varieties that consume less resources but withstand extreme weather events, pests and diseases. “They are also going to be nutritious and they are also going to be friendly to the environment by saving water, by ensuring the emissions are less,” Yvonne Pinto, IRRI’s director general, said on Monday. Pinto said there is a “tremendous opportunity” in Asia to “create some stability in the food system to be able to provide for future generations.” IRRI is working with ADB through the Consortium of International Agricultural Research Centers in establishing a clearinghouse facility as part of the $1.5-billion project.– Rappler.com"
"If Comelec allows, DA to launch P20/kilo rice program on May 1",https://www.rappler.com/philippines/if-comelec-allows-department-agriculture-launch-rice-program-may-2025/,2025-04-29T14:50:28+08:00,,"MANILA, Philippines – The implementation of the Department of Agriculture’s (DA) P20/kilo rice program in Visayas, Negros Island Region, and select Kadiwa centers will depend on whether or not the Commission on Elections (Comelec) will allow the sale of subsidized rice before the May 12, 2025 midterm polls. The DA has set the launch of the rice program in Cebu on Thursday, May 1. For Kadiwa sites, the government has targeted the launch on Friday, May 2. Agriculture Secretary Francisco Tiu Laurel Jr. said they are awaiting the Comelec’s ruling on whether the P20/kilo rice sale in Kadiwa sites will be exempted from the election spending ban. “Kung hindi talaga pwede ito, susunod kasi tayo sa Comelec at uumpisahan na lang ang bentahan matapos ang halalan,”Tiu Laurel said in a presser on Tuesday, April 29. (If this will not be allowed, we will have to follow Comelec and start selling after the elections.) The DA already secured anexemption from the election spending banfrom the Comelec last week. However, the poll body said local governments participating in the subsidized rice program will have to separately request exemptions from them. It is not yet clear if the sale of rice will have to be delayed even if the launch in Cebu takes place, in case the Comelec does not give an exemption to local governments. “We might cancel it or just launch itlang na since we’re prepared na, ‘di ba?(or just launch it since we’re already prepared)” Tiu Laurel told reporters. The agriculture secretary announced previously that they will implement a P20/kilo rice program in the Visayas. Supply will come from National Food Authority (NFA) warehouses, which currently store 370,000 metric tons of rice. Purchase of NFA rice under this program is limited to 30 kilos per month. On Monday, April 28, the DA said they would also launch the P20/kilo rice program in Kadiwa centers. This will replace the P29/kilo rice currently sold at Kadiwa sites. If the P20/kilo rice sale pushes through at Kadiwa centers on May 2, it will be launched in eight sites in Metro Manila, said DA Assistant Secretary Genevieve E. Velicaria-Guevarra. Only vulnerable sectors can purchase at P20/kilo rice at Kadiwa sites, including senior citizens, persons with disability, solo parents, and beneficiaries of the Pantawid Pamilyang Pilipino Program. These Kadiwa centers are located at: Funding for the subsidized NFA rice program came from the Office of the President’s contingency fund, according to Tiu Laurel, at P5 billion. Tiu Laurel estimates the government losing P10 to 12 billion in order to sell NFA rice this cheap. The program will last until the end of December. “Sa ngayon, kung di namin mabenta ‘yan, at mabulok ‘yan sa aming warehouses, walang value ‘yan. P3 na lang per kilo yan,”Tiu Laurel said.“Sinubukan namin ibenta ng P33 peso ‘yan, hindi naman kumagat dahil bumaba na rin yung presyo ng bigas.” (Now, if we can’t sell that and it rots in our warehouses, it loses its value. We tried selling it at P33, it did not catch on because rice prices also dropped.) The government sold NFA rice at P33/kilo to participating local governments after it announced afood security emergencyin February. This is part of the DA’s efforts to dispose of NFA rice stocks given warehouses are already at full capacity. – Rappler.com"
"[Good Business] Puso ng saging, puso ng tao: How loob shapes kapwa at Villa Socorro Farm",https://www.rappler.com/business/villa-socorro-farm-pagsanjan-laguna/,2025-04-03T13:30:02+08:00,,"Have you ever considered the farmer whose hands nurtured the rice in your morning meal? Or wondered if the elder who taught a young villager to plant their first seedling realizes how that simple lesson grew into a lifetime of harvests? Often, the connections in our food systems carry this kind of imbalance. The grower might tend thousands of plants without knowing whose tables they will grace, while we savor fruits whose origins remain faceless to us. This asymmetry, so fundamental to agricultural life, takes on an extraordinary form at Villa Socorro Farm (VSF), where one man’sloóbhas touched many, creating a sharedkapwathat thrives like the heart of theirsabatrees. At Villa Socorro Farm, thepuso ng saging(heart of the banana) andpuso ng tao(person’s heart) nurture each other in silent harmony, hidden from view yet giving life to everything that flourishes above the soil. With Villa Socorro Farm’s core, Sir Mars Aaron, whoseloób, strengthened through years of corporate success and personal reflection, brought him back to his first love: farming. His journey from Unilever to the rural heart of Pagsanjan, Laguna, was less of a career shift and more of a return to his roots. A post shared by Villa Socorro Farm (@villasocorrofarm) His decision to establish VSF as an agri-social enterprise wasn’t purely business-driven; it was a reflection of his strengthenedloób, one that sought to uplift the farming community around him. Sir Mars’ son, Sir Raymund Aaron, carried this familialloóbinto his own journey. While Sir Mars laid the groundwork, Sir Raymund nurtured it by fusing his education in social entrepreneurship with the values his father instilled. A post shared by Villa Socorro Farm (@villasocorrofarm) This passing ofloóbnot only shaped VSF’s direction but deeply influenced the partner farmers and employees who are now part of their ecosystem. Farmers like Tatay Golem and Kuya Joseph have intertwined their ownloóbswith that of the Aarons, fostering a culture that is more family than farm. Beyond banana chips production, farmstays and farm-centered activities, VSF takes pride in a culture of trust and respect. Partner farmers aren’t bound by strict quotas or pressured by rigid timelines; they deliver what they can, when they can. Employees describe their bond as one of siblings(pagiging magkakapatid), sharing meals, laughter, and life beyond the workplace. A post shared by Villa Socorro Farm (@villasocorrofarm) This dynamic didn’t emerge by accident. Through everyday interactions, Sir Raymund’sloóbgradually wove itself into the fabric of their community, creating a collectivekapwa. Farmers like Kuya Joseph have actively encouraged others in their communities to start plantingsaba, transforming idle spaces into sources of livelihood. The flow ofloóbs, one feeding into another, has built a sturdy trunk of interconnected lives that holds VSF steady through time. The banana tree’s cycle mirrors the rhythm of VSF’s relationships. Just like how a banana tree regenerates after bearing fruit, the farm’s ties with its people continue to grow and flourish. The“puso ng saging,”often overlooked yet vital to the banana plant’s life cycle, becomes a perfect metaphor for the unseen but deeply influential role ofloóbin shaping theirkapwa. A post shared by Villa Socorro Farm (@villasocorrofarm) In the same way that banana peels, trunks, and blossoms find new life in various uses, the values that began with Sir Mars have extended far beyond their initial form. Farmers pass down skills to their children, employees bring in relatives, and even new interns — like Justine, Raizel, and Lheslyn from Leyte — become part of this evolving narrative. The sharedkapwaat VSF continues to expand, branching out like a tree whose strength lies not just in its trunk, but in the enduring web of relationships it has fostered. A post shared by Villa Socorro Farm (@villasocorrofarm) Villa Socorro Farm isn’t just a banana chip producer; it’s a testament to how oneloób, when deeply rooted, can influence and inspire many others. From Sir Mars’ founding values to Sir Raymund’s leadership, from partner farmers like Tatay Golem to new interns stepping into the fold, the cycle continues.Loóbbegetsloób, creating an ever-growingkapwa– a shared space for growth, renewal, and belonging, much like the heart of the banana tree itself. Indeed, at Villa Socorro Farm, thepuso ng sagingandpuso ng taonurture each other in silent harmony, hidden from view yet giving life to everything that flourishes above the soil.– Rappler.com Patch Aure, Alexa Abary, Melka Antipolo, Hannah Sharmae Prado, and Sharky Roxas are part of a research team seeking to explain how Filipino values and dynamic capabilities lead to social sustainability outcomes. patrick.aure@dlsu.edu.ph"
WATCH: Why the Villar family’s real estate interests are an election issue,https://www.rappler.com/philippines/elections/video-why-villar-family-real-estate-interests-election-issue-2025/,2025-03-31T07:35:19+08:00,,"MANILA, Philippines – House Deputy Speaker Camille Villar is running for senator in the 2025 midterm elections, seeking to succeed her term-limited mother Cynthia. As chairperson of the upper chamber’s environment committee, Senator Cynthia has stalled deliberations on the national land use bill, even though former president Rodrigo Duterte and his successor Ferdinand Marcos Jr. listed it as a priority measure. In this video, Rappler reporter Dwight de Leon explains why senatorial candidates’promise to pass the land use billrequires a higher level of political will, which means not just publicly expressing their support for the measure, but guaranteeing they would back a change in leadership in the environment committee if they get elected.– Rappler.com "
More Veggies Please? Metro Pacific eyes 10 more vegetable greenhouse facilities,https://www.rappler.com/business/metro-pacific-eyes-more-greenhouse-facilities/,2025-03-27T13:27:32+08:00,,"BULACAN, Philippines – Business mogul Manny V. Pangilinan launched a new brand focused on making high-quality vegetables more accessible to businesses and households. It’s called “More Veggies Please” — also “MVP” for short. Metro Pacific Agro Ventures (MPAV) opened Metro Pacific Fresh Farms — said to be the biggest vegetable greenhouse facility in the country at 3.5 hectares — in San Rafael, Bulacan on Tuesday, March 25. The farm can yield 500 metric tons of fresh produce each year. MPAV is already eyeing to expand the farm to reach 7 hectares and have 10 other satellite facilities across the country over the next five years. “We’ve seen the benefits in terms of production scale and also the quality, and if we are true to the purpose of really making, democratizing, and really giving this to the Filipino consumer, if we can expand to as many provinces as we can at the soonest possible time, then we will do so,” MPAV president and chief executive officer Jovy Hernandez told reporters on Tuesday. He added that demand has been robust — some supermarket customers have tapped them for a private tour of the greenhouse. MPAV aims to sell their produce direct to consumer and hopes to hit stores soon. The Bulacan farm is capable of producing around 60,000 lettuce heads per month. Hernandez noted it can easily accommodate other commodities such as cherry tomatoes should there be a demand. Meanwhile, the farm’s nursery can accommodate 100,000 seeds at a time, with a full harvest expected every 27 days. MPV’s farm is a product of collaboration with Israeli agribusiness firm, LR Group. Its farm uses the nutrient film technique (NFT) for its leafy greens and the drip irrigation system for other vegetables. The NFT allows lettuce varieties to grow on water instead of using soil. “Just the water passes through the roots… you will see that the roots are all whitekasi malinis talaga(because it’s really clean),” Hernandez said. “In the soil, there’s a lot of pathogens, lots of microorganismspero ang importante sa(but what’s important in the) NFT is it delivers the right nutrients at the right quantities at the right time to each and every single lettuce head.” “It’s the same with the drip irrigation system, which is targeting the root systems of the soil. The amount of nutrients and the amount of water that reaches the roots are exactly the same for each and everyone — that’s how we make it very consistent in terms of quality and nutritional value.” These techniques allow their vegetables to get more nutrients compared with just watering them while placed in soil. It also allows the facilities to use 90% less water. The six-greenhouse facility took about a year to build, with MPAV shelling out about P800 million. Expanding the Bulacan farm to double its size is expected to be cheaper as the infrastructure needed is in place. MPAV is hoping to build “at least” two more farms every year in the next five years. MPAV chief commercial officer Toby Gatchalian said they are eyeing to build a satellite farm by the end of 2025, which is expected to be opened in 2026. Apart from selling produce direct to consumer, the farms are planned to also supply to businesses. “We’re actually looking at different localities which have a concentration of hotels, restaurants, and resorts. We are in discussions already with several entities for beach estate locations but [that’s] not limited to just tourist spots,” Gatchalian said. He added that they have recently been in touch with some private institutions and some local government units as well. Apart from selling produce direct to consumer, the farms are planned to also supply to businesses. Businesses can work with MPAV to produce their needs based on their consumers’ demands. –Rappler.com "
"Palace, DA push Congress to revisit Rice Tariffication Law",https://www.rappler.com/philippines/palace-department-agriculture-push-congress-revisit-rice-tariffication-law/,2025-03-27T08:40:57+08:00,,"MANILA, Philippines — Malacañang and the Department of Agriculture (DA) are pushing Congress to revisit the Rice Tariffication Law (RTL) and give more regulatory functions to the National Food Authority (NFA). “Maganda po sana po ‘no, mabigyan muli ng authority ang NFA, kasi nawalan po talaga sila ng power para po umangkat ng bigas,”Presidential Communications Office Undersecretary Claire Castro said in a Palace briefing on Wednesday, March 26. (It would be good if NFA be given the authority again as they lost the power to import rice.) Under the Marcos administration, the agriculture department has been calling for stronger regulatory powers to the NFA so that it can intervene in the market by releasing and selling rice stocks to the public. This can be done by amending the RTL, which was passed in 2019 to diminish NFA’s function on releasing rice stocks bought from local farmers. “I hope mapag-aralan muli ng Kongreso itong Rice Tariffication Act para po maayos din po at mabigyan po ng tamang authority ang NFA,”added Castro. (I hope Congress reviews again the Rice Tariffication Act so we can fix this and give proper authority to the NFA.) The law had been revised recently,signed by President Ferdinand Marcos Jr.on December 9, 2024. This allowed the DA to declare a food security emergency on rice due to supply shortage or extraordinary increase in prices. A food emergency would allow the NFA to release its stocks, but only the DA can sell NFA rice to local government units. Declaring a food emergency last February, the DA hoped to release cheap NFA rice to the public, influence a decrease in rice prices, andfree up warehousesfor palay harvest season. However, almost two months since declaration, only four local government units had bought NFA rice to resell to the public. These are Navotas, San Juan, Camarines Sur, and Cotabato City. “Patuloy tayong nananawagan na sana makapag-release, makapag-intervene sa market ang NFA without necessarily having a declaration of emergency,”said DA spokesman Arnel de Mesa in a press briefing on Wednesday. (We continue our call that the NFA be able to release and intervene in the market without necessarily having a declaration of emergency.) De Mesa said there had been discussions between the agency and Congress about the issue. “Na-recognize naman, especially ni Congressman [Joey] Salceda, ‘yung limitasyon noong naipasang batas,”he said. De Mesa was referring to the amended RTL that the Marcos signed on December 2024. Albay 2nd District Representative Joey Salceda led the quinta committee at the House of Representatives which investigated high rice prices, alleged smuggling, hoarding of rice, and possible collusion among importers, traders, and retailers. “Of course, syempre, kakapasa lamang noong amiyenda,”De Mesa added.“Alam naman natin din how difficult it is to pass from one amendment to another. Of course, it will take some time.” (Of course, the amendments were only recently passed. We know how difficult it is to pass from one amendment to another. Of course, it will take some time.) Despite a food security emergency declaration, the NFA had only released 9,900 out of 59,270 sacks of rice as of March 25, according to the DA. The Federation of Free Farmers disapproved of the agriculture department’s “apparent unpreparedness” for palay harvest season. The group alleged that the NFA is unable to “absorb farmers’ crops due to the congestion of the agency’s warehouses.” Reports of farmers’ deaths,allegedly linked to low palay prices, had various groups calling out the agency. In a statement on Tuesday, March 25, Agriculture Secretary Francisco Tiu Laurel Jr. urged lawmakers to “pass legislation that would better empower the DA” to address dropping palay prices. “We are doing this with one hand tied behind our back,” Tiu Laurel said. “We need some of the NFA’s powers back — if not to the agency itself, then to the DA — to better address the challenges we face.” Peasant group Kilusang Magbubukid ng Pilipinas, meanwhile, held a protest outside the Department of Agrarian Reform on Wednesday demanding the repeal of the RTL. “Since the passage of the Rice Liberalization Law in 2019, the Philippines has become the world’s top rice importer, with local farmers suffering from depressed farm gate prices and expensive production costs,” the group said on Wednesday.– Rappler.com"
DA urges NBI to probe claims farmers took their lives due to low palay prices,https://www.rappler.com/philippines/department-agriculture-urges-nbi-probe-claims-farmers-took-lives-low-palay-prices/,2025-03-25T19:57:07+08:00,,"MANILA, Philippines – Department of Agriculture (DA) Secretary Francisco Tiu Laurel Jr. asked the National Bureau of Investigation (NBI) in a letter sent Monday, March 24, to investigate claims that at least three farmers in Nueva Ecija took their lives because of low palay prices. “Let us allow these families to grieve in peace. We will provide any assistance necessary,” said Tiu Laurel in a statement released Tuesday, March 25. Anews report last March 18cited Argel Joseph Cabatbat, chairman of the patry-list group Magsasaka, as saying at least three farmers took their lives because of low palay prices. Another farmers’ group, Kilusang Magbubukid ng Pilipinas (KMP), lamented the reported deaths and how local farmers are driven to compete with cheap rice imports. “Farmers in Nueva Ecija are forced to sell their palay at P15 per kilogram or even lower — a price that barely covers the cost of production and leaves farmers with no means to support their families or pay off mounting debts,” the KMP said in astatement on Saturday, March 22. The agriculture chief, meanwhile, has “expressed concerns over how some groups are characterizing these ‘unfortunate incidents,’” the DA’s statement said. Tiu Laurel pointed out again the National Food Authority’s (NFA) lack of power to regulate prices. In February, the DA had todeclare a food emergencyso the NFA could release its stocks, free space in warehouses, and prepare for thepalayharvest season. “With its limited authority, the NFA cannot intervene in the market effectively, leaving traders room to suppresspalayprices,” said Tiu Laurel. “This has led to the current farmgate prices dropping to as low as P14 per kilo.” The Federation of Free Farmers said it received reports of fresh palay selling at P15-17/kilo in San Jose, Occidental Mindoro, and some parts of Nueva Ecija. The NFA is set to buy 880,000 metric tons ofpalaythis year from local farmers to maintain a 15-day buffer stock of rice. Presidential Communications Office Undersecretary Claire Castro has denied that NFA Nueva Ecija had yet to start buyingpalayfrom farmers because of warehouses filled to capacity. Castro said in a press briefing Tuesday that farmers selling theirpalaywould have to wait their turn as it is the peak season. “Lahat po na magbibenta na farmer, kung sila po ay may pagkakataon na hintayin ang kanilang turn, bibilin po ito ng NFA,”said Castro.“Hindi po natin tatanggihan ang lahat ng ibibenta ng farmers.” (All farmers who are selling, if they can wait for their turn, the NFA will buy from them. We will not turn down the harvest sold by farmers.) The NFA is currently buying freshpalayat P19/kilo in Ilocos Region, Cagayan Valley, and Central Luzon; at P18/kilo the rest of the country. It buys drypalayat P24/kilo.– Rappler.com"
PH records lower rice imports in Q1 2025,https://www.rappler.com/business/rice-imports-philippines-january-march-2025/,2025-03-20T11:27:20+08:00,,"MANILA, Philippines – The Department of Agriculture (DA) reported lower rice imports in the first two-and-a-half months of 2025 compared to nearly the same period last year. As of March 13, the country imported 641,000 metric tons (MT) rice, around half of what was imported  in the first quarter of 2024 at almost 1.2 metric tons. “There was a huge number of imported rice that entered last year. There’s the expectation that local harvest this year will be good,” said DA spokesman Arnel de Mesa in a press briefing on Wednesday, March 19. “We can see that importations are adjusting,” he added, citing preliminary data from the Bureau of Plant Industry. This January, the Philippines imported 277,000 MT  of rice, in February 267,000 MT, and midway through March, another 96,000 MT. In comparison, the Philippines recorded 430,000 MT of imported rice in January 2024, 342,000 MT in February, and 415,000 MT in March. The agriculture department cited agricultural economist Samarendu Mohanty whoattributedstabilizing rice prices to policy shifts in India and the Philippines. Policies Mohanty mentioned are India’s removal of the import ban on non-Basmati white rice, and the Philippines’ maximum suggested retail price on imported rice plus efforts to crack down on hoarding and profiteering. “The collective impact of these synchronized policy changes by two key players in the rice market, with India as a major exporter and the Philippines as a significant importer, resulted in a harmonized transformation of market dynamics,” Mohanty wrote. In 2024, the Philippines hit a record-high 4.8 million metric tons of rice imports. After the El Niño climate phenomenon in 2024, the government forecast betterpalayoutput in 2025 at20.4 million metric tons.– Rappler.com Quotes translated to English for brevity."
[Good Business] Island Harvest Farm’s kaloob: A gift that keeps on giving,https://www.rappler.com/business/opinion-things-to-know-island-harvest-farm/,2025-03-20T08:18:59+08:00,,"There is a saying that goes, no man is an island — and perhaps nowhere is this truer than at Island Harvest Farm, where lives, dreams, and futures are cultivated through the power of community. Before Island Harvest Farm existed, Donna and Lenlie walked different paths that would eventually meet. On one path was Donna, a 25-year-old mother struggling to survive with her three children, moving from one home to another, never knowing what the next day would bring. Despite facing constant uncertainty, she eventually found success. But a question lingered: Why has God blessed me so much? She felt a deep calling to help others — but didn’t know where to begin. Meanwhile, Lenlie, a fourth-generationMarinduqueñoraised in a family of public servants, felt a desire to give back to their land. But politics didn’t feel like his calling. Like Donna, he was searching — though he didn’t yet know what for. A post shared by Island Harvest Farm PH (@islandharvest_ph) These were theirloobs(inner selves), shaped by struggle, experience, and the longing to create something meaningful. Alone, theirloobscarried unanswered questions. But when Donna and Lenlie met, theirloobsconnected, recognizing a mutual desire to serve others. Together, they created something neither could have accomplished alone. Island Harvest Farm operates through thePanalo sa Tatlo(Everyone Wins with Three) model, built around three pillars: Donna believes this approach came as a vision from above, and it’s changing how farmers live and work, bringing better lives to entire families. A post shared by Island Harvest Farm PH (@islandharvest_ph) ThePanalo sa Tatloapproach has changed lives in many ways! You can see the obvious results — better harvests and more visitors coming to the area — but the personal stories of farming families show what’s really happening when theirloobis shared openly. Take, for example, the story of Tilet, whose path with Island Harvest Farm has led to a series of personal breakthroughs. Before joining the program, Tilet and her family lived with the constant struggle of long travel distances to tend their farm and uncertainty about their future. After a prayerful plea for change, she found herself working as a cacao seedling grafter and later as the head cook at the farm’s restaurant. Tilet says,“Dati po, hindi ko iniisip na magkakaroon ako ng trabaho malapit lang sa bahay, pero nang dumating si Ma’am Donna, doon ko nakita ang mga oportunidad. Hanggang ngayon po, masaya ako sa natutunan ko at sa trabaho ko dito.”(“Before, I never thought I would have a job close to home, but when Ma’am Donna came, that’s when I saw the opportunities. Until now, I’m happy with what I’ve learned and my work here.”) Her skills quickly flourished, and today, she is the head cook at the farm’s restaurant, vice chairperson of theAni ng DuqueCooperative, and co-owner ofBabaenihan. Aida Ramos tells a similar story of change. She explains how, before Island Harvest’s intervention, the locals depended solely on copra farming, with limited income coming in only every few months. Aida shares, “Noong 2014, kumikita kami sa kopra, pero sapat lang yun sa araw-araw na pangangailangan. Hindi tulad ngayon, may trabaho kami araw-araw. ‘Di tulad noon na halos maghintay ka pa ng tatlong buwan.” (“In 2014, we earned from copra, but it was just enough for daily needs. Unlike now, we have work every day. Unlike before when you had to wait almost three months.”) Since the inception of Island Harvest, Aida and her family no longer need to wait months for an income; they now work year-round in cocoa and coconut farming. More than that, she is also a co-owner ofBabaenihanand a member of a cooperative where she sells her produce. These changes affect more than just the adults. As Donna once asked, “And how can you create progress when the brightest minds and the youngest minds are leaving?” This belief inspired the involvement of Tilet and Aida’s children in thePanalo sa Tatlomodel throughGabayanihan. Today, their children help host visitors, guide farm tours, and even manage some of the farm’s operations. Donna’s vision of a self-sustaining, prosperous community where children have the opportunity to stay and grow without leaving for better opportunities is already becoming a reality. A post shared by Panuluyan Farmstay (@panuluyan) Island Harvest Farm was never just a business, andPanalo sa Tatlonever just a method. It was an offering, akaloob(gift) of possibility given not just to themselves but to everyone willing to receive it. Because a gift is not complete withoutkapwa— without others to take part, to believe, to carry the vision forward. At Island Harvest Farm, every farmer, every family, and every hand that tills the soil or crafts a product is part of this exchange. Here,loobis not hidden — it is shared and transformed. It emerges in the mother who once doubted her own strength but now leads a cooperative, in the young farmer who learns that his small plot holds infinite potential, and in the community that once waited for change but now creates it. –Rappler.com Patch Aure, Alexa Abary, Melka Antipolo, Hannah Sharmae Prado, and Sharky Roxas are part of a research team seeking to explain how Filipino values and dynamic capabilities lead to social sustainability outcomes.patrick.aure@dlsu.edu.ph"
Current Kanlaon crisis hurting La Castellana’s P50-million banana industry,https://www.rappler.com/philippines/visayas/kanlaon-crisis-hurting-la-castellanas-banana-industry/,2025-03-18T17:40:27+08:00,,"NEGROS OCCIDENTAL, Philippines – The currentKanlaon Volcanocrisis is hurting the P50 million banana industry of La Castellana, Negros Occidental, Mayor Alme Rhummyla Nicor-Mangilimutan said on Friday, March 14. Nicor-Mangilimutan also said that this year’s Banana Festival slated every April 1 to 5 has been cancelled because of Kanlaon’s continued restiveness. She said that it is sad that the Kanlaon crisis has already brought them lots of challenges, including draining their funds and, now also affecting their banana industry. As the “banana capital” ofNegros Occidentalwith more 500 hectares of backyard-type banana plantations, La Castellana, a first class municipality located near the foot of Kanlaon, produces more than 40 tons of bananas every month prior to the volcano’s eruptions since last year. La Castellana’s banana industry also comprises one-fourth,  or around P50 million of the town’s P193 million revenue from agricutural products, said the mayor. But with the ongoing Kanlaon crisis, she said banana plantations in five of their affected barangays — Biak na Bato, Cabagnaan, Masulog, Mansalanao and Sag-ang — have already been affected, hurting the more than 1,300 farming families in these villages, who are mostly dependent on their banana plants. Data from the Office of the Municipal Agriculture said that La Castellana has banana farms in of all its 13 barangays. Aside from the 500 hectares across 13 villages with farmers being supported by the local government, there are another 17 hectares banana plantation being managed and maintained by a private firm in Barangay Lalagsan. With its three famous or abundant varities of bananas —saba,latundan, andbalangon—  La Castellana has already established a captive market in China for itssabasticks and crackers. The local government is now planning to put a processing plant forsabasticks and crackers. This time, however, the mayor said their export of saba sticks and crackers might be affected, too, because of the continuing Kanlaon crisis. In 2019, La Castellana’ssabasticks were cited as “Best Innovative Saba Banana Snack Food Product” during the 16th Q Asia’s National Product Quality Awards. That is why every April 1 to 5 La Castellana holds a Banana Festival to honor its banana farmers for their great contribution to the town’s economy. But with the Kanlaon crisis, this year’s Banana Festival, said Nicor-Mangilimutan, was put on hold. Albert Barrogo, OIC of the Department of Agriculture-Negros Island Region (DA-NIR), told Rappler on Monday, March 17,  that he empathized with the people of La Castellana and its banana industry. “We know and understand the problem confronting the banana industry in town right now. In fact, we have standby fund intended for the rehabilitation efforts, but we cannot move yet since we cannot assess the extent, or degree of damage among the banana plantations across the municipality because of the ongoing abnormalities being shown by Kanlaon Volcano,” Barrogo said. He, however, assured the local government of La Castellana that DA-NIR has a fund to be alloted for its banana plantation rehabilitation once the crisis is over. Meanwhile, Nicor-Mangilimutan appealed to the national government agencies concerned for the replishment of their local budget used for feeding their evacuees since Kanlaon eruption on December 9. Last year, she said they spent more than P32 million for food of the evaucees and fuel during evacuation period as well as for the daily transport of goods. Aside from food expenses, the local government also subsidizes the tuition and allowances of more than 200 students in the five affected barangays — Biak na Bato, Cabanagnaan, Masulog, Mansalanao and Sag-ang — where the livelihoods of parents were negatively impacted by the present crisis. As of March 14, La Castellana is still housing 4,244 evacuees in nine evacuation centers. These include 693 from Biak na Bato, 2,228 from Cabagnaan, 617 from Masulog, 482 from Mansalanao and 224 from Sag-ang. However, Mangilimutan said that Office of the Civil Defense Undersecretary Ariel Nepomuceno already promised to her that a P47-million replenishment for La Castellana’s financial aid is underway as supporting papers are now with the Office of the President. – Rappler.com"
DA sees low compliance on pork price cap in NCR,https://www.rappler.com/philippines/metro-manila/department-agriculture-sees-low-compliance-pork-price-cap/,2025-03-17T17:19:41+08:00,,"MANILA, Philippines –  There is a low compliance among pork industry players of themaximum suggested retail prices (MSRP) on porkimplemented by the Department of Agriculture’s (DA). DA spokesman Arnel de Mesa said Monday, March 17, that out of the more than 170 stalls monitored in Metro Manila, only 20% complied with the suggested prices of P350 per kilo for pork shoulder and ham, and P380 per kilo forliempo(belly). According to De Mesa, there are no issues with retailers, whom he said purchased pork higher than P300 per kilo. Alongside the MSRP, the DA set the price at which traders pass pork to retailers at P300. “Kung babalikan natin ‘yan, it’s either on the producer side o nasa viajero na side ang issue,”De Mesa told reporters. (If we backtrack, the issue lies on the producers or the traders.) A week passed since the implementation of MSRP on pork. The DA aims to lower pork prices below P400 per kilo. Before this, the DA first implemented a MSRP on imported premium rice, which they see going down P45 per kilo by the end of March given the dropping prices in the world market. In comparison, De Mesa said compliance with MSRP on imported rice ranges from 40 to 45%. “’Yung napagkasunduan during the meetings, mayroong hindi sumusunod, ‘di ba, kung titignan natin itong level of compliance,” the spokesman said. (There are those who are not following what was agreed upon during the meetings, based on this level of compliance.) As ofSaturday, March 15, prevailing prices of ham and belly in Metro Manila are at P380 per kilo and P420 per kilo, respectively.– Rappler.com"
P2.83 billion worth of smuggled agricultural goods seized in 2024 – DA,https://www.rappler.com/philippines/department-agriculture-report-smuggled-goods-2024/,2025-03-14T13:11:27+08:00,,"MANILA, Philippines – The Department of Agriculture’s (DA) Inspectorate and Enforcement office recorded P2.83 billion worth of smuggled agricultural goods seized by authorities in 2024. The DA said in a statement on Friday, March 14, that this is “a billion more” than the 2023 record of P1.87 billion. Out of the total 71 operations the DA conducted in 2024, the largest single seizure was P1.9 billion worth of imported rice. The DA said in a statement 11 inspections between January and June “uncovered thousands of tons of undervalued imported rice.” “The importer had made several shipments during five-month period that reached 32,825 metric tons of rice, leading to a tax assessment requiring the payment of P285.3 million in taxes and tariffs,” the agency said. Next to imported rice are fisheries products valued at P316.4 million. Other smuggled products were condemned meat, white onions,frozen mackerel, carrots, tomatoes, mushrooms, garlic, pigeon meat, frozen bullfrogs, and cigarettes. The DA attributed the increase in value of smuggled goods to “intensified operations.” Operations in 2023 “exposed regulatory loopholes we need to address and procedures that must be streamlined to stamp out smuggling of agricultural products,” said DA Secretary Francisco Tiu Laurel Jr. In a House hearing in December 2024, Customs Commissioner Bienvenido Rubio claimed that rice smuggling wasno long a prevailing problem. The reason cited was the imposition oflower tariffson he national staple. Agricultural smuggling is classified as an act of economic sabotage under Republic Act No. 12022, which President Ferdinand Marcos Jr.signed in September 2024. The law created the Anti-Agricultural Economic Sabotage Council which held its first meeting in Malacañang last March 5. In the first two months of 2025, authorities seized P162.7 million worth of illegal agri-fishery products across the Ninoy Aquino International Airport, Manila International Container Port, and Subic Bay International Terminal.– Rappler.com"
Gov’t urges LGUs to hasten NFA rice pullout,https://www.rappler.com/philippines/government-urges-lgus-hasten-nfa-rice-pullout/,2025-03-05T21:00:50+08:00,,"MANILA, Philippines – A month after the Department of Agriculture (DA) declared a food emergency on rice, it has yet to sell enough National Food Authority (NFA) rice to free up warehouses. Since the declaration, onlySan Juan Cityhas sold NFA rice it bought from DA. The city is selling at P1,650 per sack, equivalent to P33 per kilo. DA spokesman Arnel de Mesa acknowledged the bureaucratic process that comes with the transaction between the national agency and local governments (LGU). “[W]e respect that procedure,” De Mesa told reporters Wednesday, May 5.“Kaya naglabas na ulit ng panibagong apila ang NFA at ang DA sa ating mga LGUs na ma-facilitate agad itong ganitong klaseng bureaucratic process para ma-ensure na ma-release.” (That’s why NFA and DA released another appeal to our LGUs to facilitate immediately this kind of bureaucratic process to ensure prompt release.) Last week, NFA Administrator Larry Lacson urged LGUs to expedite pullout of rice stocks. “This will open up space in our warehouses, allowing us to procure morepalayand ensure that farmers aren’t at the mercy of traders pushing down prices,” said Lacson on February 28. NFA has to free up warehouses and make space for its target purchase of 880,000 metric tons ofpalay, the new buffer stocks level according to theamended Rice Tariffication Law. De Mesa said the long term goal is to revise the law again and allow NFA to sell its rice stocks without the DA having to declare a food emergency. “In the long run, maganda pa rin na ma-amenda ‘yung current na Rice Tariffication Law to really allow NFA to sell directly or to intervene directly sa market without the need for any emergency declaration or any limitation sa kanyang mandato,”he said. (In the long run, it would be good to amend the current Rice Tariffication Law to really allow NFA to sell directly or to intervene directly in the market without the need for any emergency declaration or any limitation in its mandate.) The government declared a food emergency under the pretense of curbing high rice prices and freeing up overwhelmed NFA warehouses. Only under such an emergency can the NFA release rice stocks in the absence of a calamity or without waiting for the aging period. Other government interventions to lower prices include setting amaximum suggested retail priceon imported rice and cutting down tariffs. To follow San Juan in pullout of rice stocks are Navotas, Cotabato, and Camarines Sur, the NFA said. – Rappler.com"
DA to lower rice max SRP to P49/kilo by March,https://www.rappler.com/philippines/da-lower-rice-maximum-srp-march-2025/,2025-02-26T19:05:55+08:00,,"MANILA, Philippines – The Department of Agriculture (DA) said on Wednesday, February 26, that it would lower the maximum suggested retail price (MSRP) of imported rice to P49/kilo by March. This is a P9 decrease from the originalMSRP of P58/kilo set in January. “We will review the numbers in the coming days to determine if there’s room to lower the MSRP further,” Agriculture Secretary Francisco Tiu Laurel Jr. on Wednesday, February 26. The DA implemented the MSRP in a bid to lower rice prices, alongside other government efforts of cutting down tariffs,declaring a food security emergency on rice, and selling rice stocks from the National Food Authority to local governments. The agency already predicted that the MSRP would go down since its implementation in January given the downward trend in global rice prices. Agricultural group Sinag welcomed the lowering of MSRP on imported rice, saying it’s nearing the ideal price range of P40-P45/kilo. “At the current price of $380/metric ton of 5% broken Vietnamese rice, imported rice should further go below P40/kilo,” Jayson Cainglet, executive director of Sinag, said in response to DA’s move. Cainglet said global prices have “plummeted significantly, dropping by $146/MT from $568 on July 10, 2024, to $380/MT this month.” Despite this positive response, Sinag pointed out that the MSRP and the food emergency declaration are needed government interventions due to the “dismalfailureof EO62 to tame rice prices.” President Ferdinand Marcos Jr. issued Executive Order No. 62 in 2024, cutting down tariffs from35% to 15%. Farmers’ group Federation of Free Farmers (FFF) criticized EO 62 on Wednesday, blaming the tariff cut for the “severe drop inpalayprices in many parts of the country.” According to FFF, farmers in Mangaldan, Pangasinan, postponed sellingpalaybecause of traders’ low buying prices. The price of newly harvestedpalayin San Jose, Occidental Mindoro, went as low as P13/kilo, said FFF. The Philippines hit a record high in 2024, importing almost 4.8 million metric tons. The DA attributed this spike in imports to El Niño and decreased local rice production. FFF said the government must restore tariffs to 35%. If this happens, price of 5% broken rice from Vietnam may rise to P33 per kilo and may be sold at P48/kilo given added costs. This is still below the current MSRP of P52/kilo, FFF pointed out. “We urge DA to address the emerging problems of farmers with the same vigor and persistence with which it has been cutting rice prices for consumers,” said Raul Montemayor, national manager of FFF. –Rappler.com"
"Arctic doomsday seed vault gets more than 14,000 new samples",https://www.rappler.com/world/global-affairs/arctic-doomsday-seed-vault-gets-new-samples/,2025-02-25T20:10:57+08:00,,"COPENHAGEN, Denmark – A “doomsday” vault storing food crop seeds from around the world in man-made caves on a remote Norwegian Arctic island will receive more than 14,000 new samples on Tuesday, February 25, a custodian of the facility said. The Svalbard Global Seed Vault, set deep inside a mountain to withstand disasters from nuclear war toglobal warming, was launched in 2008 as a backup for the world’s gene banks that store the genetic code for thousands of plant species. Protected by permafrost, the vault has received samples from across the world, and played a leading role between 2015 and 2019 in rebuilding seed collections damaged during the war in Syria. “The seeds deposited this week represent not just biodiversity, but also the knowledge, culture and resilience of the communities that steward them,” Executive Director Stefan Schmitz of the Crop Trust said in a statement. The new contributions include a sample of 15 species from Sudan, consisting of several varieties of sorghum – a plant that is significant both for the country’s food security and its cultural heritage, the Crop Trust said. The war between the Rapid Support Forces and the army which broke out in April 2023 has killed tens of thousands of people and displaced 12 million, while plunging half of Sudan into hunger and several locations into famine. “In Sudan…these seeds represent hope,” the director of Sudan’s Agricultural Plant Genetic Resources Conservation and Research Centre said in a statement. The total of 14,022 new samples will be deposited at 1430 GMT, including seeds of Nordic tree species from Sweden and rice from Thailand, the Crop Trust said. – Rappler.com"
San Juan City first to sell NFA rice after food emergency is declared,https://www.rappler.com/philippines/san-juan-city-nfa-rice-food-emergency-declared/,2025-02-24T15:13:58+08:00,,"MANILA, Philippines – San Juan City started selling rice stocks from the National Food Authority (NFA) on Monday, February 24, the first city to do so after the Department of Agriculture (DA)declareda food security emergency on rice. “Tayo po ang nauna sa buong Pilipinas na magbenta ng ganito pong kamura na bigas,”said San Juan City Mayor Francis Zamora in a live video post on Monday.“Ito po ay P1,650 kada 50 kilo na sako o katumbas na P33 per kilo.” (We are the first in the Philippines to sell rice this cheap. This is P1,650 per 50 kilos or sack, equivalent to P33 per kilo.) Under a food emergency, declared last February 3, the DA plans to sell 150,000 metric tons of NFA rice stocks to local governments — tofree up NFA warehousesin time for thepalayharvest season and to push down rice prices in the market. (READ:DA to release NFA rice in Metro Manila, Camarines Sur) The city is currently selling one sack per person, but Zamora said they may repack NFA rice into five kilos. The initial batch of 1,000 sacks of NFA rice was sold out already, Zamora said, due to their pre-registration held since last week. “Hindi na ho natin kakayanin ‘yung one, two, or three kilos kasi medyo magiging magulo ho ‘yun dahil iba’t-ibang klaseng packaging po ang mangyayari kung sakaling iba-iba rin ang timbang,”the mayor said. (We won’t be able to do one, two, or three kilos because that would be confusing due to different types of packaging and different weights.) DA chief Francisco Tiu Laurel Jr. said they are leaving it up to local government heads how to distribute the rice as the DA “cannot micromanage.” “Sa ngayon kasi sa rami ng stocks ng NFA na kailangan ma-move out, sa ngayon walang limit, parang race to finish muna ‘yung ating programa,”said Laurel on Monday. (Currently because of the volume of NFA rice that needs to be moved out, there is no limit, our program is like a race to finish.) There were 300,000 metric tons of rice in NFA warehouses prior to the declaration of the food emergency. Critics are calling the emergency contrived or manufactured given that rice prices in the global market are already dropping. There’s also the factor of the approaching 2025 midterm polls. The declaration is part of a spate of efforts that the Philippine government has been pursuing since President Ferdinand Marcos Jr. promised P20/kilo of rice during the presidential campaign. The government cut down tariffs of imported ricefrom 35% to 15%, then eventually set amaximum suggested retail price. Other Metro Manila cities and provinces are set to follow suit, but the DA has yet to specify which cities they are already in talks with for NFA rice distribution. The distribution of cheap rice to local governments is happening a month before the campaign period for local elections starts on March 28. Zamora, who is also the head of the Metro Manila Council, told reporters last week that the sale ofNFA rice will not be used for electioneering.– Rappler.com"
[Good Business ] A call to future senators to rethink Philippine agriculture,https://www.rappler.com/business/opinion-future-senators-rethink-philippine-agriculture/,2025-02-20T07:30:00+08:00,,"As the 2025 elections draw near, the future of Philippine agriculture stands at a pivotal crossroads. While traditional farming has long been the backbone of the country’s rural economy, innovative approaches now prove there’s a better, smarter way forward. The challenge and opportunity for those vying for senatorial positions is clear: Will they support and scale these innovations to benefit farmers nationwide? Filipino farmers have relied on time-honored methods to cultivate crops like rice, corn, and coffee for generations. But with climate change, fluctuating markets, and outdated infrastructure, many of these practices struggle to keep pace with the demands of a modern economy. In places like Bukidnon, new approaches are showing what’s possible. Agritech startups, like Varacco, are introducing Internet of Things (IoT)-enabled nurseries and nano-biofertilizers, equipping farmers with tools that were once the domain of industrial agriculture giants. Imagine a farmer monitoring soil health through a mobile phone or using automated irrigation systems that optimize water use based on real-time data. These aren’t just technological gimmicks — they’re practical solutions leading to healthier crops, higher yields, and more sustainable farming. The common fear with introducing advanced technology into agriculture is that it will sideline traditional farmers. But the reality on the ground tells a different story. Smart farming initiatives are designed to empower farmers, blending technology with indigenous knowledge. Farmers who have participated in these programs report transformative experiences. Young people, who once saw farming as an outdated profession, are now finding new purpose and pride in agriculture. They are learning to integrate their community’s traditions with modern tools, ensuring that the cultural heritage of farming is preserved while boosting productivity and sustainability. Naturally, many farmers were initially skeptical of these new approaches. After all, some past government or non-government programs often promised much but delivered little. But when technology is introduced thoughtfully — with hands-on training and community engagement — the results speak for themselves. Farmers have found that simple, practical tools can revolutionize their work. IoT sensors, manufactured byPacketworxin the Philippines, for instance, help them understand their land better than ever before, while nano-biofertilizers reduce dependency on costly chemical inputs. These innovations aren’t just making farming easier, they’re making it more profitable and sustainable. What’s driving this agricultural revolution isn’t just technology — it’s collaboration. Successful initiatives have brought together local governments, development authorities, private companies, and international organizations to create ecosystems that support farmers from the ground up. These partnerships demonstrate that with the right support, farmers can lead the charge in transforming Philippine agriculture. But this raises an important question: Why are these changes being driven primarily by private initiatives and NGOs rather than national agricultural policies? As candidates prepare their platforms, it’s time to consider how the government can play a more active role in scaling these innovations. Investing in smart farming isn’t just about technology — it’s about empowering communities, securing food sustainability, and ensuring that the agricultural sector remains a viable and thriving part of the economy. Policymakers should look at these success stories as models for nationwide programs. How can IoT and biosensing technologies be integrated into national agricultural strategies? How can funding and resources be allocated to ensure that even the smallest, most remote farming communities have access to these tools? The future of Philippine agriculture is already taking root in places like Bukidnon, where farmers are blending tradition with innovation to create a more sustainable, prosperous future. But this revolution shouldn’t be limited to a few regions or pilot programs. It’s a model that can and should be replicated across the country. For those seeking a seat in the Senate, the path is clear: champion policies that support smart farming, invest in agricultural technology, and ensure that farmers are at the center of this transformation. The tools are already in place. Now, it’s time for leadership to scale them. The next chapter of Philippine agriculture is waiting to be written. Will our future leaders rise to the challenge? –Rappler.com Ariestelo Asilo is a nutrition entrepreneur. He is the president and CEO of www.varacco.com and www.thinnkfarm.com, which operate through social entrepreneurship selling Buy 1 Get 1 Coffee, and creating farmer-scientists in coffee production in Mindanao. Currently, he is taking his Doctorate in Sustainability at the University of the Philippines – Open University. He also has a cat named Libe, which he found at a Liberica farm in Cavite."
"DA to release NFA rice in Metro Manila, Camarines Sur",https://www.rappler.com/philippines/da-release-nfa-rice-metro-manila-camarines-sur/,2025-02-19T14:11:55+08:00,,"MANILA, Philippines – The Department of Agriculture is releasing rice buffer stocks from the warehouses of the National Food Authority (NFA) to San Juan, Valenzuela, Navotas, and Camarines Sur. The DA held a turnover ceremony on Wednesday, February 19 — more than two weeks after the agencydeclared a food security emergency on rice. The declaration of the food emergency enables the DA to sell NFA stocks to local governments at P33 per kilo. It has two objectives: clearNFA warehousesin time for the rice harvest season, and to supposedly help bring down rice prices in the market. DA Secretary Francisco Tiu Laurel Jr. said the distribution of NFA rice stocks is a “race to finish,” saying the allocation would depend on which local government unit (LGU) comes first. “We need to really unload our stocks as fast as possible,” said Tiu Laurel in a press conference on Wednesday.“Kung anong hingin ng LGU, sinong mauna, then we will release.”(Whichever LGU would come first, then we will release.) The government plans to dispose of 150,000 metric tons of rice from warehouses. Tiu Laurel said it might be possible that will also release more, as there are around 300,000 metrics tons of rice in warehouses all over the country. The agriculture chief said the public may purchase NFA rice in the select areas next week. Other Metro Manila LGUs are bound to follow soon and strike an agreement with the DA. San Juan Mayor Francis Zamora said 150,000 sacks of rice are allocated for Metro Manila, around 5,000 of which may go to San Juan. A thousand sacks will be up for purchase on the first wave of distribution, Zamoraannounced. The DA is selling NFA rice at P33 per kilo. The agency estimates a P2-markup once LGUs sell in their areas.– Rappler.com"
"Billionaire Eduardo Soriano, Anscor vice chairman, dies",https://www.rappler.com/business/anscor-executive-eduardo-j-soriano-dies/,2025-02-18T21:08:49+08:00,,"MANILA, Philippines – The younger scion of the late Filipino industrialist and long-time CEO of San Miguel Corporation (SMC) Andres Soriano Jr. died on Monday, February 17, Monday. A. Soriano Corporation (Anscor), the Soriano family’s holding company behind the high-end Amanpulo Resort in Palawan as well as wire manufacturer Phelps Dodge, announced on Tuesday that its vice chairman, Eduardo J. Soriano, had passed on. He was 69. The cause of his death was not disclosed. “It is with deep sadness that we announce the passing of Mr. Eduardo J. Soriano, our vice-chairman and director, today, February 17, 2025. He served as director of A. Soriano Corporation (‘Anscor’) since 1980 and became vice-chairman in 1990. He was Anscor’s treasurer prior to his retirement in 2018,” the company said. Eduardo or “Ed” is a younger brother of Anscor chairman Andres Soriano III, a former chair and CEO of Philippine conglomerate San Miguel Corporation (SMC) before thelate Ambassador Eduardo “Danding” Cojuangco Jr.took over the food-and-beverage firm in 1998. It is now a diversified conglomerate with interests in a wider field of businesses such as infrastructure with tycoonRamon Angat the helm. “Our Chairman, Mr. Andres Soriano III, the Board of Directors, and the entire Anscor group of companies extend our deepest condolences to the family and loved ones of Mr. Eduardo J. Soriano. We are profoundly grateful for his invaluable contributions and service to Anscor,” the publicly-listed company said. One of Anscor’s subsidiaries is Seven Seas Resorts and Leisure Incorporated, owner of the world-renowned Amanpulo Resort, a 90-hectare island in Pamalican, Palawan province. The premium resort with 40 casitas and 9 luxury villas, has been patronized by some of the Philippines’ rich and famous as well as Hollywood stars and other foreign VIPs. One night in the secluded and private resort costs around P100,000. Amanpulo is operated by Amanresorts Management, a firm based in Amsterdam, the Netherlands. A post shared by Amanpulo (@amanpulo) Ed Soriano was also a philanthropist since he was president of the Soriano’s corporate social responsibility arm, Andres Soriano Foundation, with his brother serving as chair. The foundation has projects in Palawan in fields such as sustainable development, health (cancer care), and disaster relief and rehabilitation. Since the mid-1990s, however, his main business interest was in dairy farming. Ed Soriano founded Hacienda Macalauan Incorporated (HMI) in 1995 when his brother was at the helm of SMC and Magnolia Dairy. HMI operates in the town of Calauan, Laguna province south of the capital. It started with just a handful of dairy cows on its pasture land but quickly expanded into small-scale dairy farming after importing 100 cows from Australia. A post shared by Hacienda Macalauan Farm (@haciendamacalauan) In the late 1990s, HMI began processing liquid milk and cheese products, includingkesong puti(white chese), ricotta, and cottage cheese. “These were delivered by reefer vans daily to Manila’s exclusive subdivisions and villages thus earning its moniker ‘The Milkman’,” the company website says. A post shared by Hacienda Macalauan Farm (@haciendamacalauan) It then expanded to supplying fresh cow’s milk to hotels, restaurants, and the catering industry. In 2012, it began distributing milk — the Pure & Best Milk — to major supermarkets. HMI has an automated milking parlor and a technologically advanced dairy processing plant. A post shared by Hacienda Macalauan Farm (@haciendamacalauan) HMI has been cited as being one of the local firms that has raised the standards of the Philippine dairy industry. “The brand philosophy is to make as good a product as we can, without sacrificing the quality. All our products are kept as natural as possible,” Soriano, president and chief operating officer of HMI, was once quoted in an interview when the company was in its infancy. For instance, it adopted sterile packaging and filling to ensure the highest food safety standards and longer-lasting milk. Soriano graduated with a Bachelor of Science degree in economics from the University of Pennsylvania. The Soriano brothers’ father, Andres Soriano Jr., was chair and CEO of San Miguel Corporation from the sixties until his death in 1984.Danding Cojuangcowould end up owning the company but lost it after he left the Philippines with the Marcos family during the EDSA People Power Revolt in February 1986. Andres Soriano III then took the helm of SMC during the Cory Aquino and Fidel Ramos years, but Cojuangco got it back in 1998.– Rappler.com (Editor’s note: An earlier version of this article mixed up the name of the brand Pure & Best Milk in the excerpt. This has been corrcted.) "
No pork prices above P400/kilo? DA to set max SRP by March,https://www.rappler.com/philippines/department-agriculture-set-max-suggested-retail-price-march-2025/,2025-02-17T13:35:33+08:00,,"MANILA, Philippines – After setting a maximum suggested retail price (MSRP) on imported rice, the Department of Agriculture (DA) is now eyeing the implementation of a maximum SRP for pork by March. “The same na naging strategy with rice, ‘yun din ‘yung magiging strategy with pork,”said DA spokesman Arnel de Mesa on Monday, February 17. “Na malaman natin na dapat ganito lamang yung presyo, so ‘pag naglatag tayo ng MSRP, susunod sila, at maiwasan ‘yung sobrang profiteering, o sobrang paglalagay ng mataas na presyo.” (The strategy with pork is the same with the strategy with rice. We will know how much the price should be, so when we set the MSRP, retailers will follow and we will avoid profiteering or putting up high prices.) De Mesa said they are set to issue the MSRP by March. In a Malacañang briefing last February 10, DA chief Francisco Tiu Laurel Jr. had said that “anything above P400/kilo is unreasonable.” Tiu Laurel said then that the MSRP for pork was already discussed with President Ferdinand Marcos Jr. As ofFebruary 15, pork belly prices ranged from P380 to as high as P480 in Metro Manila. Frozen kasim and frozen liempo had lower prices, averaging at P255.83 and P312.44, respectively. What would be reasonable is P380/kilo, said De Mesa. “Kung ang farm gate mo P250, so ‘yung nababangit nga na P100, P100-plus na profit margin, so P380 is reasonable,”the spokesman said. (If your farm gate price is P250, and then you take into account a profit margin of P100 or more, so P380 is reasonable.) The DA is currently studying how the government can sell more affordable pork and chicken, according to De Mesa. Currently, the DA sells cheaper, well-milled rice through Kadiwa centers under their Rice-for-All program.– Rappler.com"
Kanlaon eruptions leave Negros Island Region with nearly P1B in farm losses,https://www.rappler.com/philippines/visayas/kanlaon-eruptions-negros-island-region-farm-losses/,2025-02-10T11:02:19+08:00,,"NEGROS OCCIDENTAL, Philippines – Since December 9 alone, the Negros Island Region (NIR) has registered nearly P1 billion in agricultural losses due toKanlaon Volcano’s eruptions. Two months since the second Kanlaon eruption late last year, a consolidated report released by the Department of Agriculture (DA) in the region on Sunday, February 9, showed that damage to crops and livestock in the five affected localities – Canlaon City in Negros Oriental and La Castellana, Murcia, and the cities of Bago and La Carlota in Negros Occidental – reached over P913 million. Vegetables took the biggest hit with losses reaching P860.111 million, followed by rice at P49.966 million, corn at P2.028 million, and poultry and livestock at P900,100. Of the total losses, Canlaon in Negros Oriental accounted for the largest share at P782.49 million, while the four localities in Negros Occidental reported combined losses of P130.52 million. The DA-NIR also listed 4,060 farmers affected by the Kanlaon eruption across the region, with 2,599 in Negros Oriental and 1,461 in Negros Occidental. The eruption, which brought ashfall and other volcanic debris, damaged a total of 2,956.74 hectares of farmland in both provinces. Of this, 1,639.25 hectares have no chance of recovery, according to the DA-NIR report. A total of 321 livestock animals were also confirmed dead due to the eruption. Albert Barrogo, DA-NIR officer-in-charge, said once evacuees return to their homes, they will be provided with agricultural inputs and support assistance. At present, Canlaon in Negros Oriental has 4,406 evacuees, nearly half of whom are staying with relatives. Negros Occidental still has 5,800 evacuees in La Castellana, La Carlota, and Bago, who remain housed in various evacuation centers. Meanwhile, affected farmers in La Castellana, with assistance from the Municipal Agriculture Office, have begun preparing land for the Municipal Vegetable Seed Production Project (MVSPP). The initiative aims to help farmers grow seeds for local food supply and income, supporting their recovery. In Bago, Mayor Nicholas Yulo said officials are focusing on helping Kanlaon evacuees rebuild their homes. Some will be resettled in nipa huts purchased by the city government as temporary shelters in Barangay Napoles. “Next to be endeavored is for the evacuees’ livelihoods, including farming assistance,” Yulo said. Meanwhile, Task Force Kanlaon head Raul Fernandez told Rappler on Monday, February 10, that Kanlaon had beenreleasing 2,183 tonnes of carbon dioxide per daysince Saturday, February 8. On Sunday, it also recorded 15 volcanic quakes, all tectonic in origin. Fernandez, citing information from thePhilippine Institute of Volcanology and Seismology(Phivolcs), said the volcano could soon produce a lava flow or lava fountaining. He admitted that Task Force Kanlaon lacks standby service vehicles needed for the evacuation of around 100,000 residents from areas near the foot of the volcano in case of another eruption. To address this, he said officials are coordinating with the Land Transportation Franchising and Regulatory Board (LTFRB) to secure a memorandum of agreement with a bus company. The arrangement would provide at least 100 Ceres buses for evacuation efforts if Kanlaon erupts again. –Rappler.com"
"DA okays onion importation to avoid repeat of 2022 crisis, farmers question timing",https://www.rappler.com/business/department-agriculture-onion-importation-february-2025/,2025-02-06T14:21:50+08:00,,"MANILA, Philippines – Agricultural Secretary Francisco Tiu Laurel Jr. confirmed on Thursday, February 6, that he authorized the importation of 3,000 metric tons of red onions and 1,000 metric tons of white onions — set to arrive in the next two weeks — to avoid a repeat of the2022 onion crisis. “We will not risk a potential shortage that unscrupulous traders could exploit to drive up prices, as we saw in the past,” said Tiu Laurel. “We do not want a repeat of the 2022 crisis.” The DA said in a statement that according to data from the Bureau of Plant Industry (BPI),  there are 8,500 metric tons of red onions and 1,628 metric tons of white onions in storage as of the middle of January. The BPI had recommended the importation. BPI Director Glenn Panganiban had clarified that the imports are meant to be a “preemptive measure” for possible supply gaps that may emanate from the onslaught oftyphoons, pests, and diseases in 2024. “While we were assured during our consultative meetings that there is still ample supply of onions, BPI recommended minimal imports to prevent major price spikes,” said Panganiban. Agricultural group Samahang Industriya ng Agrikultura (SINAG) questioned the timing of the importation, saying this will harm onion farmers who are only beginning to start their harvest. “Why not wait until after harvest?” SINAG executive director Jayson Cainglet  asked on Thursday. Cainglet said the onion harvest had been delayed becauseSuper Typhoon Pepitoaffected planting last year. Importing onions as farmers are beginning to harvest would mean losses for the farmers, he said. “’Pag ngayon mo papasukin during harvest, papatayin mo talaga ang kabuhayan ng farmers,”he said. (If you import onions now during harvest, you will really kill farmers’ livelihood.) After farmers harvest, the onions will be placed in cold storage facilities and an inventory of available supply can be made. The surge in onion prices in 2022 prompted a congressional inquiry where lawmakers pointed to an “onion cartel” as behind the “artificial” spike in prices. In December 2024, theDA blacklisted three importerslinked to the alleged onion cartel for price manipulation and collusion which limited competition.– Rappler.com"
DA says P35 per kilo NFA rice out soon. Will private traders lower prices?,https://www.rappler.com/philippines/will-private-traders-follow-lower-rice-prices-food-emergency/,2025-02-04T15:04:11+08:00,,"MANILA, Philippines – After the declaration of afood security emergency on rice, the Department of Agriculture (DA) expects rice buffer stocks from the National Food Authority (NFA) to be sold at P35 per kilo. But is this enough to make private traders lower their prices? Under a food emergency, the NFA can release rice buffer stocks — usually reserved for distribution during calamities — which the DA can then sell to local government units, government-owned and -controlled corporations, and Kadiwa stores. The NFA carries the well-milled variety of rice. Around 300,000 metric tons are currently stored in their warehouses, and 150,000 metric tons are set to be released within six months if the food emergency lasts until then. The government hopes that releasing NFA rice at a lower retail price will affect retail prices in the market. As ofFebruary 1, local well-milled rice was being sold at P40 to P50 per kilo. Consumers may find NFA rice at P35 per kilo in the market within the week or next week, said DA Assistant Secretary Genevieve Guevarra. Local governments that the government is striking agreements with for the distribution of NFA rice include Metro Manila cities and Cavite. NFA warehouses are currentlyoverwhelmedand there is an urgent need to make space for the new stocks as palay harvest season comes around. “The harvest season is about to start and we really have to release the stocks of NFA so we can create more space to accommodate the incomingpalaydeliveries from the farmers,” said Untiveros in a mix of Filipino and English during a press briefing on Tuesday, February 4. Since the DA will be selling at P33 per kilo so retail prices will be pegged at P35 per kilo, the government is set to lose P12 to P15 per kilo, according to NFA Manager for Operations Roy Untiveros. That’s a total loss of around P1.8 billion to P2.25 billion for the 150,000 metric tons of rice to be released. Will private traders follow suit? “I don’t think private traders will agree to lose money,” said Raul Montemayor, national manager of the Federation of Free Farmers Cooperative, in a response to Rappler. “If they cannot match the P35 [per kilo] NFA price [which is most probable], they might just decide to stick to their own [higher] prices and try to differentiate their stocks from those of NFA,” said Montemayor. The effect of cheaper NFA rice — which the government is betting on to influence retail prices of other rice varieties — will thus have less impact. “Private retailers will give up some of their consumers who shift to NFA rice, but maintain other consumers and supply them with better quality or different rice grades at higher prices,” Montemayor added. The declaration of a food emergency is not enough, according to former senator Francis “Kiko” Pangilinan. The measure should be paired with an “intensified campaign” against smugglers and traders exploiting the situation. “Kung deklarasyon lang at hindi naman hahabulin ang nagsasamantala, hindi binabantayan itong sistema ng pag-import, hindi sasampahan ng kaso itong mga nagsasamantalang trader, deklarasyon lang iyan,”Pangilinan said in aDZBB Super Radyo interviewon Tuesday. (If they won’t go after those taking advantage of the situation, does not monitor the import system, and won’t press charges against exploitative traders, that’s just a declaration.) Pangilinan was the presidential assistant for food security under the Aquino administration from 2014 to 2015. The former senator said that when they sold NFA rice at P32 per kilo and went after traders and some NFA officials in 2014, there was a P3 per kilo decrease in retail prices a year later. Thedepartment circularthat Agriculture Secretary Francisco Tiu Laurel Jr. issued on Monday, said that the food emergency will remain in force until he decides otherwise. The National Price Coordinating Council (NPCC) found that there was an extraordinary increase in prices of rice. The NPCC, chaired by the Department of Trade and Industry (DTI) chief, then recommended to the DA to declare a food emergency. “There is an extraordinary increase in price of rice when rice inflation has exceeded the upper bound target for food inflation and reached double digits,” said DTI Assistant Secretary Aga Uvero on Tuesday. But the goal is to revert prices back to July 2023 levels, when local well-milled rice sold for P45 per kilo and regular-milled variety sold for P41 per kilo. “Ang pinagbabasehan kasi ‘yung July 2023 na tumaas at never — halos hindi na bumaba,”Uvero said.“So, continuing ‘yung price increase.” (We’re basing this on the July 2023 level when rice price increased and never — almost didn’t decline since. There’s a continuing price increase.) Uvero referred to the resolution from the NPCC, saying that “such a condition is considered to remain in place while rice prices have not returned close to their levels prior to the breach of the food inflation targets which happened in July 2023.” In 2023, rice inflation rose to a14-year high of 19.6%in December. In the same year, President Ferdinand Marcos Jr. set aprice capnationwide, which helifted a month later. – Rappler.com"
DA lowers maximum SRP for imported rice to P55,https://www.rappler.com/philippines/da-lowers-maximum-srp-imported-rice-february-2025/,2025-02-04T11:03:50+08:00,,"MANILA, Philippines – The Department of Agriculture (DA) is lowering the maximum suggested retail price (MSRP) for imported rice fromP58to P55 per kilo starting Wednesday, February 5. “Starting tomorrow, the MSRP for 5% imported rice will now be sold at P55 per kilo,” said DA spokesman Arnel de Mesa in a press briefing on Tuesday, February 4. “And then, by February 15, the MSRP will now be nationwide,” he added. The MSRP is only in effect in Metro Manila. The agriculture department set the MSRP to curb prices of imported rice, which remained high despite the tariff cut from 35% to 15%. Agriculture Secretary Francisco Tiu Laurel Jr. previously said when the MSRP was first set that the objective was to get rid of imported rice sold at P60/per kilo in the market. According to De Mesa, the agency plans to lower the MSRP further following periodic reviews. The implementation of a lower MSRP comes two days after theDA announced a food security emergency on riceto enable the NFA to release its rice buffer stocks. As of February 1, prices of imported rice ranged from P38 (regular-milled) to P61 (special). President Ferdinand Marcos Jr. had promised during his 2022 campaign tolower the price of rice to P20/kilo. – Rappler.com"
DA declares food emergency to curb high rice prices,https://www.rappler.com/philippines/department-agriculture-declares-food-security-emergency-curb-high-rice-prices/,2025-02-03T19:27:42+08:00,,"MANILA, Philippines – The Department of Agriculture (DA) declared on Monday, February 3, a food security emergency on rice after the National Price Coordinating Council (NPCC) determined that there was an extraordinary increase in rice prices amid tariff reduction and decline in global prices. Under a food security emergency, the National Food Authority can sell rice buffer stocks to local governments, making cheap NFA rice more accessible to consumers. “This emergency declaration allows us to release rice buffer stocks held by the National Food Authority to stabilize prices and ensure that rice, a staple food for millions of Filipinos, remains accessible to consumers,” Agriculture Secretary Francisco Tiu Laurel Jr. said in a statement on Monday. The NFA also had to free up its warehouses — currently housing 300,000 metric tons of rice — in time for the harvest season. Tiu Laurel issuedDepartment Circular No. 3on Monday to declare the emergency. This will remain in force until he lifts the declaration. The DA chief can declare a food security emergency through the recommendation of the NPCC, following the amendment of the Agricultural Tariffication Act. The declaration faced somedelaysas the NPCC’s resolution was only finalized on January 27 and had to make the rounds across concerned government agencies.– Rappler.com"
"DA seeks chicken imports, vaccine approval to avert possible egg shortage in April",https://www.rappler.com/philippines/department-agriculture-chicken-imports-vaccine-approval-avert-possible-egg-shortage/,2025-02-01T17:00:46+08:00,,"MANILA, Philippines – TheDepartment of Agricultureis scrambling to import egg-laying chickens and pressing theFood and Drug Administrationto fast-track the approval of avian flu vaccines to avoid an egg supply shortage. The agency is also pushing to secure P300 million for vaccine testing under the National Livestock Program, with mass inoculation possibly starting in March. These urgent moves come as theUnited Statesgrapples with a bird flu outbreak. Although the Philippines has yet to face a similar crisis, Agriculture Secretary Francisco Tiu Laurel Jr. warned of a possible egg shortage by April. “We still have time, so there is a chance we could avert this,” Laurel said, urging financial institutions, including Land Bank and the Development Bank of the Philippines, to provide funding to support the industry’s repopulation efforts. In 2024, oversupply and weak demand drove down egg prices, prompting producers to cull layers, sharply reducing the population of egg-laying hens. Meanwhile, Philippine Egg Board Association president Francis Uyehara said in an interview withDZBBon Friday, January 31, that they do not foresee an egg shortage based on their projections. In fact, Uyehara anticipated an oversupply. The department is also facing rising rice prices, with the Philippine government considering declaring afood emergencywithin February. –Rappler.com "
[In This Economy] Why Marcos missed his economic growth targets for 2nd straight year,https://www.rappler.com/voices/thought-leaders/in-this-economy-why-marcos-jr-missed-economic-growth-target-2024/,2025-01-31T11:36:02+08:00,,"This is the second time in a row that President Ferdinand Marcos Jr. missed his own economic growth targets. In 2023, his administration set a 6-7% target. GDP, or gross domestic product, grew by just 5.5%. Then on Thursday, January 30, 2025, the government released the 2024 figures, showing that GDP grew by a mere5.6%. That also fell short of the target of 6-6.5%. With yearly growth lower than 6% per year, I can’t help but feel embarrassed for the Marcos administration. From 2012 to 2019, growth never fell below 6%, and the average for that period was an impressive 6.6%. But slow growth is unsurprising because the Philippine economy’s main driver, consumption spending, has dramatically weakened since 2022. This is mainly on account of the very steep increase of prices (or high inflation) from 2022 to 2023. Figure 1 shows that the green bars, denoting the contribution of consumption to growth, are much smaller than they used to be. Before the pandemic, consumption contributed more than 4.2 percentage points to growth per year. But in 2024, that contribution dwindled to about 3.5 percentage points per year. The thing is, Filipinos are not going out to buy as much food as before, deterred by the prohibitively high prices. Because food is such a huge part of a typical household’s budget, a slowdown in food spending tends to drag down overall growth. Figure 1. But it’s not just food. Investment spending, particularly construction by households and corporations, remained weak, likely because of the sky-high interest rates set by the Bangko Sentral ng Pilipinas — which are, in turn, designed to quell inflation. (When inflation abated, the BSPstarted loweringinterest rates in August 2024.) Heck, even government construction and spending in general have not contributed so much to growth. This seems counterintuitive, because of the many “hyperlocal” projects being built by local leaders, as well as the big-ticket infrastructure projects of the Marcos administration (like the Metro Manila Subway). But people tend to overestimate the size of government construction projects in general: in 2024, it was just 6% of GDP. And government can certainly do better in disbursing money for infrastructure projects, if not for pesky right-of-way constraints and lack of absorptive capacity in the Department of Public Works and Highways and the Department of Transportation. Most recently, the Marcos administration evendefundedbig-ticket infra projects by putting them in the national budget’s unprogrammed appropriations. In doing so, Marcos basically sabotaged his own legacy infrastructure program. No wonder public construction spending is so weak. On the production side of GDP, services continue to contribute a lot to growth. But agriculture and industry are lagging behind. It’s not new to see this performance of agriculture. But the total output of agriculture and fishing in 2024 was justP1.72 trillion, the lowest since 2016 or in eight years. The total value of agricultural production as a whole also seems to be plateauing of late. We don’t have space here to study the many ills of agriculture, but I’ll just refer you to a recentseries of columnsin theManila Timesby my friend and colleague, Dr. Fermin Adriano, an agricultural economist and former agriculture undersecretary. Meanwhile, Figure 2 shows the weakening of industry, specifically construction and manufacturing. Now that interest rates are expected to go down, perhaps more construction activities will resume across the country. What we really need to work on is manufacturing, which is still one of the most productive sectors on a per-worker basis. To boost manufacturing, we will need to significantly improve the Philippines’ business climate and attract much more foreign investments. Vietnam, for instance, was able to boost its manufacturing and exports when Samsung and Apple, and many other multinationals chose to locate there. The problem is that the Philippines is excellent in repelling rather than attracting investors, for many reasons we’re familiar with: weak rule of law, corruption, lack of infrastructure, etc. Figure 2. Amid the dire economic picture painted by the statistics, government officials are busy with their propaganda. Just a week before the latest GDP figures were released, Secretary Arsenio Balisacan of the National Economic and Development Authority (NEDA) said the country’s growth remained “impressive” despite missing targets. He said, “We fall short of the target but that’s understandable, as I said, because of the external and domestic factors that are outside of our control.” A few days ago, in Davos, Finance Secretary Ralph Rectotoutedthe Philippines as a “key destination for global investments.” President Marcos, for his part, said in a recent NEDA Board meeting, “I’m quite satisfied. I’m evenproud. I would go as far as saying I’m proud of the things that we have achieved.” Imagine you’re a student failing two consecutive exams, justifying your performance using the exact same words. Doesn’t make a lot of sense. Then in response to the official GDP figures for 2024, NEDA issued a lengthystatement. Rather than chase higher growth numbers, they said, the country should emphasize the need to build resilience and adaptability. Much blame was put on the string of typhoons, which hit the agriculture sector in 2024, as well as the slow global recovery. Sure, external factors were at play. Inflation hit most countries of the world in 2022, not just the Philippines. And the International Monetary Fund said that global growth in 2024 was “in a sticky spot” and “underwhelming.” But we should ask ourselves: how did Vietnam, which until recently was poorer than the Philippines, manage to achieve a7.5%growth rate in 2024? Wasn’t it also hampered by the global factors that NEDA was talking about? We can blame foreigners only up to a certain extent. Consumption wouldn’t have slowed down if the Marcos administration were able to manage inflation well. Marcos, who appointed himself concurrent agriculture secretary early in his term, was in a good position to manage food supplies well — but failed to do so. Public construction also wouldn’t have slowed down if Marcos did not approve the 2024 budget which placed so many big-ticket projects under the budget’s unprogrammed appropriations. Because he repeated this in 2025, expect construction growth to contribute little to the economy yet again. Finally, I want to note that the 2024 GDP figures confirm that we’re now on a permanently lower growth path. Figure 3 shows the pre-pandemic trend of GDP and how we veered off-course in 2020. If the pandemic had not happened, we would be on the purple trend. The pink trend, actual GDP, shows that since 2020 we have settled on a new and lower path than the pre-pandemic forecast. In other words, our national income now is a lot lower than what we could be enjoying if the pandemic had not happened. Figure 3 The task is to get back to the pre-pandemic trajectory asap. But to do this by 2028, or the end of Marcos’ term, my calculations suggest we’ll need annual growth of 11.4% from 2025 to 2028. That’s more than twice the economy’s growth rate in 2024. Is this shaping up to be Marcos’ economic legacy? That he miserably failed to bring the economy back to its pre-pandemic trajectory during his term? –Rappler.com JC Punongbayan, PhD is an assistant professor at the UP School of Economics and the author ofFalse Nostalgia: The Marcos “Golden Age” Myths and How to Debunk Them. In 2024, he received The Outstanding Young Men (TOYM) Award for economics. Follow him on Instagram (@jcpunongbayan) andUsapang Econ Podcast."
Agri losses due to calamities hit P57.8 billion in 2024,https://www.rappler.com/philippines/agriculture-losses-record-2024-due-calamities/,2025-01-29T15:59:42+08:00,,"MANILA, Philippines – The Department of Agriculture (DA) recorded agricultural production loss of P57,783,792,789 in 2024 due to El Niño, pests and diseases, volcanic activities, and tropical cyclones. In 2024, at least 1,407,893 farmers and fisherfolk weathered these calamities as the year opened with dry spells and ended with back-to-back storms and volcanic activities in Mt. Kanlaon in Negros Island. “This is one of the biggest na losses recorded in the sector, if my memory serves me right,” DA spokesman Arnel de Mesa said in a mix of Filipino and English during a briefing on Tuesday, January 28. Palay output alone, said De Mesa, declined by almost one million metric tons. El Niño’s dry spells wreaked the most damage to agricultural output, accounting for P15,657,817,238 of total output loss. According to De Mesa, El Niño years usually affect productivity. “1997-1998 is also one of the worst El Niño years,” De Mesa said. “We had very sharp decrease in our production.” In between weather disturbances, crops suffered from onion armyworm, rice blast infestations, hopper burn, and fall armyworm. Diseases caused P811,165,659 of the damage. The P57.8 billion production loss is equivalent to a volume loss of 2,718,836 MT. Calamities affected 993,823 hectares of agricultural areas. For 2025, the agency estimates improved palay output and forecasts a total harvest of20.4 million metric tons. – Rappler.com"
"Battling delays, gov’t may finally declare food emergency by February",https://www.rappler.com/philippines/battling-delays-government-declaration-food-emergency-february-2025/,2025-01-28T15:31:35+08:00,,"MANILA, Philippines – After bureaucratic delays, the declaration of a food security emergency to supposedly bring down rice prices may finally come in the first week of February. Almost two weeks had passed since Agriculture Secretary Francisco Tiu Laurel Jr. confirmed that the National Price Coordinating Council (NPCC) had recommended the said measure in aresolutionto combat the extraordinary increase in rice prices. The Department of Agriculture (DA), which has the power to declare a food emergency upon formal recommendation of the NPCC, has said it would need two days to review the resolution before making a decision. DA spokesperson Arnel de Mesa said if all goes according to schedule — with the NPCC coming out with the resolution soon — the department may declare a food emergency by the first week of February. “[A]ng pinaka-[concern] namin dito is una, mapababa ‘yung presyo talaga ng bigas,” De Mesa told reporters on Tuesday, January 28. “Pangalawa, kailangan malabas talaga ‘yung stocks ng NFA(National Food Authority).“ (Our main concern here is to really lower the prices of rice. Secondly, we need to release the NFA stocks.) Before considering the declaration of a food emergency, the government cut back tariffs from 35% to 15% for imported rice to bring down prices. However, amiddeclining prices in the world market, authorities have monitored that rice prices in the Philippines failed to decrease even with the tariff cut. The DA can declare a food security emergency under certain conditions, such as an extraordinary increase in prices. The declaration will allow the National Food Authority (NFA) to sell their rice buffer stocks to local governments. Because of the delay, the NFA can’t sell rice buffer stocks to local governments yet, leaving them unable tofree up their glutted warehousesbefore harvest season. The DA initially targeted to release NFA rice stocks by February 1. According to Department of Trade and Industry Assistant Secretary Agaton Uvero, the NPCC secretariat only finalized the resolution on Monday, January 27. The DTI is part of the said council. Uvero told lawmakers at the House of Representatives that the NPCC secretariat may release the recommendation to the DA within two days. “It’s more of the [wording] kasi dumadaan sa mga the usual complete staff work of the secretaries na hindi ‘yan pipirma kapag hindi na-review,“Uvero said during the House quinta committee hearing on Tuesday. (It’s more of the wording because it goes through the usual complete staff work of the secretaries who will not sign if they don’t review.) “That’s the bureaucracy of it.” As of Monday, the prices of imported rice, from regular to special types, ranged from P38 to P61. Meanwhile, locally produced rice ranged from P37 to P63. –Rappler.com"
Decision to declare food emergency delayed as DA awaits reso,https://www.rappler.com/philippines/food-emergency-declaration-delayed-2025/,2025-01-22T15:42:35+08:00,,"MANILA, Philippines — Deciding on whether or not to declare a food security emergency has been delayed, according to Department of Agriculture (DA) spokesman Arnel de Mesa, as the National Price Coordinating Council’s (NPCC) approved resolution continues to make rounds within government. “As committed by the Secretary, DA will review it as part of due diligence in two days, and then afterwards, saka magkaroon ng(will there be a)possible declaration,”De Mesa said during a press briefing on Wednesday, January 22. The spokesman was referring to the NPCC resolution recommending the declaration of a food emergency due to the extraordinary increase in rice prices. “Since wala pa sa amin ‘yung kopya, then we cannot do anything about it,”De Mesa said. (As committed by the Secretary, DA will review it as part of due diligence in two days, and then afterwards, possibly make a declaration. Since we still don’t have a copy, then we cannot do anything about it.) Aside from the agriculture chief, members of the NPCC include the chiefs of the Department of Trade and Industry, Department of Health, Department of Environment and Natural Resources, Department of the Interior and Local Government, among others. The DA announced on Monday that a decisionwill be made on January 22. President Ferdinand Marcos Jr. had said that the government has beenconsidering the declarationas rice prices remain high despite tariff cuts. Although the DA has been monitoringlower rice prices in the international market, the agency continues to mull declaring a food emergency so it can release the rice buffer stocks of the National Food Authority. “Sa tingin namin, kailangan pa rin kasi kailangan ma-release pa rin ‘yung stocks ng NFA,”De Mesa said. (We think we still need a declaration because we need to release the stocks of the NFA.) The DA previously saidNFA warehouses are glutted, storing 300,000 metric tons of rice buffer stocks. The government will have to dispose of the stocks soon as harvest season is about to start. The target release of NFA rice to local governments, public markets is on February 1.— Rappler.com"
"DA eyes record-high palay output in 2025 after a year of droughts, storms",https://www.rappler.com/philippines/da-eyes-record-high-palay-output-2025/,2025-01-20T17:20:33+08:00,,"MANILA, Philippines – TheDepartment of Agriculture (DA)is expecting record-high palay output in 2025 at 20.4 million metric tons (MT), following an El Niño year and an onslaught of storms by the tail end of 2024. The optimism comes from “President Ferdinand Marcos Jr.’s directive to restore the DA budget for rice production,” the agency said in a statement on Monday, January 20. “We’re now hopeful we could do better than 2023,” said DA Secretary Francisco Tiu Laurel Jr. The current record palay harvest hit 20.06 million MT in 2023. In 2024, palay production suffered due to El Niño and the consecutive storms that ravaged agricultural fields. DA’s preliminary estimate for 2024 palay output is only at 19.3 million MT. Marcos’ directive, the statement said, is to restore P10 billion to theNational Rice Program (NRP). The NRP is DA’s banner program that aims to boost local production and achieve at least 90% rice self-sufficiency. According to DA spokesman Arnel De Mesa, the agency already has P21 billion for the rice program secured in the 2025 budget. But they are asking for more funds. “Ngayon, ‘yung budget ng rice program ay nasa P21 billion as per the 2025 General Appropriations [Act],”De Mesa told reporters on Monday. “We’re seeking additional P9 to 10 billion para sa rice program. And depende sa DBM kung saan nila i-so-source.” (Now, the budget of the rice program is around P21 billion as per the 2025 General Appropriations Act. We’re seeking additional P9 to 10 billion for the rice program. It depends on the DBM where they will source that.) While local production declined in 2024, imports rose to a record-high of 4.78 million MT. — Rappler.com"
Food security emergency declaration looms: Decision seen by January 22,https://www.rappler.com/philippines/food-security-emergency-declaration-looms/,2025-01-20T16:14:14+08:00,,"MANILA, Philippines – The Department of Agriculture (DA) may declare a food security emergency on Wednesday, January 22, after the agency reviews the resolution from the National Price Coordinating Council which they have yet to receive. “[A]ng sabi ni Secretary ‘pag na-receive ngayon, tuloy ang review ngayong araw hanggang bukas. So by Wednesday there will be an action from the Secretary being siya ‘yung talagang may responsibility towards declaration ng food security emergency,”DA spokesman Arnel de Mesa told reporters on Monday, January 20. (The Secretary said that if we receive the resolution today, the review will continue from today until tomorrow. By Wednesday, the Secretary will take action, as he holds the responsibility for declaring a food security emergency) Under the amended Rice Tariffication Law, the agriculture secretary can declare a food security emergency due to supply shortage or extraordinary increase in prices. However, Tiu Laurel previously said that he will still consult with President Ferdinand Marcos Jr. nonetheless. Marcossaid on January 17 that high prices of rice — despite tariff cuts — made the government contemplate declaring a food emergency. The president said they have “done everything they could” to bring down prices but the market is “not being allowed to work properly.” If the declaration of a food security emergency pushes through on Wednesday, the National Food Authority may then sell their stocks to local governments and free up overwhelmed warehouses in time for the harvest season. (READ:High rice prices, glutted warehouses may push gov’t to declare food emergency) According to De Mesa, warehouses remain congested despite the Department of Social Welfare and Development’s (DSWD) regular purchase of NFA rice. “Regular naman din ‘yung pagbili nga ng DSWD pero hindi siya nakakabili ng ganoong kadami kasi wala naman siyang bodega,”said De Mesa. “300,000 metric tons is almost six million bags na hindi naman kayang ubusin din agad ng DSWD o ibang ahensya na namamahala sa relief efforts.” (The DSWD regularly buys but they can’t buy that much because they don’t have warehouses. 300,000 metric tons is almost six million bags and the DSWD or other agencies manning relief efforts can’t easily dispose of that.) The DA targets to make NFA rice available to consumers in public markets by February 1, said De Mesa. The NFA will sell at P36 per kilo of rice to local governments, which are then supposed to sell to the public with a maximum profit of P2 per kilo. Meanwhile, the implementation of the maximum suggested retail price (MSRP) for imported rice in Metro Manila has started. De Mesa noted that many public markets they monitored are compliant with the P58-MSRP, save for the Guadalupe Commercial Complex, Pasay Public Market where they saw premium imported rice sold at P59 per kilo.– Rappler.com"
"High rice prices, glutted warehouses may push gov’t to declare food emergency",https://www.rappler.com/philippines/high-rice-prices-glutted-warehouses-declare-food-emergency/,2025-01-16T16:43:37+08:00,,"MANILA, Philippines — The extraordinary increase in prices and glutted National Food Authority (NFA) warehouses may soon push the government to declare a food security emergency. The amended Rice Tariffication Law authorizes the agriculture secretary to declare a food emergency under these conditions. Agriculture Secretary Francisco Tiu Laurel Jr. confirmed on Thursday, January 16, that the National Price Coordinating Council (NPCC) has approved a resolution urging the Department of Agriculture (DA) to declare a food emergency even asworld rice prices go down. Tiu Laurel said in a Malacañang briefing that if a food security emergency is declared, the National Food Authority will be able to sell its rice buffer stocks as stated in the law. He said that NFA warehouses are swamped, storing around 300,000 metric tons of rice. “This would allow the NFA to free warehouses also to be able to buy morepalayin the next harvest season,” he said. With the upcoming harvest season and with the NFA looking to buy new stocks from local farmers, overwhelmed warehouses is a significant factor that may compel the DA to declare an emergency. “We have to technically start really selling or distributing the rice we have dahil importante makabili kami sa farmers sa tamang presyo.”Tiu Laurel said they hope to sell the rice buffer stocks by February. (We have to technically start really selling or distributing the rice we have because it’s important that we buy from farmers at the right price.) The NFA buys rice from local producers and stores them for distribution during calamities or emergencies. Despite the confirmation to reporters, Tiu Laurel said that the DA is still awaiting the formal transmittal of the recommendation from the NPCC. As part of the effort to lower rice prices, the government cut rice tariffs from35% to 15%in 2024 under Executive Order 62. Such declaration of food emergency, however, is already an “admission of the dismal failure of EO 62,” Jayson Cainglet, executive director of farmers’ group Sinag, said in a statement on Thursday. The group urged the NPCC to recommend to the National Economic and Development Authority the repeal of EO 62. A NEDA official in December 2024admittedduring a House hearing that the lower tariff did not help drive down prices as was anticipated. (READ:Rice tariff cut only benefitted importers not consumers – DA officials) Tiu Laurel said during the Malacañang briefing that the agency was thinking of differentiating the amount of tariff imposed depending on the type of rice being imported. In 2024, the Philippines imported a record high of 4.78 million metric tons of rice.– Rappler.com"
Global rice price drop to lower max SRP of imported rice – DA,https://www.rappler.com/philippines/global-rice-price-drop-to-lower-max-srp-of-imported-rice-da/,2025-01-13T18:47:50+08:00,,"MANILA, Philippines – With global prices of rice declining, the Department of Agriculture (DA) said the maximum suggested retail price (MSRP) for imported rice of the 25% broken variety may go down below P50. “That’s a probability considering na very sharp nga ‘yung pag-decline from December 10 to January 10 nitong presyo ng bigas sa international market,”DA spokesman Arnel de Mesa told reporters on Monday, January 13. (That’s a probability considering that there is a very sharp decline from December 10 to January 10 in the price of rice in the international market.) The agriculture department is implementing the MSRP of P58 for imported rice in Metro Manila starting January 20 in a bid to lower prices. The DA computed the P58-MSRP based on prices of 5% broken rice from Vietnam and included landed cost. De Mesa cites recent data from the Vietnam Food Association which showed that price of 5% broken Vietnamese rice declined from $510 per metric ton to $434. Meanwhile, 25% broken Vietnamese rice went down from $409 to $326 per metric ton. The same declining trend can be seen with rice from India and Thailand. Broken rice at 5% from India went from $449 to $440 per metric ton while 25% broken Indian rice went down from $434 to $425 per metric ton in the same period. Rice from Thailand of the 5% broken variety declined from $479 to $438 per metric ton. “It could be lower kasi yung initial na computation sa P50, mataas na ‘yung presyo sa international market. Ito na bumababa, definitely, it will go down below P50 yung 25% broken,”De Mesa added. (It could be lower because the initial computation was based on previously higher prices in the international market. Now it has lowered, definitely, the price of 25% broken rice will go down below P50.) The Philippines imported a total of 4.78 million metric tons in 2024. The DA earlier reported that total imported rice amounted to4.68 million MT. As ofFriday, July 10, imported rice range from P28 to P65.– Rappler.com"
DA sets maximum suggested retail price for imported rice in Metro Manila at P58,https://www.rappler.com/philippines/da-sets-maximum-suggested-retail-price-imported-rice/,2025-01-10T12:59:05+08:00,,"MANILA, Philippines – The Department of Agriculture (DA) will set themaximum suggested retail price(MSRP) on regular and well-milled imported rice at P58 per kilo starting January 20 in Metro Manila. “Sa ngayon, i-set natin ang MSRP by January 20 at P58,”said Agriculture Secretary Francisco Tiu Laurel Jr. on Friday, January 10. (Right now, we will set the MSRP by January 20 at P58.) “With the way things are going and current market prices, after one month, it should be…P56 or P55.” The MSRP will be implemented this January in Metro Manila first. According to Laurel, the government is still reviewing major markets in other areas including Cebu, Cagayan de Oro, and Davao. Prices of imported rice — regular, well-milled, premium, and special — currently range fromP38 to P64per kilo. Laurel said the MSRP will be mandatory, including for supermarkets and convenience stores. Trade Secretary Maria Cristina Aldeguer-Roque had expressed Department of Trade and Industry’s support for the implementation of the MSRP. “Ang gagawin namin is to monitor and to enforce that the prices set are being followed,”Roque said on Friday. (What we’ll do it to monitor and to enforce that the prices set are being followed.) Sanctions for stores which will not follow the MSRP are yet to be discussed. The MSRP, as Laurel clarified previously, does not work like a price cap which only the President can order upon recommendation of the concerned agency. Violation of a price cap is deemed a violation of the law. Under thePrice Act, the President can impose a price cap when there’s a calamity, acts of illegal price manipulation, or artificial increase in prices. In addition to the MSRP, DA ordered a change in the packaging of imported rice. It should tell consumers the brand, country or provincial origin, type, percentage of broken rice, importer or miller. In 2024, the Philippines imported a record high of4.68 million metric tons of rice. The DA recently said this is due to lower local production and reduced tariffs. “Kung wala na tayong makitang P60 [per kilo] after January 20 sa merkado, eh malaking achievement na ‘yun,”Tiu Laurel added. (If we don’t see P60 per kilo of rice in the market after January 20, that’s already a big achievement.)– Rappler.com"
Rice imports hit record high in 2024 at 4.68 million MT,https://www.rappler.com/business/rice-imports-hit-record-high-2024/,2025-01-08T19:36:25+08:00,,"MANILA, Philippines – Rice imports in the Philippines hit a record high at 4.68 million metric tons (MT) in 2024, according to Department of Agriculture (DA) spokesperson Arnel de Mesa. De Mesa, who was citing the figure from the Bureau of Plant Industry, attributed the higher rice import data to lower local production and lower tariffs. The DA spokesperson said that local production of rice decreased from 20.06 million MT in 2023 to 19.3 million MT in 2024 due to El Niño and the consecutive storms that ravaged agricultural lands. “[B]agamat tumaas ‘yung importasyon noong 2024, malaki naman ‘yung binaba ng lokal na produksyon (Even though importation rose in 2024, there was also a huge decrease in local production),”De Mesa said on Wednesday, January 8. In 2023, the Philippines imported 3.6 million MT of rice. The country previously hit a record high in 2022, when it imported a total of 3.83 million MT. The Philippine government lowered tariffs in 2024 in a bid to bring down prices. The move had been questioned by lawmakers months since its implementation. (READ:NEDA official admits tariff cut did not drive down rice prices) The new record was not surprising given the lowering of tariffs and international prices, said Raul Montemayor, national manager of the Federation of Free Farmers Cooperatives. “Imports during the second half [of 2024] were 70% more than imports during the same period in the preceding year,” Montemayor said. He added that the Philippines imported “much more than our deficit this year, which will be reflected in a relatively high end-of-year stock level and carryover stock going into 2025.” The surprising thing about this, he said, was retail prices remained high. As of January 4, prices of imported special rice in Metro Manila ranged from P54 to P65 per kilo, while those of imported premium rice ranged from P52 to P60. De Mesa said this could also mean that the reported figure reflects the actual number of imported rice due to less smuggling. “This 4.7 could be also be reflective na hindi na or very limited na ‘yung smuggled rice at na-re-report na siya dahil wala na ngang insentibo, mababa na ‘yung taripa, at mahigpit na doon sa pagtingin doon sa [smuggling],”said De Mesa. “Mas marami na ‘yung na-re-report din na imported na bigas.” (This 4.7 figure could also reflect that there is no or very limited smuggled rice, and it’s being reported because there are no more incentives, the tariffs are low, and we’re strict in checking for smuggling. There is more imported rice being reported.) The Bureau of Customs (BOC) told lawmakers in late 2024 that rice smuggling was no longer a prevailing problem. BOC Commissioner Bienvenido Rubio had said then that if there were smugglers, rice prices would be lower. For 2025, De Mesa said they expect local production to bounce back given that rice fields will not suffer from El Niño this year.–Rappler.com"
South African city uses ancient wisdom to produce chemical-free wine,https://www.rappler.com/world/africa/south-africa-city-stellenbosch-uses-ancient-wisdom-produce-chemical-free-wine/,2024-12-24T20:00:00+08:00,,"To what extent does soil health contribute to what’s in the glass? That’s the question a new study on the effect of soil health on viticulture has answered by proving that it is critical to plant and animal life, as well as the quality of wine. The method — once condemned at agricultural schools because of the belief that grazing animals spread weeds, and cause compaction in the soil and other damage — defies old thinking by introducing ruminants in a controlled manner to the vineyard. Cattle, sheep and other ruminants not only keep the weeds under control, but add organic matter, thereby helping sequestrate carbon in the soil. Regenerative viticulture aims to restore soil health by mimicking natural processes. As soil life improves, so does its ability to absorb carbon dioxide from the atmosphere, making it a valuable tool in combating global warming. Accumulating organic carbon in vineyard soils improves their health, resilience to erosion, and drought resistance due to enhanced water retention. Conducted by Stellenbosch University and Hartenberg Family Vineyards, the study has revealed that a single parcel of vineyard and vintage can produce two different wines, which are poles apart in terms of the aroma, chemistry and flavor, proven by differing levels of alcohol, residual sugar, tannin, pH, total acidity, anthocyanins (pigment) and extract. The Hartenberg vineyard, founded in 1692, is located west of Cape Town in a city called Stellenbosch. It was acquired by the Mackenzie family in 1986. In 2017, they introduced cattle to the property to graze fallow lands and areas that needed manual maintenance. They discovered that the ruminants significantly impact soil health. Through further research, their viticulturist, Wilhelm Joubert, discovered that grazing animals could also positively impact plant and soil health within the vineyards if they were managed effectively. In 2010, Joubert — considered the pioneer of regenerative viticulture in South Africa — first introduced cover crops to capture nitrogen from the air and improve soil structure and biomass. Joubert, who had an epiphany after reading Allan Savory’s bookHolistic Management, says once they introduced high-density grazing, they started to see nature responding in a way that was hard to believe. They realized that if it works in the fallow lands and pastures, it must work in the vineyards if they apply the same principles of regenerative viticulture. Early tests conducted after introducing animals to the vineyards demonstrated positive results already within the first season, as the combined effects of the cattle’s treading hooves, grazing habits, saliva, manure, and urine improved soil health. That discovery set the farm on a course to regenerative agriculture, which has proven to improve the property’s general health and well-being. Regenerative agriculture is a farming system that improves soil health, biodiversity, and ecosystem function. It aims to restore and maintain the health of the land rather than simply extracting resources. Its key principles include building and maintaining healthy soil, promoting biodiversity, managing water resources sustainably, mitigating climate change, and creating resilient farming systems. Farmers can improve their yields, reduce their reliance on synthetic inputs, and contribute to a more sustainable food system by adopting regenerative practices. Ruminants are an essential component of regenerative agriculture. The core principle of regenerative viticulture, which collaborates with nature, rather than fights against it, is to enhance land productivity and biodiversity on wine farms. A crucial aspect of this approach is restoring soil health and fertility by increasing organic matter and closing the carbon cycle through harmonious farming practices. Cover crops, which are hardy plants, play a vital role in this. By annually rotating and sowing various cover crop species, farmers can add specific nutrients to the soil. Hartenberg has been pesticide-free since the early 2000s, relying on biological control methods, one of which is the use of ladybirds to combat leaf roll virus, which is transmitted by female mealy bugs. It has also introduced indigenous wasps to control mealy bugs, with the result that all vineyards under the age of 18 remain virus-free, which is a significant achievement compared to industry standards. The farm has also discontinued the use of rodent bait stations, instead installing 15 nesting boxes for barn owls for natural control. Another more recent introduction is Indian runner ducks (inspired by Vergenoegd Löw Wine Estate) to control snails and other bugs in the vineyard. The farm is renowned for its sheep and temperamental long-horned Ankole (brought to the property after the Mackenzies traveled to Uganda), Dexter (a placid Irish small cattle breed), and indigenous Nguni cattle. Biodiversity has flourished on the farm with the introduction of various new fauna and flora, including nine previously undocumented mushroom species, numerous new grass species, and dung beetles that have not been seen in the region in decades. In taking soil samples and using nematodes (microscopic roundworms that feed on plant roots) as bio-indicators of soil health, Joubert found that after the animals were introduced, the nematode diversity increased, the ratio of non-harmful to harmful nematodes improved, and no single group of nematodes dominated. Regenerative viticulture is not simply about putting ruminants in the vineyard to roam. Joubert says, “Certain rules, practical stuff, needs to happen. It needs to be managed, otherwise you won’t get the results you want. It’s a tool that we use.” Winemaker Carl Schultz, a Cape Winemakers Guild member who has been with Hartenberg for 31 harvests, says in the first year since they brought animals into the vineyard, they were impressed by the rapid improvement in the measured soil biodiversity and health. “The question was: What happens to the grapes from vineyards where cattle graze, as opposed to the vineyard without cattle?” Two years ago, Schultz and Joubert divided a single vineyard parcel into two — a control group and a densely grazed portion — and replicated the process last year in September 2023. Once harvested, the grapes were handled separately in the cellar, although the winemaking process was the same. They found that while the control block produced slightly more bunches per vine, the ruminant parcel yielded a noticeably different wine. “In the ruminant portion, there were slightly fewer bunches per vine, and the berries were smaller, too. This means production per hectare could be marginally less, but smaller berries naturally result in a greater concentration of fruit,” Schultz explained. They also achieved physiological ripeness at lower sugar levels. “If I can achieve physiological ripeness at a Balling (test for sugar content) or two lower, the resultant alcohol will also be lower,” said Joubert. The wine of the grazed portion is characterized by elegance, freshness, and a red fruit profile, while the control wine is heavier and more structured and may exhibit hints of darker berry fruits and riper aromas. Regenerative viticulture is viable and cheaper, Schultz says. “Our farmers are unsubsidized — the only sector in the Western world. They’re completely on their own. To farm in this way will save us billions of rands.” Hartenberg is on track to be the first in South Africa to achieve accreditation fromLand to Market— the world’s first regenerative verification for meat, dairy, wool, and leather. Later this year, the results of a multi-year study are expected to be released, which is poised to revolutionize our understanding of regenerative viticulture. Led by Dr Cristina Lazcano in the US and funded by various organizations, including Jackson Family Wines, the USDA, and the California Department of Food and Agriculture, the study isexamining 12 West Coast vineyards from Oregon to Santa Barbara over five years. Researchers are analyzing soil samples from these vineyards to understand better the response of soil microbial life to different combinations of regenerative practices. While initially focused on soil carbon storage, the study’s scope has expanded to include various aspects of soil health, such as nutrient cycling, microbial activity, and water retention. Researchers are also investigating the relationship between carbon cycling indicators and microbial diversity. The study is a unique opportunity to explore the effects of different combinations of regenerative practices on soil health. By examining various factors like soil type, climate, and specific practices, researchers hope to gain valuable insights into optimizing soil health and sustainability in viticulture. One key area of focus is the soil microbiome. Scientists increasingly recognize the importance of understanding the below-ground ecosystem, as it plays a crucial role in regulating essential processes like water and carbon cycling.– Rappler.com This story wasoriginally published in Daily Maverick(South Africa) and is republished within theHuman Journalism Networkprogram, supported by the ICFJ,International Center for Journalists."
Japan’s strawberries are coming to the Philippines,https://www.rappler.com/business/strawberry-export-agreement-japan-december-2024/,2024-12-16T11:52:23+08:00,,"MANILA, Philippines – Japan’s strawberries, known for their sweetness, will soon make their way to Manila following the lifting of an export ban on Sunday, December 15. The Ministry of Agriculture, Forestry, and Fisheries (MAFF) of Japan struck an agreement with Philippine authorities on the quarantine conditions required to export fresh strawberries. MAFF said in apress releasethat they held “repeated technical discussions” with Philippine authorities to set the quarantine requirements, as a response to requests from producers. “Thanks to the agreement between MAFF and PH authorities, these berry-delicious exports are good to go! Who’s excited for this fruity milestone?” Ambassador of Japan to the Philippines Endo Kazuya posted on X (formerly Twitter). 🍓Big news for strawberry lovers! 🍓 Starting 15 Dec., Japan’s juicy & sweet strawberries will finally make their way from 🇯🇵➡️🇵🇭! Thanks to the agreement between MAFF & PH authorities, these berry-delicious exports are good to go! Who’s excited for this fruity milestone?pic.twitter.com/yRZbpJftDr The Philippines had imposed a ban on Japan’s strawberries due to pests such as Drosophila suzukii. Part of the agreement between the two countries now involves the investigation of occurrence of pests at production facilities. Strawberries are used in popular Japanese desserts like strawberry shortcakes and mochis. These are often cultivated in greenhouses, which enables producers to meet the demand for strawberries in winter months. The Philippines and Japan have been working together to expand agricultural relations. The maiden shipment of Philippine Hass Avocados to Japan has officially arrived! 🇵🇭🥑🇯🇵 Ambassador Mylene J. Garcia-Albano witnessed the opening of the shipment, marking a new chapter in bringing the finest tropical produce of the Philippines to Japanese consumers.As the…pic.twitter.com/srvdhyceJh In November, the Philippines started exporting Hass avocados to Japan, becoming the first Asian country to export the variety to her northeast Asian neighbor. Philippine agricultural exports to Japan include tropical fruits such as bananas, mangoes, pineapples, and papayas.–Rappler.com"
NEDA official admits tariff cut did not drive down rice prices,https://www.rappler.com/philippines/neda-official-admits-tariff-cut-did-not-drive-down-rice-prices/,2024-12-11T08:30:41+08:00,,"MANILA, Philippines – Lower tariffs, among other factors, have not translated to lower rice prices, a National Economic and Development Authority (NEDA) official said on Tuesday, December 10. “Hindi po nag-translate ‘yung lower tariff at bigger supply ng bigas at ‘yung lower price sa international market,”NEDA Director Nieva Natural said during the House quinta committee conducting a probe into smuggling and price manipulation of basic goods. (Lower tariffs, bigger supply of rice, and lower prices in the international market did not translate to lower retail prices.) This comes almost five months after the Philippine government cut tariffs on imported rice from 35% to 15% in an attempt to decrease prices. Globally, rice prices have decreased following the lifting of India’s export ban in September, Natural said. With lower global prices, landed cost decreased. As NEDA’s presentation showed during the hearing, imported rice from Vietnam declined from P41.32 to P33.95. Meanwhile, rice from Thailand also decreased from P41.08 to P33.96. These figures show an average P7 difference between prices from June to October. “What we want to hear [is] what’s happening? Bumaba ‘yung landed cost, bumaba ‘yung farmgate. Pero bakit mataas ang bigas ho natin?”ACT-CIS Representative Erwin Tulfo asked. (What we want to hear is what’s happening? Landed cost decreased. Farmgate decreased. But why is the price of rice still high?) “It is a puzzle too for us and perhaps this deserves a more nuanced analysis,” said Natural in a mix of Filipino and English. “Because in a highly competitive market, you would expect a decrease in tariff rates would result in increased quantity of imports. And the increase in quantity in rice supply in the market should translate to lower retail. But that’s not what happened.” As ofDecember 6, the price of well-milled imported rice ranged from P40 to P54, while imported premium rice ranged from P52 to P60. If markets were “sufficiently competitive,” Natural said reduction of tariffs should have translated to lower retail and farmgate prices. But prices of rice now are “more consistent with what would be observed in a non-competitive market structure,” according to NEDA. Is there a rice cartel? Based on the past two hearings of the House quinta committee, this has not been supported by hard evidence. But perhaps, there is an environment that encourages such behavior, said DA Undersecretary Christopher Morales. One importer denied the existence of a rice cartel. Jeannie Tan of Bly Agri Venture Trading said on Tuesday that sales have slowed down recently. “Kagaya ngayon matumal ‘yung benta. Kahit ibebenta namin nang lugi, walang bumibili sa ngayon. Kaya ‘yung sinasabi na cartel, sa ngayon walang cartel. ‘Yung sa opinyon ko lang. Walang cartel, walang hoarding,”Tan said. (Like now, sales slowed down. Even if we sell at lower prices, no one’s buying. So, what they’re saying about the cartel, as of now there’s no cartel. That’s only my opinion. There’s no cartel, no hoarding.) Tan, along other rice importers, appeared before the House quinta committee. During the first hearing of the quinta committee in November, lawmakers sought to establish thatimportersmay have been taking advantage of the tariff reduction meant to make rice cheaper for the Filipino public.– Rappler.com"
"In first quinta comm hearing, Quimbo asks: Are smugglers the cartels?",https://www.rappler.com/philippines/quimbo-asks-are-sumugglers-cartels-house-quinta-committee-hearing-november-2024/,2024-11-27T16:20:56+08:00,,"MANILA, Philippines – The House of Representatives amped up its pursuit of smugglers, hoarders of agricultural products with a new mega panel, the “quinta” committee, or the Murang Pagkain Super Committee. The quinta committee, after aresolutionwhich House Speaker Martin Romualdez co-authored himself, follows the lower chamber’s investigation on the onion crisis in 2023 and the recent passage of President Ferdinand Marcos Jr.’santi-economic sabotage law. In its first hearing on Tuesday, November 26, the resounding issue that lawmakers wanted answered as apparent from their line of questioning was: Who gets punished over the high prices of rice? Early in the inquiry, Albay 2nd District Representative Joey Salceda asked officials from the Department of Agriculture (DA) if they had identified smugglers of imported rice. DA Assistant Secretary Carlos Carag said they already have a “long list.” Meanwhile, Marikina 2nd District Representative Stella Quimbo asked for a list of top rice importers, then afterwards asked bluntly about the existence of cartels in the rice industry. “It seems like there are certain either sectors or individuals who are actually manipulating prices,” said Carag. But the DA official said they are “still in the process of studying” the system, and thus cannot directly answer what the modus operandi of the cartel is. Toward the end, Quimbo asked Carag, “Are smugglers the cartels?” “Definitely there’s price manipulation, Ma’am, but I do not say–““So are you saying that smugglers are also the cartel operators?”“I cannot say in definite terms.” In September, Marcos signed Republic Act No. 12022 or the Anti-Agricultural Economic Sabotage Act, characterizing economic sabotage as a non-bailable offense. Due to agricultural smuggling, the Philippines lost P3 billion in 2023, according to Marcos. The law defined economic sabotage as an activity that “disrupts the economy” through profiteering, price manipulation, excessive importations, creation of artificial shortage. The DA already has a “long list” of smugglers, Carag said during the hearing. This list, unlike the list of top rice importers, was not presented or read aloud on Tuesday. But going after smugglers is a long shot, Jayson Cainglet, executive director of Samahang Industriya ng Agrikultura, told Rappler. Cainglet said that instead, lawmakers should focus on the huge volume of imported rice that  came in this year (4.162 million metric tons imported as of November 21, according to the Bureau of Plant Industry) and why it did not lower prices. “Kung P35 ang landed cost, bakit P50 [ang bentahan]?”(If the landed cost of imported rice is at P35, why are they selling it at P50?) This assessment of volume in relation to prices put in sharp relief the need to monitor supplies in warehouses. But according to the DA, majority of storage facilities are not registered. Cainglet mentioned the modus operandi of thealleged onion cartel. “Hindi alam saan napupunta ang supply,”he said. (We don’t know where supplies go.) A huge thorn on DA’s side is that they do not have law enforcement powers. “The inspectorate enforcement of DA has no mandate for law enforcement,” said Carag, who heads this office. “When we do operations we have to coordinate with the NBI, Coast Guard, Customs, and other law enforcement agencies.” To recall, it was the National Bureau of Investigation that Marcos turned to when he wanted the allegedonion cartel, smugglers, and hoarders investigated. This lack of power also manifests in the monitoring of rice storage warehouses — a critical point in the supply chain. Those unregistered are effectively out of government regulation. “We can only inspect under the regulatory powers of the DA those that are registered,” said Carag. “Majority are not registered. So we cannot inspect those that are not yet registered.” According to Glenn Panganiban, director of BPI, there are a total of 626 warehouses registered to the agency as of 2024. Under the new economic sabotage law, individuals who own warehouses and cold storage facilities are required to register with regulatory agencies and submit reports on operations every month.– Rappler.com "
Rice tariff cut only benefitted importers not consumers – DA officials,https://www.rappler.com/business/rice-tariff-cut-only-benefitted-importers-not-consumers-da-officials/,2024-11-26T20:39:55+08:00,,"MANILA, Philippines – Importers, instead of the Filipino consumers, are benefitting from the government’s policy of cutting tariffs of imported rice from 35% to 15%, a high-ranking official from the Department of Agriculture (DA) and the director of the Bureau of Plant Industry (BPI) said. In the first quinta committee (dubbed as the “Murang Pagkain Super Committee”) hearing on Tuesday, November 26, lawmakers focused on the how the rice tariff reduction affected consumers and if it helped lower prices. “Sino po ang nakikinabang sa tariff reduction? Dahil sabi ‘nyo kanina tumaas po ang importation, correct?”asked ACT-CIS Representative Erwin Tulfo. “Is it the importer or is it the consumer ang mas nakikinabang? Kasi wala pong paggalaw ng presyo.” (Who benefits from the tariff reduction? Because you said earlier that importation volume rose, right? Is it the importer or is it the consumer who benefitted? Because the price did not budge.) BPI director Glenn Panagniban responded,“Kung ganoon po nga ‘yung premise, malamang po ‘yung pong mga nag-i-import po ang nag-be-benefit.” (If that’s the premise, it’s more likely that those who import are the ones benefitting.) DA Undersecretary Asis Perez, when asked the same question, answered:“Dito po sa senaryong ito, malinaw na hindi po si Juan at si Maria. Malamang po at siguro tayo na ‘yung pong nag-i-import ang mas nakinabang, hindi po talaga si Juan at si Maria.” (In this scenario, it’s clear that it’s not [for] Juan and Maria. Obviously, and we’re sure of this, that those who are importing rice are benefitting from this and not Juan and Maria.) Because of the tariff reduction, the Bureau of Customs (BOC) said the government lost P12 billion in tax revenues. This came despite an increase in imports, from last year’s 3.606 million metric tons (MMT) of imported rice up to the 4.162 MMT imported as of November 21 this year, according to the data from BPI. Through Executive Order 62, President Ferdinand Marcos Jr. cut down tariffs on imported rice from 35% down to 15% in a bid to lower prices. They expected retail prices to lower by P7. But according to data from Marikina 2nd District Representative Stella Quimbo, the retail price of imported rice only decreased by mere cents. Even with the increase in imports and a decline inflation rate right after the tariff reduction, prices did not fall. “[I]f we look at the prices itself, ang liit ng binagsak,”Quimbo, who is an economist by training, said. The lawmaker said the average imported rice price went from P51 per kilo to an average of P50.68 per kilo after the tariff cut. “So ‘yun ang tanong natin diba?”she said.“Bakit hindi masyadong malaki ‘yung effect on the levels? So baka nga mayroong pagsasabwatan.” (That’s our question, right? Why is there no huge effect? Maybe there is collusion.) At Quimbo’s coaxing, the BPI named the top rice importers, which ways and means committee chair Joey Salceda read as follows: The National Economic and Development Authority reviews the impact of tariff reduction every four months. Since it took effect in July, the economic measure had been the subject ofa Senate hearing and a petitionbefore the Supreme Court.– Rappler.com"
Filipino farmer at COP29 pushes for agroecology as climate solution,https://www.rappler.com/world/global-affairs/filipino-farmer-cop29-agroecology-climate-solution/,2024-11-21T18:22:50+08:00,,"BAKU, Azerbaijan – Leodegario Velayo, a 59-year-old farmer-leader from Gapan, Nueva Ecija, urged global leaders at the United Nations Climate Change Conference or COP29 to listen to farmers and take action on climate change impacts on agriculture. At a COP29 side event, Velayo delivered a message about how El Niño and La Niña effects threaten farmers in the Philippines, joining civil society organizations from various countries in advocating for agroecology as a climate solution. According to the Food and Agriculture Organization of the United Nations,agroecology is a holistic and multidisciplinary approachthat integrates ecological, social, and cultural principles to design sustainable agriculture and food systems. Agroecology considers the interconnected relationships among plants, animals, people, and their environment while providing context-specific solutions to the challenges experienced by farmers. For instance, instead of using chemical fertilizers and pesticides, Velayo cultivated drought-tolerant and early-maturing rice varieties during this year’s cropping season. This allowed him to produce zero chemical inputs, avoiding debts and reliance on corporations. “The situation of farmers in the Philippines is worsening because of the typhoons that struck us. It is affecting our rice fields,” Velayo, a member of the Magsasaka at Siyentipiko para sa Pag-unlad ng Agrikultura, told Rappler in Filipino. In the last month alone, six tropical cyclones hit Luzon in the Philippines, affecting millions of Filipinos. According to theGlobal Report on Food Crises 2024, weather extremes were the main driver of acute food insecurity for 18 countries, with over 72 million people facing high levels of acute food insecurity. In the Philippines, the Department of Agriculture lastMayestimated that the overall cost of damage to agriculture and fisheries in the country from the El Niño phenomenon was P9.5 billion. Velayo said that the high cost of farming, specifically conventional agriculture, and the impacts of calamities on crops are the primary reasons why they almost have nothing to harvest. The Pesticide Action Network International (PAN) said thatsupport for agroecology and pesticide reformsimplementation is crucial to climate action and a resilient food system. PAN said countries must ensure that their Nationally Determined Contributions and National Adaptation Plans phase out highly hazardous pesticides, address their risks to biodiversity, provide more structural support for agroecology practices, and ensure credible measures to support these reforms through a whole-of-government approach. “Instead of supporting agroecology, the government continues to promote big corporations’ interests, specifically conventional farming, leading to the further loss and destruction of the livelihoods of the poor,” Velayo said in Filipino. “The global leaders must need to recognize and respect farmer’s rights in the global south: the right to our land, our right to plant and share our seeds, the right to choose and develop technologies that are based on our needs and objectives,” Velayo said during a separate protest at COP29. As the two-week COP29 winds down, developing countries are demanding wealthy nations to provide $1.3 trillion in public climate finance annually. According to theFamily Farmers for Climate Action(FFCA), at least P200 to P500 billion a year is needed to achieve a sustainable and equitable food system. Governments must also ensure that this “money is well spent.” An analysis by the FFCA also found that one-third of the $2.6 billion invested by the Global Environment Facility (GEF) and Green Climate Fund (GCF) in 2019 and 2022 was directed toward projects explicitly supporting sustainable agriculture practices relevant to small-scale farmers. Still, small-scale farmers are often not considered in decision-making and have no direct access to finance. “While you pour billions into corporate-driven false solutions, we farmers are already holding the real answers,” Velayo told negotiators during the side event. –Rappler.com This video report was produced with the support of DW Akademie."
[ANALYSIS] BRICS and the conflicting definitions of Philippine food security,https://www.rappler.com/voices/thought-leaders/analysis-brics-conflicting-definitions-food-security/,2024-11-11T10:24:39+08:00,,"Sectionalism has produced quite a number of alphabet soup associations designed to break apart and break out from larger universes to form smaller more distinctive, focused, and independent factions, aggrupation, and alliances. Depending on attitudes and objectives, these can either be seen as divisive or unifying — as defense mechanisms or one that seeks comfort in commonalities. To establish regional security on a geopolitical scale, these factions range from the North Atlantic Treaty Organization (NATO) created to counter the defunct Union of Soviet Socialist Republics (USSR), while on the non-military front, to establish economic and trade alliances, there is the powerful European Union (EU) on the opposite side of the planet, and the Association of Southeast Asian Nations (ASEAN) right in our neighborhood. The pure and absolute objectives of these supposedly parochial organizations have blurred over time as the difference between a purely military undertaking and those that are economic blur as well. As examples, economic sanctions as part of warfare as well as military expansionism to control if not forcibly appropriate international assets such as oil, gas and minerals resources are extremely familiar issues with the ongoing war in Ukraine and our own weekly mini battles in the West Philippine Sea. Between 2009 and 2010, as a result of a developing summit initiated at Yekaterinburg, Russia, founding members from Brazil, Russia, India, and China, and later, South Africaformed BRICS. Wikipedia describes BRICS as an intergovernmental geopolitical bloc established to highlight investment opportunities. Note that political persuasion, ideology, or economic structure are not strict requisites. This is validated by one of its principal tenets — that of non-interference. In our region, Malaysia, Indonesia, Thailand, and Vietnam have joined BRICS. All four are significant trading partners of the Philippines. Two, in particular, temper domestic inflation either through our policy of importations that flood domestic food supply or through import substitution. Do not forget that our rice price influencers come from importing from India, Thailand, and Vietnam. Confronted by the creation of BRICS and the pressures to join, this will be a critical issue for the Philippines and the ambivalent foreign policies of the president. While Singapore and the Philippines have so far decided to ignore overtures to join, perhaps due to American interests and influences in our case, and inherent economic strength in the case of Singapore, note that among BRICS, socialists and democracies, autocracies and representative governments, free-market and command economies co-exist. BRICS’ membership has since changed but it has also grown exponentially and currently its combined resources cover nearly one-third of the planet’s and 45% of the world’s population. The planet’s current organization representing the world’s leading advanced economies, the West’s G7 Bloc, however, considers BRICS a rival organization. Given the historical domination of the US dollar and its economy on global trade, culture, and geopolitics, that is understandable. [READ:‘Anything you can do,’ G7 rivals China with grand infrastructure plan] Analyze the history of sectionalism and the development of geopolitical factions. For as long as we can remember, the global economy has always been polarized and the demarcations drawn between real and imagined rivals have not only been thick and solid, but these have also been drawn along diverse and crisscrossing spectra that any kind of global or even regional unity seems like an impossible challenge. Even when the population remains technically homogenous, where the internal territories, towns and provinces are naturally contiguous and geographically borderless, severe sectionalism has won out. From the fractured tribal states of the African continent to the dispute between the West and the New Englanders in the 1800s and 1900s and the civil war between the North and South in Northern America, among the most neglected communities to modern-day beacons of a unified political exemplar, division, — radical and, at times, violent —has punctuated human history, predicating the internal divisiveness we see today. The ghosts of Mars must be laughing at us. Graphically debunking the shared one-planet proposition that should keep us from blowing ourselves and our planet into smithereens and causing a man-made 6th extinction, closer to home but as ancient as the 200s BC, China built a divisive wall so massive it is visible from space where no other man-made demarcations can be seen. Ironically, China is a principal author of BRICS — and is the invader of the West Philippine Sea. While nature has provided the oceans, seas, and rivers as well as mountains and deserts as challenges to unity, humankind developed concepts, protocols and technologies that bridge and overcome nature’s barriers. From prehistoric horns, smoke signals and tom-toms to digital telecommunications, the invention of the wheel, man-made wings, rockets and satellites, and vehicles to conquer distances, to such concepts as core-families in our immediate microspheres, to globalization and trade alliances, to free speech and other various subtle iterations of inclusivity, mankind seems to want to relate closer and better. Unfortunately, from The Book of Genesis and the Garden’s Tree of Knowledge of Good and Evil, this objective to develop inclusivity has likewise created our capacity to end life on earth. From the Allied Powers versus the Axis Alliance in World War 2 to the proliferation of thermonuclear doomsday bombs under the control of politicians and other genocidal madmen, to Chinese military expansionists within our waters, towns and elsewhere, global war hawks like Xi Jin Ping pursue a scorched-earth policy while bent on eliminating rivals. Factor these in as we are being invited to join and engage BRICS with its founding principals who threaten the global world order with apocalyptic expansionism on the larger stage, and in our neighborhood, not simply threatening food security for a vulnerable economy whose leaders decided it will import food and its principal price index staple, but as BRIC’s Chinese hegemons threaten, they simultaneously create subservient food import dependence as we are diametrically weaned away from less hegemonic trading partners. This is what happens when the sole crafter of Philippine foreign policy and the former Department of Agriculture secretary has prioritized food security based on simplycombating high priceswith quick-fix importations likely from BRICS, rather than defining food security from the more fundamental objective of domestic self-sustainability, self-sufficiency, and an empowered and productive agricultural sector. –Rappler.com Dean de la Paz is a former investment banker and managing director of a New Jersey-based power company operating in the Philippines. He is the chairman of the board of a renewable energy company and is a retired Business Policy, Finance, and Mathematics professor. He collects Godzilla figures and antique tin robots."
"How US potatoes can transform Filipino, Asian cuisine",https://www.rappler.com/life-and-style/food-drinks/versatility-us-potatoes-filipino-cuisine-asian-dishes/,2024-10-19T12:57:49+08:00,,"MANILA, Philippines – For Filipino home cooks and professional chefs alike, potatoes have always been a trusty staple ingredient in cooking. US-grown potatoes, in particular, are making their way into Filipino households due to their versatility, nutritional benefits, and ease of preparation. That is why Potatoes USA, the national marketing organization for US potatoes, is ramping up its efforts to promote its potatoes to Filipino consumers. In a media event held at Chef’s Table and Kitchen in Brittany Hotel, BGC on Thursday, September 26, the organization invited chef Kalel Chan of Chotto Matte, Saboten, Jones All Day, and Friends & Family to demonstrate how US potatoes can elevate Filipino and Asian cuisine through new recipes. During a live cooking demonstration, Chan showcased a delicious dish called Mapo Tofu Potato Cheese Fries. This recipe highlights how ingredients commonly found in households or easily accessible at grocery stores can be transformed into something “extraordinary.” Key ingredients such as cooking oil, garlic, onions, sesame oil, ginger, slurry, cheese, soft tofu and ground pork came together to create a flavor-packed dish. Condiments and seasonings also included shoyu, sake, mirin, tobanjan bean paste, sugar, and ground pepper. However, the true star of the presentation was the US seasoned crisp fries, which added an exciting twist to the traditional dish. Chef Chan didn’t stop there! He also introduced US Potato Ramen, a unique twist on Japan’s traditional noodle soup, by crafting them entirely from potatoes. The innovative dish offered an easy alternative for those running low on their typical noodle supply, with the main ingredient being standard potato granules. Paired with a spicy Sichuan Dan Dan sauce made from Sichuan ground pepper, soy sauce, chili oil, and hot chicken stock, the potato noodles provided a unique culinary experience. One of the notable features of US potatoes is their ability to absorb and enhance a variety of flavors and textures. For Filipinos who live in an “ingredients-focused household” that primarily stocks ingredients rather than ready-to-eat meals, US potatoes are a handy essential kitchen companion — whether fresh, frozen, or instant. Chef Chan also whipped up a Cheesy Potato Kaldereta Bake, a modern take on the traditional Filipino beef stew. In this dish, tender potato slices are layered over a savory, spicy, tomato-based beef stew, topped with melted, grated cheese for an indulgent twist that is perfect for family occasions. These innovative recipes fusing Western and Filipino flavors helps to break the stigma that potatoes are only used for fries and chips. They can be roasted, grated, or puréed, making them an underrated, versatile addition to any recipe! Beyond their taste and texture, US potatoes actually pack a nutritional punch, being rich in vitamins C and B6, potassium, and fiber, all while being naturally fat-free. They also have good quality and shelf life. Freshness is crucial for enjoying the best flavor and texture in potatoes, but without proper storage, their quality can diminish quickly. To maximize their shelf life, it’s essential to store potatoes in a cool, dry, and dark place, such as a pantry, cellar, or basement. This helps prevent moisture buildup, which can lead to spoilage and sprouting. Freezing fresh potatoes at home can significantly impact their quality. Unlike US frozen potatoes, which are processed with advanced techniques to remove excess moisture, homemade frozen potatoes often lose both flavor and texture. The high moisture content in fresh potatoes causes them to degrade when frozen, leading to undesirable results in cooking. Fun fact: Frozen potatoes are the most sought-after American potato products, with the Philippines as the largest market in Southeast Asia. The US plays a crucial role in supplying the frozen potato products enjoyed across Luzon, Visayas, and Mindanao. According to Potatoes USA, a large part of the success of US frozen potato products in the Philippines lies in the variety used, mainly the russet potato. “The russet potato is the best potato for fries and mashed potatoes. It has the most amount of solids, and those varieties that have a lot of solids stay crispy for a longer period of time,” Potatoes USA country representative Reji Retugal explained. US potatoes are grown across several states like Idaho, Washington, Oregon, and California, which produce the bulk of the potatoes that are eventually turned into frozen products for worldwide export. Every US potato processor is meticulously regulated and overseen by inspectors from the United States Department of Agriculture (USDA). They must also comply with the stringent Hazard Analysis and Critical Control Points (HACCP) standards the US Food and Drug Administration (FDA) sets. Potatoes USA actively promotes US potato products in the Philippines through various consumer outreach programs. According to Retugal, their program includes consumer outreach, with supermarket programs featuring tasting events inviting chefs to create recipes that consumers can easily prepare at home. These efforts are designed to familiarize Filipino consumers with US potatoes and showcase their versatility in the kitchen. “It is a very active market for food service, and we work a lot with chefs,” the representative added, emphasizing the ongoing partnership between US suppliers and the Philippine culinary scene. Potatoes USA’s campaign also emphasizes the nutritional benefits of US potatoes. The organization promotes potatoes as a nutrient-rich food with essential vitamins and minerals. US potatoes are naturally fat-free, gluten-free, and a rich source of vitamin C, potassium, and fiber, making them a healthy addition to any diet, especially the frozen and dehydrated varieties. These products are low in calories and easy to prepare. Founded in 1971, Potatoes USA is the national marketing and promotion board for US potatoes, representing over 2,500 potato growers in the United States.– Rappler.com Zulaikha Palma is a Rappler intern studying AB Journalism at the University of Santo Tomas."
[Good Business] Varacco Coffee’s journey: From farmers to farmer-scientists,https://www.rappler.com/business/opinion-varacco-coffee-journey-from-farmers-scientists/,2024-09-20T10:20:48+08:00,,"“Aries, napag-iwanan na tayo.”(Aries, we’ve been left behind.) In 2015, Aries Asilo, president of Varacco and ThinnkFarm, learned from his mentor, the late Dr. Ernie Gonzales, about the Cultural, Natural, and Economic (CNE) theory. This concept highlighted how the Filipino quality of life was once deeply rooted in cultural and natural aspects before World War II, with a shift towards economic dependence afterward due to industrialization and population growth. Inspired by this, Aries reflected on his approach to Nutrition Entrepreneurship and Human Ecology, deciding to focus on creating a business model that integrates social, cultural, and environmental impact. This holistic approach defines Varacco’s business model. As Aries and his team emphasize, sustainability goes beyond monetary gains — it involves fostering a harmonious relationship with the environment while driving practical development. Aries’ ongoing doctoral research highlights the need for businesses to shift from a supply chain mindset to a value-chain perspective, where sustainability is not just a goal but a process that encompasses productivity, product quality, and profitability. Varacco’s value chain begins at the nursery and ends with the consumer, exploring how diversity, equity, and inclusion (DEI) play critical roles. For diversity, Varacco and ThinnkFarm aim to build a diverse workforce while sourcing from various origins. Their COFFEE program (Coffee-based Farming and Entrepreneurship Engagement) trains farmer-scientists to adopt nature-positive agricultural practices, like Integrated Pest Management (IPM) and nano-biofertilizers, despite the higher costs. This investment in sustainable practices raises crucial questions about how far farmers and communities are willing to go to ensure sustainability. On equity, Varacco ensures fair prices for smallholder farmers, while digitalization provides market access through climate-smart technology. This not only helps farmers grow their businesses but also connects them with consumers who value transparency and sustainability. Varacco explores how the Internet of Things (IoT) and big data can promote inclusivity, ensuring that no one is left behind in the coffee value chain. With IoT, they have Analiza Cominguez in Bansalan, Davao Del Sur where her farm size doubled and her confidence increased with new technology. Analiza said, “Tumaas ang aking confidence at puwede na ako mag-retire, ipapasa ko na sa anak ko.” (My confidence increased and I can now retire and pass this on to my children.) Presently, Varacco is implementing Smart FARM or Farmers Adopting Responsible Management at Pangantucan and Talakag in Bukidnon. It aims to create the first accredited digitalized coffee nursery that uses Internet of Things technology and nano-biofertilizers and to hasten the production of coffee seedlings by 30% thereby doubling its production a year. Capacity-building enables this project through their farmer-scientist model. At every level, from the farm to the national stage, Varacco is revolutionizing the coffee industry with its innovative business model. Partnering with Packetworx, Varacco is leading efforts to improve coffee productivity and quality in the Philippines by creating an interconnected IoT network that helps over 200,000 smallholder farmers make climate-smart decisions. Their efforts have garnered attention internationally, with Food Navigator Asia calling Varacco a challenger in the instant coffee market and Africa Business predicting the company as “the next big thing.” With the integration of IoT to monitor environmental parameters, land productivity is expected to rise, allowing farmers to market their surplus and increase income. This, in turn, fosters further investments in agriculture, innovation, and community development, thereby uplifting living conditions and fueling economic growth. The Varacco model, through its climate-smart and value-chain strategy, opens the door for new green development opportunities, both for local farmers and the nation. However, as Packetworx, CEO Arnold Bagabaldo said, “IoT is just a tool, it is not magic.” Varacco ensures that the farmers are given the leverage to decide for their farms through the data provided by IoT, enabling them to become farmer-scientists. At its core, Varacco’s social enterprise is a balance between theoretical knowledge and practical impact. The dual approach — grounded in theory and refined by on-the-ground experience — empowers Varacco to reflect on essential resources and data to drive sustainable development. Their journey creates not just a business, but a constellation of communities, each interconnected, thriving, and working together toward a shared future of sustainability and prosperity.– Rappler.com Ariestelo Asilo is one of the RVR Siklab Awardees this 2024. He is the President and CEO ofwww.varacco.comandwww.thinnkfarm.comwhich operate through social entrepreneurship selling Buy 1 Take 1 Coffee, and creating farmer-scientists in coffee production in Mindanao. Currently, he is taking his Doctorate in Sustainability at the University of the Philippines-Open University. He also has a cat named Libe which he found at the Liberica farm in Cavite.telo@varacco.com"
Congested ports hinder rice prices from going down – DA chief,https://www.rappler.com/philippines/port-congestion-hinder-rice-prices-going-down-says-agriculture-secretary-tiu-laurel/,2024-09-16T20:42:12+08:00,,"MANILA, Philippines – Ships are unable to unload their rice cargoes due to port congestion, keeping imported rice prices from dropping P7 per kilo, Department of Agriculture (DA) Secretary Francisco Tiu Laurel Jr said in a press conference on Monday, September 16. “There’s port congestion, then there [are] delays,” said Tiu Laurel. “Unloading is low.” According to the agriculture chief, there are 20 ships in Bataan currently waiting to be unloaded. There are also ships waiting in ports in Subic, Manila, and Batangas. Port congestion is delaying imported rice supply from entering the market, thus keeping rice prices high contrary to the government’s forecast of prices dropping P7 per kilo after they effectivelyloweredrice tariffs from 35% to 15% last July throughExecutive Order No. 62. “Ideally, when it arrives, it should be unloaded immediately,” said Tiu Laurel. “But we have, I think, boats now waiting for a week or twona eh(already). There’s a lack of ports in the country.” Having the right number of agri-ports, he added, would lower the cost of farm inputs such as fertilizers, feeds, and seeds. The agriculture chief said effects of the lowered tariffs should be felt by mid-October, as the country still has two months’ worth of old stocks to be sold at more expensive prices. “Expected range is P5 to P7 naman ‘di ba? So hopefully, at least P5 should be achievable,“he said. (Expected range [of rice price drop] is P5 to P7, right? So hopefully, at least P5 should be achievable.) As of September 13, imported regular-milled ricerangedfrom P42 to P50 while imported well-milled rice sold from P45 to P55. A month before the move to lower tariffs, the House of Representatives and the DAannouncedtheir target to reduce the price of rice to below P30 per kilo. House Speaker Martin Romualdez said then that they were “confident” they could lower prices as early as July. Agricultural groups previouslyaskedthe Supreme Court to impose a temporary restraining order on EO 62, saying reduced tariffs only penalize local producers, hurt consumers, and deprive government of revenues.– Rappler.com"
[Time Trowel] Anatomy of spicy laing,https://www.rappler.com/voices/thought-leaders/time-trowel-anatomy-spicy-laing/,2024-09-15T09:40:59+08:00,,"A trowel (/ˈtraʊ.əl/), in the hands of an archaeologist, is like a trusty sidekick — a tiny, yet mighty, instrument that uncovers ancient secrets, one well-placed scoop at a time. It’s the Sherlock Holmes of the excavation site, revealing clues about the past with every delicate swipe. Growing up inBicol, I used to marvel at how my dad could turn even the simplest meals into something exciting, with just a fresh chili pepper or a bottle of spiced vinegar. Whether it was a modest bowl of rice or an entire spread of Bicolano favorites, he’d casually toss in a fiery chili or pour spicy vinegar over his food like it was the most natural thing in the world. While most of us would break into a sweat or scramble for water, my dad reveled in the heat. This “spicy tongue” became normal to me, but what I didn’t realize then was that this love for all things spicy wasn’t just a family quirk — it was a culinary tradition that stretches back centuries, rooted in global trade and history. You see, chili peppers aren’t even native to the Philippines. It’s hard to believe, especially when you consider how integral they are to Bicolano cuisine. But they only arrived in our kitchens after the Columbian Exchange, that period of massive global exchange that followed European exploration in the 15th and 16th centuries. It was during the Spanish colonial period that chili peppers were introduced to the Philippines, traveling across oceans to become a core part of ourfood culture. Eventually, they made their way into our beloved dishes — and, of course, into my dad’s endless supply of spicy condiments. When I became anarchaeologist, fascinated by past agricultural practices and maritime contacts, it didn’t take long for me to realize that so much of what we consider “traditional” Filipino cuisine is really the product of centuries of maritime interaction. Our ancestors didn’t just grow crops; they traded, shared, and borrowed foodways from their neighbors across the seas. A few years ago, I wrote an article about “Bahay Kubo” — that simple folk song we all know — and how the quintessential Filipino garden it describes is, in fact, a demonstration of global interconnectedness. The plants we celebrate in that song, from tomatoes to eggplants, came to our shores through centuries of trade, shaped by human movement across the oceans. As Bicolanos celebrate the Peñafrancia Fiesta, it seems like the perfect time to dissect another culinary icon, one that embodies this deep history of exchange: gulay na natong (or laing). What we’re eating isn’t just a dish; it’s a flavorful representation of history, geography, and, let’s face it, a deep love for spice that has been passed down through generations. Long before rice became the staple of the Filipino diet, the starchy root crop taro, or gabi, was the main source of carbohydrates across much of the archipelago. Archaeologists and historians argue that taro could have been domesticated right here in Island Southeast Asia, with the Philippines potentially playing a central role in its early cultivation. Taro has been a dietary staple in the region for millennia, long predating the widespread cultivation of rice. Rice, as we know it today, only began to dominate the Filipino diet around 400 to 500 years ago. In fact, there’s no solid scientific evidence of paddy rice cultivation earlier than that. Before rice fields blanketed our landscapes, taro was the reliable crop that sustained communities from Bicol to beyond. It was versatile and could be grown in both irrigated and dry fields, making it a dependable food source in a variety of environments. But taro isn’t as straightforward as it might seem. Wild varieties of taro, which were likely the first types available to early communities, often contain toxins. Eating them raw or improperly processed could lead to unpleasant, if not dangerous, outcomes. However, our ancestors, particularly in Bicol, were resourceful. They mastered the art of processing wild taro, using drying, cooking, and other techniques to remove these toxins and make it safe to eat. This practical knowledge became a crucial part of our culinary heritage, passed down through generations and woven intoiconic dishes like natong (laing). While taro is the star of natong, other ingredients play crucial roles in giving the dish its distinctive flavor. Coconut milk, for example, adds richness to the stew, softening the bitterness of the taro leaves and creating that creamy texture Bicolanos love. Historical records indicate that coconuts were already integrated into the subsistence economies of the Philippines by the time of Spanish contact, with references to their cultivation noted by early explorers such as Pigafetta in the early 1500s. Alamang (shrimp anchovies, or bagoong) adds yet another layer to the understanding of laing’s historical and archaeological significance. Fermented fish or shrimp products have been found in archaeological sites across Southeast Asia, indicating that the tradition of fermentation is deeply rooted in the region’s history. The widespread use of shrimp paste across Southeast Asian countries points to shared culinary practices that likely emerged from early cultural and trade interactions between coastal communities. And then, of course, there’s the chili. As I mentioned earlier, chili peppers only arrived in the Philippines after Spanish colonization, but once they took root (literally and figuratively), they became an indispensable part of Bicolano cooking. Bicolanos, known for their love of spice, embraced the chili with open arms, making it a defining feature of dishes like natong. The chili’s presence in natong symbolizes Bicol’s cosmopolitan nature — taking a foreign ingredient and making it integral to local tastes. So, when you sit down to a plate of natong during the Peñafrancia Fiesta or at any family gathering, remember that you’re not just eating a dish. You’re participating in a tradition that spans centuries, shaped by global trade, agricultural innovation, and cultural exchange. The natong on your plate is a product of maritime contacts, a reflection of our ancestors’ resourcefulness, and a testament to Bicol’s identity as a hub of cultural fusion. Each spoonful is a connection to the past, a reminder that what we eat today carries with it the legacies of those who came before us. And let’s not forget the spice. As much as I marvel at my dad’s ability to handle heat, I now know that this fiery love for chili peppers is more than just a personal preference. It’s a taste that has been shaped by 500 years of history; a spicy story intricately threaded through the essence of Bicolano identity. So, whether you’re eating it mild or with an extra kick, savor that natong. It’s history on a plate. Note: Today’s column is dedicated to the memory ofVictor J. Paz, the Philippines’ first archaeobotanist. VJP dedicated his life to the establishment of a strong Philippine archaeology program. Vale, VJP! –Rappler.com Stephen Acabado is professor of anthropology at the University of California-Los Angeles. He directs the Ifugao and Bicol Archaeological Projects, research programs that engage community stakeholders. He grew up in Tinambac, Camarines Sur. Follow him on IG @s.b.acabado."
African swine fever vaccine trial launched in Batangas,https://www.rappler.com/philippines/african-swine-fever-vaccine-trial-launched-batangas-august-2024/,2024-08-30T19:00:50+08:00,,"MANILA, Philippines – The Department of Agriculture (DA) launched the controlled trial of an African swine fever (ASF) live vaccine on Friday, August 30, in Lobo, Batangas, one of the red zone areas in the province. The controlled trial comes five years after the first ASF case was recorded in the Philippines. A total of 41 healthy pigs from two farms in Lobo, or those that tested negative for the virus after a blood test, were inoculated on Friday. “On the [14th] day ay kukunan ng dugo at i-a-analyze kung ito ay nag-produce ng antibody,”Agriculture Assistant Secretary Dante Palabrica said on Friday.“And then regularly i-che-check natin ang condition ng mga baboy.” (On the 14th day, we’ll extract blood and analyze if antibodies were produced. And then we’ll regularly check the condition of the hogs.) The Vietnam-made vaccine is so far the only one approved by the Food and Drug Administration (FDA) for monitored release. FDA Director Maria Cecilia Matienzo, who was part of the rollout in Batangas on Friday, said that the Bureau of Animal Industry will have to submit its review of the vaccine from the controlled trial for the FDA’s evaluation. “[L]ater on kung makita nating okay talaga, i-che-change natin ‘yung authorization from monitored release to the regular CPR (Certificate of Product Registration) for commercial use,”said Matienzo. (Later on if we see that it’s okay, we’ll change the authorization from monitored release to the regular CPR for commercial use.) The DA is expecting to receive 150,000 more vaccine doses as part of the controlled trial. “‘Yun ’yung parte ng competitive bidding na ginagawa ng Bureau of Animal Industry doon sa P300 million na nalaan ng DA dito sa programang ito,”said department spokesman Arnel de Mesa. (That’s part of the Bureau of Animal Industry’s competitive bidding using the P300 million allotted by the DA for this program.) ASF is a viral disease of farm-raised and wild pigs with a 100% fatality rate. It has become a global concern after outbreaks were detected in many countries including China, Vietnam, and Korea. The Philippine hog industry has been incurring huge losses since the 2019 outbreak. Recently, market prices dropped due to anincreasein active ASF cases.– Rappler.com"
"Philippines to import 16,000 MT of yellow onions by year-end",https://www.rappler.com/business/import-yellow-onions-yearend-2024/,2024-08-28T14:32:59+08:00,,"MANILA, Philippines – The Philippine government is importing 16,000 metric tons (MT) of yellow onions until yearend after stocks got depleted, Department of Agriculture (DA) Secretary Francisco Tiu Laurel Jr. said on Wednesday, August 28. The agriculture secretary said he has approved a memorandum from the Bureau of Plant Industry (BPI) which said that the remaining 3,296.50 MT of yellow onions would only last until August 25 or last Sunday. “Actually, I approved that on Monday,” said Tiu Laurel at the sidelines of a livestock event on Wednesday, referring to the memorandum. “I approved the import of white or yellow onions because the stocks are already depleted. But we still have a lot of red onions.” Imports will arrive by batches every two weeks. The first batch is set to arrive by the end of this week or early next week, Tiu Laurel said. The government expects demand to increase due to the holiday season. The BPI said it will ensure that the last batch of imports will arrive by end of December so as not to hurt local producers who will start their harvest season by January. Meanwhile, the available stock of 135,551.40 MT of red onions is estimated to last until March 2025, according to the BPI memorandum dated August 14. The DA has extended an import ban on red onions until August. As of Tuesday, August 27, local white onions sold for P80 to P150 per kilo while local red onions sold for P70 to P150 per kilo. Last year, the Marcos administration got flak for ameteoric rise in onion pricesin late 2022 and early 2023 due partly to miscalculations in demand and supply, late imports, smuggling, and a lack of crucialcold storage facilities. President Ferdinand Marcos Jr. was then concurrently head of the DA.– Rappler.com Quotes translated to English for brevity."
"Agri firm says ASF vaccine aboveboard, graft complaint ‘baseless’",https://www.rappler.com/philippines/agri-firm-african-swine-fever-vaccine-aboveboard-graft-complaint-baseless/,2024-08-23T17:40:28+08:00,,"MANILA, Philippines – Thegraft complaintfiled against executives of African Swine Fever (ASF) vaccine distributor KPP Powers Commodities Incorporated (KPP) is “baseless,” the company’s legal counsel told Rappler on Friday, August 23. The complaint, filed by journalist Fermin Diaz before the Office of the Ombudsman on Wednesday, August 21, alleged the collusion of three KPP executives with incumbent and former officials of the Department of Agriculture (DA), Bureau of Animal Industry, and Food and Drug Administration over the import and trials of Vietnam-made AVAC vaccines developed to fight ASF. KPP’s legal counsel, Reynaldo Robles, said in a statement that the registration of the AVAC vaccine was in accordance with the government’s regulatory requirements. “The vaccine has undergone extensive farm and commercial trials under the strict supervision and oversight of the government regulators, and its Certificate of Product Registration was approved based on its own merits, on basis of the result of excellent results of said trials and KPP Powers’ regulatory submissions,” KPP said. Diaz’s filing of the graft complaint only validates their claim that he was “impelled by malice and ulterior motives” when the journalist went to press with astoryon the AVAC vaccine, the agribusiness firm said. KPP earlier filed a libel case against Diaz over the story. The case is now pending before a Regional Trial Court in Quezon City. “As regards the Ombudsman case he filed, the same is completely baseless and is clearly intended for the sole purpose of harassing KPP and its officers, and we are confident that the same will ultimately be dismissed by the Office of the Ombudsman for utter lack of merit,” KPP said. The AVAC vaccine is the first commercially available vaccine against ASF. The government is poised to use 10,000 doses of the Vietnam-made vaccines, availed under emergency procurement, for controlled trials under monitored release. The Philippines has seen arise in active ASF cases in recent months, with Batangas declaring some towns under a state of calamity. In the past week, theDA has seized trucks of hogs with false paperwork. KPP, which is based in Quezon City, imports and distributes feeds and animal nutrition products for livestock and poultry industry. Its CEO, Pinky Pe Tobiano, is one of the respondents in the Ombudsman complaint together with KPP managing director Juan Carlos Robles and two other KPP executives.– Rappler.com"
"Dr. Romulo Davide: ‘There is no barren soil, only barren minds’",https://www.rappler.com/science/discoveries-inventions/profile-romulo-davide-national-scientist/,2024-08-23T08:32:17+08:00,,"Romulo Davide is the fifth of seven children, born in 1934 in the village of Colawin in Argao, Cebu. As a boy during the years when the country was grappling with what it meant to be an independent republic, Davide already knew that rural life was harsh. There was no light and no running water, Davide, now aged 90, recalled. Food and rice were scarce. He and his siblings took care of carabaos. They’d walk on land without shoes to protect their feet. Life was simple, but their future was bright. They would all grow up respected in their fields; one became the 20th chief justice. Their father, Hilario Panerio Davide, was a school superintendent who had aphorisms for life, which Davide continued to echo eight decades later. Their mother, Josefa Lopez Gelbolingo, was a public school teacher. “There is no barren soil, only barren minds.” This was one of the lines from his father that Davide would often quote. He would quote it in some interviews after winning several prestigious prizes, like the Ramon Magsaysay Award in 2012, and now, when he was conferred the44th National Scientist of the Philippinesrecognition. Inside Davide’s home in Los Baños, Laguna, the living room was filled with photos and framed newspaper clippings. There was a photo of Davide shaking the hand of former presidents Fidel V. Ramos and Benigno “Noynoy” Aquino III. Medals and plaques, along with mugs and old china, were displayed on top of wooden tables and inside cabinets. In a corner was a stack of recently printed broadsheets. Since graduating from the University of the Philippines Los Baños (UPLB) with an agriculture degree in 1957, Davide has dedicated his life to his work on nematology and the education of farmers. “I worked to answer the whole problem in the field, for the farmers,” Davide said. “There were seasons when disease would come and there was no harvest. There were seasons when there’s no rain or irrigation. There were seasons when there was really nothing to eat.” The agricultural scientist grew up in Cebu but eventually moved to Los Baños and then the United States to find greener pastures. As an undergraduate at UPLB, Davide said he worked as a student-laborer, cutting the grass and cleaning the dormitory. After finishing his degree, he sailed from Manila to Los Angeles in a boat for 21 days to study plant pathology at Oklahoma State University. “They made me work on a thesis problem on sweet potato,” he said. “That’s right. I [had] to go to Oklahoma to study the disease on sweet potatoes. It has a specific disease: nematodes.” He eventually specialized in nematology, or the scientific field studying nematode pests, taking his doctorate degree at North Carolina State University. He finished his studies in 1967. When he returned home, he was the first Filipino to specialize in the field and was the only one for a long time. Despite its long history dating back to the late 19th century, the study of nematodes in the Philippines formally began only in 1967, when a course on nematology was offered at UPLB. According to a 1988 paper written by Davide, research in the first 20 years since the UPLB course was offered revealed that nematodes cause damage to major crops in the Philippines, including banana, pineapple, citrus, tomato, ramie, and sugarcane. In the years to come, he would be known as the “Father of Plant Nematology” following years of research and his development of a biocontrol product against nematode pests. He would become a teacher, too, just like his father. Davide taught at UPLB and eventually became professor emeritus. His goal was to educate students who would go on to be better than him. Indeed, one of his students became the 17th president of the University of the Philippines. His name is Emil Javier, a plant geneticist, an agronomist, and a National Scientist himself. “I was an undergraduate in Los Baños in 1956,” said Javier. “And he was one of our teachers.” Javier described his teacher in plant pathology as an “affable, funny man” who had good rapport with his students. “He’s a good mentor,” said Javier. “And very lively. He’s always jolly, with his funny Bisaya English accent.” But Davide’s lasting legacy exceeds the four corners of the classroom and the sprawling grounds of the campus. After the scientist focused on creating a solution to pests that hamper a farm’s productivity, he went on to help the sector by going straight to the farmers themselves with the ultimate goal of alleviating their poverty. In 1994, Davide returned to Colawin in his hometown in Argao to start the Corn-Based Farmer-Scientists Research, Development and Extension Training Program or the FSTP. It was, he said, the “best assignment” because he got to go back home. Back home, Davide taught farmers how to grow multiple crops in their corn farms and increase income. He called them farmer-scientists. They got to study for three seasons, from running their own trials of different technologies to handing down these techniques to fellow farmers. “He has shown that the farmers can increase their productivity and yields. But as part of the structured process, he made them scientists in the sense that they ran trials,” said Javier. “Very simple ones: trial of varieties, trial of fertilizer and manuring. So, they have the sense of inquiry and ownership.” During an interview with Rappler in his Los Baños home, Davide talked about making farmers rich, showing some printed tables with names and each farmer’s income since they joined the program. Davide primarily measured the success of their program by this parameter. Were the farmers who joined the FSTP able to afford comfortable lives in the long run? That was the question that begged for action. For Davide, a farmer who has risen out of poverty is a successful farmer. It was straight out of his own playbook. It could’ve sounded too right on the nose if it had come from another person, but a glance at Davide’s house, where medals and plaques had started to tarnish, where the heat becomes unbearable in the afternoon despite a number of whirring electric fans, assuaged any hint of condescension. Like many old people who recall their personal histories with rheumy eyes, the years had afforded him the clarity of reducing life down to the bare essentials, the tenets he could repeat again and again. Since piloting the program in Colawin, they reached towns in Siquijor, Negros Oriental, Leyte, Occidental Mindoro, and Compostella Valley. Fourteen years later, FSTP was adopted nationwide when then-president Gloria Macapagal-Arroyo signed Executive Order No. 710. It reached the Mangyans in Oriental Mindoro, the Blaan people in Sarangani, and the Aetas in Pampanga, among others. According to its 2023 report, the program has covered 124 towns in 53 provinces since 2008. While the program has expanded since its inception 30 years ago, it also has had its own share of problems. And these problems were not new. Some farmers would drop out of the program because of conflicts in farming and household schedules. In some places, the local government couldn’t provide a counterpart to the program. Training materials and inputs arrived late. Davide would talk about political will, lamenting that some politicians only plan for until the next election cycle. But its longevity is a feat in itself, considering funding was not always guaranteed. Guillerma Valencia, Davide’s assistant program leader, said the scientist had a talent for talking to people and asking for funding. When he’s there, they’re assured that things would be done. Valencia said they called this the “Davide factor.” “If it’s Dr. Davide who would talk to them, they can’t say no,” said Valencia. She attributed it to the scientist’s dedication to his work and his contributions to the university. Valencia could not pinpoint a singular reason but knew for a fact that her boss’ name had recall among people and institutions who could help their program thrive. Holding Davide’s hand through all of these is Dr. Clara Lebumfacil, his wife of almost 60 years. Lebumfacil studied pharmacy at the University of San Carlos in Cebu and took a master’s degree in microbiology at UPLB. She eventually studied cheese technology in Ireland. At UPLB, she taught dairy technology. In old age, marriage becomes more of a habit of physical reliance. Lebumfacil nudges her husband, who is now hard of hearing, whenever he misses out on a question or zones out. She assists him when he walks with his stick. The house in Los Baños stood in quiet attention to these small acts, made delicate by the two companions’ mutual frailty. In their backyard, they used to grow varieties of sweet potatoes, said Davide. They distributed these to farmers. He meandered to say that actions trump words, and that’s what separates the scientist from the traditional politician. “The scientist ought to be modest,” Javier, his colleague and fellow National Scientist, said. “Because he can only contribute so much. And you have to base it on an understanding of the circumstances. You have to be truthful.” –Rappler.com Quotes translated to English for brevity."
Agri groups seek dismissal of tariff officials over EO 62,https://www.rappler.com/philippines/agri-groups-seek-dismissal-tariff-commission-officials-august-14-2024/,2024-08-14T19:23:11+08:00,,"MANILA, Philippines – Farmer groups sought the dismissal of Tariff Commission (TC) officials in a case filed before the Office of the Ombudsman on Wednesday, August 14, alleging that the respondents failed to conduct consultations before reducing rice tariffs throughExecutive Order 62. The complainants said this was in violation of the conditions set in the flexible clause of the Customs Modernization and Tariff Act (CMTA). Under the flexible clause, the TC is expected to hold an investigation and public hearings with concerned parties and then submit its findings to the National Economic and Development Authority. Only then can NEDA recommend to the president any increase or decrease in tariffs. EO 62, signed on June 20, cuts tariff rates on rice from 35% to 15%, and maintains decreased tariffs on corn, pork, among others. The Philippine government is maintaining this tariff calibration until 2028. The groups that filed the case were Samahang Industriya ng Agrikultura (SINAG), Federation of Free Farmers, United Broiler Raisers Association, and a representative from party-list group Magsasaka. The respondents are TC Chairperson Marilou Mendoza and TC Commissioners Ernesto Albano and Marisa Maricosa Pedron. According to complainants, there had been investigations in 2023 about the tariff modification on rice and the extension of reduced tariff rates on rice, maize, corn, meat and swine. These led toExecutive Order 50, the groups noted. However, the groups pointed out that prior to the specific reduction of rice tariffs to 15%, there had been no petitions, investigations, or any notices of public hearing. “Such news and statement from the NEDA Secretary Balisacan shocked us as we were never informed, nor were we ever called for investigation by the Tariff Commission about the reduction of the rice tariff,” the complaint read. The groups said in a separate statement that the TC “made a mockery of its own rules and regulations when it reasons that past hearings would suffice to issue an executive order.” “Lahat na lang pala, pwede ituro ang sinasabing review para ilusot ang pagbaba ng taripa,”said Rosendo So, president of SINAG. “Puwede na nating i-abolish ang TC kung ang basis sa anumang tariff reduction ay mga dati pang hearings.” (We could just point out past reviews to justify tariff reductions. We can abolish the TC if the basis for any tariff reductions could be past hearings.) Balisacansaidlast June that reducing rice tariffs would bring down prices and support domestic production. He mentioned that the TC had conducted hearings prior to the reduction. “As Section 1608 of the CMTA stipulated, the TC conducted public hearings on the comprehensive review to provide stakeholders with a reasonable opportunity to attend, present evidence, and voice their opinions,” Balisacan said in a statement. “The consultation began as early as March 2023, and 801 stakeholders were invited, with at least 192 coming from the agriculture sector.” TC had gathered, according to Balisacan, position papers from “41 private sector parties, a consumer group, 15 Philippine government agencies, and a member of the House of Representatives.” Last July 4, agricultural groups trooped to the Supreme Court to seek atemporary restraining orderagainst EO 62, pending their request to declare the order void and unconstitutional.– Rappler.com"
Agricultural scientist Romulo Davide is 44th National Scientist,https://www.rappler.com/philippines/romulo-davide-conferred-national-scientist-august-2024/,2024-08-09T13:43:28+08:00,,"MANILA, Philippines – Agricultural scientist Romulo Gelbolingo Davide is the Philippines’ 44th National Scientist, after President Ferdinand Marcos Jr. issuedProclamation 643on August 2, 2024. Davide was recognized for his work in plant pathology and nematology that resulted in “the development of a biological control agent against nematodes, which provided Filipino farmers with an alternative to chemical nematicides,” the proclamation read. He is hailed as the “Father of Plant Nematology” for groundbreaking research on nematode pests. The rank and title of National Scientist was created under Presidential Decree 1003-A in 1976. Aside from the rank and title, awardees are also givenannual gratuityand other privileges. In 1994, Davide was recognized as Outstanding Agricultural Scientist by the Department of Agriculture. In the same year, then-president Fidel V. Ramos gave Davide the Jose Rizal Pro Patria Gold Medal Decoration/Award with a Presidential Citation. In 2012, Davide became aRamon Magsaysay laureate. He serves as professor emeritus at the University of the Philippines Los Baños (UPLB). The agricultural scientist led the Farmer Scientist Training Program (FSTP), which aims to empower farmers engaged in production of corn, rice, among others, by adopting scientific and sustainable farming methods. “The FSTP has empowered countless poor farmers by equipping them with scientific knowledge and innovative farming techniques,” the Agricultural Systems Institute (ASI) of the UPLB said in its congratulatory post for Davide. According to ASI, the program improved yield and productivity of farmers from rural communities. “Under Dr. Davide’s visionary leadership, the FSTP has transformed the lives of many rural communities across the country, fostering a culture of collaboration between farmers and scientists.” Davide was born on March 14, 1934, and raised in Argao, Cebu. He obtained his undergraduate degree in Agriculture from UPLB in 1957. He took up his masters in Plant Pathology at Oklahoma State University and his doctorate degree in Nematology-Plant Pathology from the North Carolina State University.– Rappler.com"
Iloilo targets top rice producer status with Marcos inaugurating mega reservoir,https://www.rappler.com/philippines/visayas/iloilo-targets-top-rice-producer-status-mega-reservoir/,2024-07-17T15:35:21+08:00,,"BACOLOD, Philippines – President Ferdinand Marcos Jr. led the inauguration of the second phase of the largest water reservoir outside Luzon on Tuesday, July 16, which heralds a milestone in regional development, signaling advancements in agriculture, water management, and renewable energy. With the Jalaur River Multi-Purpose Stage II (JRMP II), Iloilo aims to reclaim its status as the country’s top rice-producing province, a nearly P20-billion project overseen by the National Irrigation Administration (NIA) in Barangay Toyungan, Calinog. Scheduled for full operation in 2025, JRMP II boasts of being the largest water reservoir in the Visayas, with two massive dams and an extensive 80.70-kilometer canal network. Marcos said it would irrigate over 30,000 hectares, benefiting around 25,000 farmers and increasing the Western Visayas’ annual rice production by 160,000 metric tons, covering 20% of the region’s needs. “Farmers will benefit from uninterrupted irrigation water supply,” Marcos said. The JRMP will supply Iloilo City and nearby municipalities will be a major source of water for industrial and commercial use, while generating 6.6 megawatts of hydro-electric power for Panay Island. “Approximately 86 million liters per day will supply the commercial and industrial water needs of Iloilo City and neighboring municipalities,” Marcos said. Beyond irrigation and drinking water, the project will help mitigate flooding, promote agriculture, and enhance tourism, he said. The project will also benefit 678 indigenous families from the Ata or Ati tribes of Panay-Bukidnon across nine villages in Calinog, including Guinbunyogan, Cahigon, Pequeño, Toyungan, Binulosan, Alibunan, Garangan, Masaroy, and Agcalaga. Iloilo Governor Arthur Defensor Jr. called the project a “game changer” that would greatly boost rice yields to six tons per hectare, enhancing food security. Defensor reminisced about Iloilo’s former position as the country’s top rice-producing province, citing Pototan as a leader in annual yields. He emphasized JRMP II’s significance in enhancing the country’s food, water, and energy security, saying, “Together, we have not just built infrastructure but laid the foundation for a brighter future.” Former senator Franklin Drilon, who pushed for the project, said the JRMP II would boost the region’s economy, and help curb inflation, noting rice as a major driver of economic stability. The project focuses on three key areas: irrigation development, environmental and watershed management, and institutional development. The project includes an 80.70-kilometer high line canal, a 109-meter high dam, and a 38-meter afterbay dam. The first phase of the project, another dam, was completed in the 1980s during the administration of Marcos Jr.’s father. The second phase was made possible by a US$207-million loan from South Korea’s Export-Import Bank, repayable over 30 years at an annual interest rate of 0.15%. The World Bank provided financial assistance for the feasibility study. “I think it is entirely too long that the Phase 1 was completed in my father’s time, and that the Phase 2 should be completed in my time. We should not have waited that long. I think we need to accelerate the process a little bit,” he said. –Rappler.com"
"Some Vietnam coffee farms thrive despite drought, but may not stop espresso price hikes",https://www.rappler.com/business/vietnam-coffee-farms-drought-espresso-price-hikes-2024/,2024-06-29T22:15:00+08:00,,"PLEIKU, Vietnam – Vietnamese coffee growers have been hit hard this year by the worst drought in nearly a decade, raising concerns of pricier espressos across the world, even as some farmers keep yields healthy with clever countermeasures. Domestic forecasts for next season’s harvest inVietnam, the world’s second biggest coffee producer, remain grim. The Mercantile Exchange of Vietnam expects a 10% to 16% fall in output because of the extreme heat that hit the Central Highlands coffee region between March and early May, according to deputy head Nguyen Ngoc Quynh. However, a return of rain in recent weeks has improved the outlook, boosting confidence among farmers and officials. But it remains unclear whether the improved weather will help boost output and drive down prices of robusta beans, the variety most commonly found in espressos and instant coffees, of which Vietnam is the world’s top producer. “I expect the country’s output to fall by 10% to 15%, but my farm will increase production,” said Nguyen Huu Long, who grows coffee in a 50-hectare plantation in Gia Lai, one of the top coffee-producing provinces in Vietnam. To protect his trees during the heat wave, he kept the soil around the plants moist by covering it with leaves. Contrary to the local practice of cutting trees after a few years to boost soil quality, he keeps his growing for decades. As a result, plants have deeper roots and broader access to underground water reserves. Farmers in his plantation also soften the soil around plants to improve absorption of rainwater and fertilizers, said Doan Van Thang, 39. Tran Thi Huong, a tenant farmer who works in another plantation 20 kilometers from Pleiku, Gia Lai’s capital, resorted to using more water than usual. Thanks to abundant reserves from canals built by local authorities, she could keep her plants sufficiently irrigated during the heat wave. Coffee cherries are smaller than in previous years, but she expects the overall output to be unaffected. It also helped that she timely intervened with biopesticides against bugs that were more numerous than usual because of the extreme weather. That is in line with the forecast from the United States Department of Agriculture which estimates Vietnam’s next harvest would be roughly steady versus the current season’s output – far less pessimistic than domestic projections. Whatever the impact on the harvest will be, coffee prices for drinkers around the world are likely to rise. Wholesale prices in Vietnam and London-traded robusta futures have risen to record highs earlier this year mostly after an underwhelming harvest in Vietnam and because of fears over the country’s next harvest after the drought, according to multiple traders and analysts. Record wholesale prices have so far had a limited impact on consumer prices, with coffee inflation up by only 1.6% in the 27-country European Union in April, according to the latest Eurostat data, and 2.5% in robusta-loving Italy. While well below price rises from a year earlier, it was higher than 1% in the March EU reading, a sign roasters may have started to pass their higher costs on consumers. Besides, worries about Vietnam are far from over, as insufficient rain after the drought or excessive downpours before the upcoming October harvest season could further reduce output, warned a Vietnam-based trader. The high wholesale prices may also be there to stay, as robusta demand is growing globally and farmers have boosted their leverage in the current circumstances, with many having also replaced coffee plants with pungent-smelling durian, a tropical fruit experiencing huge demand in China. “They have the financial ability to hoard and hold on goods, so they will not be in a hurry to sell,” said Le Thanh Son, of Simexco, one of Vietnam’s biggest coffee exporters.– Rappler.com"
"Philippines logs first Q fever case, culls infected goats from US",https://www.rappler.com/philippines/first-q-fever-case-june-21-2024/,2024-06-21T17:36:52+08:00,,"MANILA, Philippines – The Bureau of Animal Industry (BAI) of the Department of Agriculture (DA) reported on Friday, June 21, the first case of Q fever in the Philippines. Q fever, a zoonotic disease caused by the bacteriaCoxiella burnetiithat infect goats, sheep, and cows, was detected in a government breeding station in Marinduque. Results of confirmatory tests came out Wednesday, June 19. The BAI said they had already depopulated more than five dozen goats imported from the United States, as well as other animals in the Marinduque facility. The bureau culled imported goats in a quarantine facility in Pampanga, too, even before conducting tests. Humans can getinfectedfrom Q fever “by breathing in dust that has been contaminated by infected animal feces, urine, milk, and birth products,” according to the United States’ Centers for Disease Control and Prevention. DA Secretary Francisco Tiu Laurel Jr. temporarily banned the importation of goats from the US. The agriculture secretary had suspended concerned BAI personnel involved in the importation “pending investigation” and ordered the review of existing protocols and the potential blacklisting of the goat importer from the US. The BAI assured the public that they were “conducting extensive surveillance” and procuring additional polymerase chain reaction or PCR reagents for testing of suspected cases. “Our top priority is the health and safety of both animals and humans,” Christian Daquigan, chief of BAI National Veterinary Quarantine Services Division, said in a statement. “We will continue to monitor the situation closely and take all necessary actions to control the cases.” –Rappler.com"
[ANALYSIS] How one company boosts farmer productivity inside the farm gate,https://www.rappler.com/voices/thought-leaders/analysis-how-bioprime-philippines-boosts-farmer-productivity-farm-gate/,2024-06-18T07:30:00+08:00,,"On the corporate front, there’s good news for our rice farmers. Determined to reduce debilitating food inflation by focusing on that one staple with the highest impact on kitchen table costs, BioPrime Agri Industries Incorporated (BioPrime Philippines), a Philippine company incorporated in 2019, started developing inexpensive non-chemical and non-synthetic fertilizers in the country. Fully committed to reestablishing our agricultural leadership among Association of Southeast Asian Nations (ASEAN) members by setting up a regional manufacturing hub, BioPrime Philippines acquired the manufacturing and intellectual property (IP) rights for biofertilizer technologies already in global use by farmers in the United States, Canada, Mexico, Brazil, Columbia, Ecuador, Paraguay, and a number of African countries like Tanzania and Kenya. Where the acquisition transfers operations from the US to the Philippines, its fully developed international markets immediately form part of our Philippine exports. Aside from generating skilled local employment, this creates as much as $500 million in yearly export earnings that offset the estimated cost of soil nutrient-depleting chemical fertilizers farmers import at over $900 million yearly. From inside the farmgate, on the side of the farmers who are often left to carry the heaviest burdens of raw input costs, BioPrime Philippines is likewise aggressively providing essential support that spells the difference between low and high productivity, low and higher incomes earned, and true inclusive growth specific for our rice farmers. Replacing high-cost imported chemical fertilizers while developing an export product to reestablish the Philippines as an agricultural powerhouse, BioPrime Philippines’ planned production capacity sufficient for 12 million hectares per year translates to a definitive narrowing of the perennial rice domestic production gap that keeps rice prices high and rice farmers undercompensated. BioPrime Philippines achieves this through several means. One, in collaboration with the Department of Agriculture, the Philippine Rice Research Institute (PhilRice), and the International Rice Research Institute (IRRI), under proven and repeated trials across several regions, BioPrime has shown increased yields and reduced fertilizer input costs by as much as 50%. That is important where farmers depend 90% on imported fertilizers which ironically are 90% imported from China. Two, these tests have also proven that BioPrime reduces if not totally eliminates the need for costly and harmful chemical pesticides that not only negatively affect immediate areas cultivated but neighboring farms as well. Net of the cost for BioPrime, studies show that farmers can earn as much as an incremental P30,000 to P 40,000 per hectare. Three, following the Vietnamese carbon credits model in which BioPrime Philippines helped develop along the Mekong Delta, using high-tech drone technology, the company seeks to generate carbon credits where its income is shared with farmers who use BioPrime. This is in addition to the company’s commitment to allocate 2.5% of gross revenues to non-profit programs that support farmers though education, technology transfer, and farm sustainability programs. Four, tests on BioPrime conducted by the Vietnamese Ministry of Agriculture and Rural Development not only validate the Philippine results but open yet another export avenue for BioPrime Philippines. With Vietnam’s commitment to reduce chemical fertilizer use by 40% by 2030, by importing a 100% Philippine product, a pivotal role is created not only for Filipino farmers but for sustainability goals throughout the ASEAN region. Five, due to price volatilities of imported petroleum and chemical-based fertilizers, with the outbreak of the Russia-Ukraine conflict, fertilizer prices increased exponentially from P800 per bag of urea to as much as P3,000 per bag. In comparison, BioPrime prices showed no fluctuations. The product has effectively zero correlation to fossil fuels and energy prices. Six, unlike chemical-based imported pesticides and fertilizers, BioPrime contains live microorganisms that colonize inside plants thus increasing a plant’s nutrients and subsequently, crop yields where BioPrime also reduces the soil acidity created by the continuous application of chemical fertilizers. Finally, sensing the Philippines’ vulnerability during continuous periods of volatile chemical fertilizer prices, the company currently has a strategic stockpile of close to 1,000,000 hectares of inventory to strategically mitigate food security risk. This inventory is ready for immediate distribution. In the last IRRI International Rice Conference held in the Philippines, Dr. Cao Duc Phat, IRRI chairman of the board of trustees and three-time minister of the Vietnamese Ministry of Agriculture and Rural Development, singled out BioPrime as among three revolutionary developments in rice technology. Specifically, he sees BioPrime as a game-changer in yield, income and sustainability not seen in agricultural development in the last 40 years. Indeed, in terms of technological advancement, with BioPrime, the Philippines can regain leadership in ASEAN agriculture.– Rappler.com Dean de la Paz is a former investment banker and managing director of a New Jersey-based power company operating in the Philippines. He is the chairman of the board of a renewable energy company and is a retired Business Policy, Finance, and Mathematics professor. He collects Godzilla figures and antique tin robots. "
"In Coron, cashew nuts give families ‘hope’",https://www.rappler.com/philippines/luzon/cashew-nuts-business-give-families-hope-coron-palawan/,2024-06-17T14:22:20+08:00,,"PALAWAN, Philippines – For Reynaldo and Marynol Barrientos, cashew nuts serve as a vital source of income for many families in the paradise town of Coron, a top tourist destination in Palawan. In 2022, the couple opened Nhol Cashew de Coron, becoming part of the large community of vendors in Palawan who sell various products made from cashew nuts. From cashew butter to sweetened cashew brittles, Reynaldo told Rappler that there was much “prosperity” to be had, especially with the influx of tourists who visit their stores. “Because of the business, I was able to have my house built and buy cars,” the cashew vendor said in a mix of English and Filipino. Before this, Reynaldo shared that they were barely getting by with their previous fashion boutique that was also affected by the pandemic lockdowns in 2020. It was only until they decided to start selling cashew nuts that they managed to get back on their feet, he said. In 2023, researchers from the Southeast Asian Regional Center for Graduate Study and Research in Agriculture (SEARCA) and the Department of Agriculture’s Bureau of Agricultural Research (DA-BAR) encouraged the exploration of the cashew apples’product potential. According to their study, Palawan supplies at least 90% of the country’s entire cashew apple production. Based on 2022 data from the Philippine Statistics Authority, the country produced12,376metric tons (MT) of cashew nuts. The researchers explained that cashew farmers were only utilizing the nut of the cashew apple or only 10% of the fruit. By processing the fruit via new technologies, they said, farmers can maximize profits and create products like cashew wine and cashew jelly. Like the Barrientoses, many residents in Coron have looked to cashew nut retail for better economic opportunities. Anna Longcop, a 19-year-old cashew farmer, told Rappler that her earnings from cashew nut harvesting has helped her pay for her tuition and other important expenses at home. She currently works at the L. Escarda’s Coron Harvest in Barangay Tagumpay. The store is one of the oldest cashew retail outlets in Coron and has been around since 1970. The farmer explained that they usually harvest during April. The best time to gather the fruits, she said, would be during the dry season because the rain would often prevent fruits from growing as they would drop from the tree before they get a chance to mature. “Before it’s processed, the fruit is exposed under the sun. After it has dried for three to four days, it becomes okay. We first split the fruit, then, we carve it into shape and peel,” Longcop said in Filipino. Longcop added that it would typically take up to three weeks to fill one sack of cashew apples – a sack weighs 60 kilograms. However, while the cashew apple offers a stable source of income, farmers take on extra risks when harvesting and processing the fruit. Longcop told Rappler that harvesters must wear gloves at all times as the fruit’s juices can be harmful to the skin due to its high acidity. The farmer also recalled multiple instances when fellow farmers lost a finger trying to cut the fruit open using a bladed tool. The farmer hopes that the government will consider providing cashew farmers with training or financial assistance to aid them during harvests.– Rappler.com"
Philippines bans bird imports from Australia over avian flu outbreaks,https://www.rappler.com/philippines/bans-bird-imports-australia-over-avian-flu-outbreaks/,2024-06-08T17:48:54+08:00,,"MANILA, Philippines – In light of recent outbreaks of avian flu in Australia, the Department of Agriculture imposed a temporary ban on the importation of domestic and wild birds from Australia in amemorandum orderdated June 6, 2024. Outbreaks of H7N3 and H7N9 were recently reported on May 23 in Meredith and on May 25 in Terang, respectively, as confirmed by the Australian Center for Disease Preparedness. The Philippine ban includes commodities such as poultry meat, day-old chicks, eggs, and semen. H7N3 and H7N9 are subtypes of the highly pathogenic avian influenza virus. H7N9 is the Avian Influenza A(H7) most often associated with human infections,accordingto the US Centers for Disease Control and Prevention (CDC). While human infections are uncommon, H7N9 “have resulted in severe respiratory illness and death in approximately 40% of reported cases,” the CDC said. Meanwhile, H7N3, among other viruses, has been reported to have “caused mild to moderate illness with symptoms that included conjunctivitis and/or upper respiratory tract symptoms.” The Bureau of Animal Industry (BAI) will stop the processing and issuance of the Sanitary and Phytosanitary import clearance. Shipments from Australia already in transit, loaded, or accepted unto port before the ban was communicated to concerned officials will be allowed, provided these were slaughtered or produced on or before May 9, 2024. The Philippines had previously banned poultry from France and Belgium in January after the two countries reported bird flu outbreaks. As of May 31, the BAIreportedthat at least eight Philippine provinces were still affected by the bird flu. Candaba, Pampanga, has an ongoing case with the H5N1 subtype. –Rappler.com"
"Farmers reject rice tariff cut, say move will only  benefit few importers",https://www.rappler.com/philippines/farmers-reject-rice-tariff-cut-benefit-few-importers/,2024-06-07T13:03:37+08:00,,"MANILA, Philippines – In a bid to lower rice prices, House Speaker Martin Romualdez said Thursday, June 6, government was using “all options for the complete arsenal,” but these initiatives did not sit well with Filipino farmers and traders. First, government was proposingamendmentsto the Rice Tariffication Law (RTL) which will give the National Food Authority power to import rice. Second, government plans to lowering tariffs of imported rice from 35% to 15% until2028. This could bring down prices up to P5 per kilo. Farmers though opposed this latest move from the government, saying in a statement that historically, “reduced price tariffs paved the way for more rice imports, and yet rice prices have only gone up.” Agriculture groups said that in the past reduced tariffs penalized local producers, hurt consumers, and deprived government of revenues. They said that foreign rice suppliers will only increase their prices in light of the tariff cut. “Reducing rice tariffs only benefitted a few privileged importers and traders,” said the statement. The statement was signed by leaders of Samahang Industriya ng Agricultura, Philippine Confederation of Grains Associations, Federation of Free Farmers, United Broiler Raisers Association, National Federation of Hog Farmers Inc., Kilusang Magbubukid ng Pilipinas, Bantay Bigas, National Rice Seed Growers Federation of the Phils Inc., PANGISDA-Pilipinas, Pambansang Mannalon, Mag-Uuma, Magbabaul, Magsasaka ng Pilipinas, Fair Trade Alliance, and Arya Progresibo. “As of end May this year, we have already imported 2 million metric tons of rice, equivalent to 53% of our projected imports,” the groups said. “If the intention of tariff reduction is for buffer stocking, we only need 12% of the projected rice imports or around 450,000 metric tons of imported rice. So why the need to reduce rice tariffs?” Independent think tank Ibon Foundation called the tariff cut a “desperate move” and would have, at best, “just a negligible effect.” Sonny Africa, executive director of Ibon, said the cut “is just going to be offset by high global prices and the peso depreciation.” “The structural reason for expensive rice is chronically poor government support to improve rice productivity, made worse by so much dependence on imported inputs which makes rice production vulnerable to any weakening of the peso,” Africa added. Government revenues from rice tariffication are supposed to seed the money for the Rice Competitive Enhancement Fund which has an annual appropriation of P10 billion. Department of Agriculture Secretary Francisco Tiu Laurel said they will fill the potential shortfall in the rice fund. “Our priority is to ensure that our rice farmers will continue to benefit from the rice fund created under the Rice Tariffication Law, and (we are) confident will be extended until 2030 to improve the lives of millions of impoverished farmers,” said Tiu Laurel. The DA might have to pull out a bigger chunk from its own budget to do this, as the proposed amendments in the RTL included increasing the rice fund from P10 billion to P15 billion. Whether rice farmers are receiving their share of the rice fund or not is a different issue altogether. Rice farmers Rappler talked to in Nueva Ecija last May said, while welcomed the RTL changes, they were concerned over the backlog of the distribution of financial assistance. The Philippine government targetted to lower rice pricesbelow P30as early as July, around the same time President Ferdinand Marcos Jr. was set to deliver his third State of the Nation Address. “Reducing rice tariffs is expected to bring down rice prices for consumers while supporting domestic production through tariff cover and increased budgetary support to improve agricultural productivity, especially as global rice prices remain elevated,”saidNational Economic and Development Authority Secretary Arsenio Balisacan in a Malacañang briefing on June 4. The government is also maintaining lower tariff rates for corn, pork, and mechanically deboned meat until 2028. Balisacan said the President will issue a new executive order to implement the tariff program. –Rappler.com"
What makes a forest? Breaking down GCash’s coconut tree program,https://www.rappler.com/business/breaking-down-gcash-coconut-tree-program/,2024-05-28T15:00:15+08:00,,"MANILA, Philippines – Finance app GCash recently drew flak for its initiative to plant one million coconut trees in Mindanao. Online users said that a million trees of the same species do not constitute a forest. The planting of a million coconut seedlings is part ofGForest, GCash’s project that lets app users plant virtual trees from points they collected from transactions. These are translated to actual trees by GCash and its partners. GCash acknowledged that while GForest first started as a reforestation program, with ongoing mangrove restoration in Visayas region, it had now expanded its portfolio to agroforestry as well. “[F]rom the traditional reforestation, we are now also opening our doors to agroforestry,” CJ Alegre, sustainability officer of GCash, told Rappler in an interview on Friday, May 24. “These are the fruit-bearing trees that will help, not just the farmers, but also the environment.” According to Alegre, “there’s a need to help the farmers now.” Agroforestry is a land use management system that combines trees and crops. It ideally serves to boost food security and give livelihood, while recreating ecological benefits of forests like improved soil fertility and water quality. GCash projected that 100 coconut trees per hectare of land from smallholder farmers could yield an additional income of ₱25,000 per year. It started the partnership for the coconut program with non-profit organization HOPE and Century Pacific Food Inc. in2021. For the second phase, which is the ongoing additional one million coconut trees in question, GCash had partnered with HOPE and coconut water brand Vita Coco. These combination of dwarf and tall coconut trees, species approved by the Philippine Coconut Authority, will be planted predominantly in General Santos. These are supposed to replace senile trees that lower productivity in farms. In the Philippines, 90% of coconut farmerslive below poverty threshold. According to the 2018 National Coconut Farmers Registry, majority of coconut farmers are food insecure and do not have social protection. While GCash emphasized more, at least in this case, GForest’s benefit to smallholder farmers than to the environment, the issue raises a related question. What makes a forest? In the age of mass production where monocrop plantations serve global demand for raw materials such as palm oil, pulp, and timber, they can easily get confused with forests. But what separates a plantation from a forest is their different purposes. The former is composed of the same species, usually fast-growing, and caters to the needs of industries like pulp and paper. Forests, on the other hand, support life by providing habitats to plants and animals, resources for humans, food for many living things. “Planting trees of the same species, with the same height and the same age, doesn’t make a forest,” Neil Mallari, ecologist and founder of Center for Conservation Innovations, told Rappler on Wednesday, May 22. “It can create a plantation, but not a forest. You cannot create the ecosystem service that the natural forest gives,” Mallari added. While the United Nations’ Food and Agriculture Organization (FAO) includes forest plantations in itsdefinitionof a forest, it does not count plantations used for agriculture production. In fact, this definition from FAO has attracted criticism from environmentalists before. International group World Rainforest Movement said in2016that with this definition, FAO “has actively promoted the establishment of many millions of hectares of industrial tree plantations, of mainly alien species, especially in the global South.” These plantations have been linked to issues of human and labor rights violations and land grabbing. Alegre said that while GCash is the funder and the tech-enablement arm of the initiative, it “acknowledges the fact that we are not the experts in the environment.” “Our partner HOPE, they are in charge of verifying the land, they’re in charge of choosing the farmers,” Alegre said. “[W]e give them funds so that they can buy seedlings and give them to [the farmers].” In2014, HOPE partnered with Vita Coco to distribute coconut seedlings and train farmers. Century Pacific also fosters a partnership with the American brand, supplying them with coconut water. Century Pacific said it has grown to become one of the largest suppliers for Vita Coco since 2012. This is not the first coconut planting program in General Santos where brands are involved. In 2022,Colgate-Palmoliveled a similar project where 9,500 seedlings were distributed to 95 farmers. The project was also a collaboration with HOPE. “For me, there’s greenwashing,” said Mallari. “[P]robably they’re doing the right things for the right reasons– for livelihood, et cetera– but I think they’re not doing it right.” Greenwashing is a term used to describe companies marketing themselves and their products as more environmental-friendly than they actually are. Amid the intersecting business interests, Alegre said smallholder farmers who are beneficiaries of the GForest program are not obliged to sell their produce to the brands involved. “There’s no contract with the farmers,” Alegre said. “They are not obligated to sell the produce to Gcash, to HOPE, or to Vita Coco.” –Rappler.com Quotes are translated to English for brevity."
"IN PHOTOS: The road to the vegetable gardens of Tinoc, Ifugao",https://www.rappler.com/philippines/road-vegetable-gardens-tinoc-ifugao/,2024-05-25T09:00:00+08:00,,"IFUGAO, Philippines – From the road along Tinoc, Ifugao, the view of mountaintops and slopes was a patchwork quilt of vegetable gardens. On the wayside were a group of gardeners hauling baskets of carrots onto a truck. They were bound for the trading post in La Trinidad, Benguet, a four- to five-hour drive away from Tinoc. When asked, the farmers were not sure how much these would sell. They estimated getting P30 per kilo of carrots. While higher temperatures than they’re accustomed to initially impacted irrigation, they said the quantity of their produce had remained the same. What they’re sure of, however, was that prices were down again in La Trinidad because of oversupply. The agriculture department hadattributedthis problem earlier this year to fewer buyers, which led to a deterioration in the quality of the unsold vegetables. Meanwhile, Bambang, Nueva Vizcaya, where the bulk of Tinoc’s produce goes to, was almost three hours away. Trucks carrying Tinoc’s crops have to ply the Kiangan-Tinoc-Buguias national road to reach the trading hubs in Bambang and La Trinidad. In Ifugao – more known to the public for Banaue’s picturesque rice terraces – vegetable gardens had sprouted as the roads were built. In fact, Tinoc is dubbed as the salad bowl of the province. Before the roads were developed, some of the people of Tinoc went to neighboring provinces to find work. One of the places they went to was Buguias, a vegetable-producing town in Benguet. According to Tinoc agricultural officer Conrado Bahiwag, the Kalanguya people learned vegetable gardening when they migrated to Buguias. When they returned home to Tinoc, they started planting vegetables, shifting away from palay, which was their traditional produce. This was similar to the transition in farming that the Buguias people went through almost a century ago as vegetable farming was more profitable and fit for the cool climate of the region. Bahiwag said that four barangays in Tinoc – Poblacion, Impugong, Tukucan, and Eheb – started vegetable gardening in the 1990s, when the construction of roads in Tinoc started, . A total of 448 kilometers of roads were built in Tinoc from 2012 to 2020, he added. “Where there are roads, there are farmers,” he told Rappler. Because of El Niño, Bahiwag said some farmers had to delay their production, anticipating issues with irrigation. In Tinoc, he said, farmers obtain water for crops from rain. While there’s a delay, Bahiwag said it had not affected the quantity of production. With or without El Niño, irrigation remains a long-standing problem in their town. The agricultural officer said they were in need of at least 10 more irrigation systems to cover a hundred hectares of farmlands. It was also a passable road, according to geographer and academic Martin W. Lewis’sWagering the Land, that contributed to the boom of the vegetable industry in Buguias in the early postwar years. “The resulting advantages of climate and transport attracted thousands of settlers to the ridge,” Lewiswrote. “Where only a handful of families had lived before the war, a string of fast-growing market towns soon sprouted.” Currently, the Kiangan-Tinoc-Buguias road connects the towns of Ifugao to Benguet, rising to thehighest pointin the Philippines at 2,428.66 meters above sea level. It skirts the Mount Pulag Protected Landscape and wasdeclareda national road in 2013. Very few portions remained gravel paths. The road looked cumbersome. It pierced through a cloud forest that was home to stunted trees covered by hanging moss, their trunks gnarled and almost bending toward the ground. Vegetable gardening provides livelihood to many people in Tinoc, home to18,475 people. A majority of them, Tinoc Vice Mayor Efren Tacio estimated, are engaged in vegetable gardening. However, many have raised the impacts of the livelihood on the environment. A 2022 roundtable discussion held by the Department of Agriculture and the Department of Environment and Natural Resources (DENR)foundthat there were inadequate environmental assessments of farm-to-market roads in the Cordillera region, as well as monitoring of the use of equipment like backhoes on farms. The discussion also mentioned the “accelerated encroachment” of gardens in protected areas in the Cordilleras. Charinne Abalos of the enforcement division of DENR Cordillera said the agency opposed the further expansion of these vegetable gardens that encroach on protected areas. According to the Global Forest Watch, Tinoclost584 hectares of primary forests from 2002 to 2023. Deforestation could contribute to soil erosion and siltation of waterways. While erosion could harm irrigation systems serving the gardens, these impacts were felt more by those residing in the lowlands. But the forage for food and the fight for forests are not black-and-white issues, especially considering that the Kalanguya hadreceivedtheir Certificate of Ancestral Domain Title from the government, solidifying their ownership of majority of the land in Tinoc and its resources. “When is enough, enough?” Abalos told reporters during a May 13 press briefing in Lamut, Ifugao. During the press briefing in Lamut, the DENR’s City Environment and Natural Resources Office recommended increasing the value of products instead of production capacity, improving land tenure security of the Kalanguyas, and promoting conservation farming, among others. The environment regional office emphasized that the conversion of land to gardens should be based on their Ancestral Domain Sustainable Development and Protection Plan or the indigenous peoples’ sustainable management plan. While indigenous peoples are often far from being a homogenous collective, it would be hard to imagine any intentional damage done to the mountains. “So, what’s the wrongdoing here?” Rappler asked the officer in Tinoc. “We convert faster than we can replenish,” was Bahiwag’s ready answer. While many of the Kalanguyas’ lives were improved by vegetable gardening, Bahiwag said Tinoc remains poor. “Kaya ang tao humahanap ng ikabubuhay(That’s why people are looking for livelihood).” It takes less than half an hour to visit the Philippines’ highest point from Tinoc’s municipal hall. Clouds hovered over gullies and vegetable gardens along the way. On a summer day in May, as El Niño neared its end, it started to rain at high elevation. A sign at the highest point read in huge letters: “Save our Watersheds.” When the rain stopped and the sun shone again, a double rainbow appeared past gnarled trees. Their pot of gold is an expanse of forests. –Rappler.com"
DA chief ‘not consulted’ on easing of importation of agri products,https://www.rappler.com/philippines/da-chief-not-consulted-easing-importation-agricultural-products/,2024-05-06T17:21:59+08:00,,"MANILA, Philippines – Department of Agriculture (DA) Secretary Francisco Tiu Laurel Jr. said on Monday, May 6, that he was “not consulted personally” onAdministrative Order (AO) No. 20, which seeks to remove non-tariff barriers and ease importation of agricultural products. “From what I understand, this discussion was going on before my timepa,” said Tiu Laurel in a House of Representatives hearing on the proposed amendments on the Rice Tariffication Law. “But while I was in office since November last year, I was not consulted personally.” Lawmakers on Monday questioned AO 20 and its impact on prices of agricultural commodities and local farmers. Non-tariff barriers are defined in the order as “policy measures, other than customs tariff, that restrict trade, including but not limited to quotas, import licensing systems, regulations, and red tape.” AO 20, signed by Executive Secretary Lucas Bersamin last April 18, instructs the DA, Department of Trade and Industry, and Department of Finance, to: Agap Representative Nicanor Briones asked the representative of the National Economic and Development Authority if farmers and the DA Secretary were consulted before the order was approved. “Parang highway ng mga importers to ah,”said Briones.“Sa tingin ko nga pag binasa natin ‘yung AO, eh parang dinraft  ng importer eh.” (This looks like a highway for importers. I think if you read the AO, it looks like it was drafted by importers.) Briones used as example the provision on the automatic approval of SPSIC when the DA fails to act on the application within the prescribed period. SPSIC is a document that deems imported agricultural products safe for consumption. Rory Dacumos, officer-in-charge director of the agriculture office of NEDA, said during the hearing on Monday that the order was already approved by the interagency committee last December 2023. This was a month after Tiu Laurel wasappointedas agriculture chief. Dacumos said that the committee that approved had representatives from the DA. “We rely on the position of DA,” Dacumos said. “And as I understand, it was a different set of officials who attended in the previous meetings and approvals of the interagency committee, not the current Secretary.” NEDA Secretary Arsenio Balisacan, in astatementon April 25, maintained that AO 20 will facilitate “the sufficiency and timeliness of imports especially during periods where domestic supply is inadequate to meet demand at affordable prices.” While the government works hard to “raise the yield of our farmers and increase their incomes,” Balisacan said the impact of these interventions will take time to materialize. Despite questions surrounding AO 20, Balisacan emphasized that “neither NEDA nor the government is biased toward importation. “In the face of shortages in local production, where supply cannot immediately meet demand at affordable prices, AO 20 serves as a strategic policy tool responsive to the needs of our economy,” said Balisacan. In 2023, President Ferdinand Marcos Jr. created theInter-agency Committee on Inflation and Market Outlook. The committee served as the advisory board to Malacañang’s Economic Development Group “on measures that would keep food and energy inflation within government targets.” –Rappler.com"
"Get a kilo of cabbages from community pantry, help Benguet farmers",https://www.rappler.com/philippines/luzon/get-cabbages-community-pantry-help-benguet-farmers/,2024-04-15T22:10:36+08:00,,"MANILA, Philippines – Buy a kilo of cabbages from the community pantry and help Benguet farmers weathering the adverse effects ofEl Niñoto agriculture. The community pantry is an initiative that started in Maginhawa Street, Quezon City, three years ago which inspired people to give and take food according to their capabilities and needs. Recently, the pantry had been connecting farmers to consumers, communities for their produce. “With the ongoing El Niño, the pantry wants to buy cabbages at a higher price than the price initially set by farmers,” Ana Patricia Non, founder of community pantry, told Rappler in Filipino. Non explained that Benguet farmers were selling cabbages at P12 to P15 per kilo. After checking how much cabbages are sold in grocery stores, Non said they decided to buy the cabbages at P20 per kilo. Per kilo sold, the community pantry is going to give another kilo of cabbages for free to “communities, the homeless, jeepney drivers, Palestine refugees, Muslim migrant communities, city jails,” Non said. This sets the buying price at P50 per kilo of cabbages. The additional P10 would cover operational costs. The pantry isaccepting ordersfrom April 11 to 23. Benguet is the top producer of cabbages in the Philippines. It contributed40% in cabbage productionin 2020. Around 34% of the country’s cabbage farming area is in the province. According to a recent update from the Cordillera regional office of the Department of Agriculture (DA-CAR), wholesale prices of cabbage rareball range from P14 to P16 per kilo, while wholesale prices of cabbage wonderball range from P16 to P19. Big Chinese cabbages, meanwhile, are priced at P10 to P14 per kilo. DA-CAR reportedP444.94 millionof agricultural damage due to El Niño as of the end of March. Non said they have been in talks with DA-CAR regarding assisting farmers and connecting them to consumers. According to thelatest reportfrom the National Disaster Risk Reduction and Management Council, agricultural damage hit P1.2 billion, affecting 29,409 farmers and fisherfolk and 26,731.4 hectares of crops. El Niño has historically impacted livelihood and health by causing extreme droughts and severe flooding in parts of the world. Dry spells and droughts could mean crop failures and issues in food production. –Rappler.com"
Salt or mangroves? Gov’t to evaluate ‘beneficial use’ of abandoned fish ponds,https://www.rappler.com/philippines/govt-evaluate-beneficial-use-abandoned-fish-ponds/,2024-04-09T11:34:17+08:00,,"MANILA, Philippines – Under theFisheries Code of 1998, the Department of Environment and Natural Resources’ (DENR) has to restore abandoned fish ponds “in their original mangrove state,” once the Bureau of Fisheries and Aquatic Resources (BFAR) reverts these back to the agency. But in light of a new law, Republic Act 11985 or the Philippine Salt Industry Development Act, the DENR will now assess whether certain abandoned fish ponds are to be restored back as mangroves forests or to designate them as potential salt production areas. “It will be based on a thorough and careful evaluation on what we’ll do with the abandoned fish ponds,” Environment Undersecretary Jonas Leones told Rappler in Filipino. Abandoned fish ponds are public lands transferred by the DENR to BFAR for fish pond development, but have been left idle by the tenants. These areas are enclosed by dikes, bare of the mangroves they used to have. Leones said conversion of abandoned fish ponds to salt farms is “not automatic” and that they will be adopting “beneficial use of the area.” The environment undersecretary said the salinity or salt content of abandoned fish ponds is a factor in deciding how these will be restored. Leones said that fish ponds with high salinity will be considered for salt production. Otherwise, he added, mangroves will not be able to grow there because of harsh environment. “But if the area has low salinity…[it can be converted] as a mangrove area,” Leones explained. Aside from abandoned fish ponds, the DENR will be scouting public lands and municipal waters to map and identify potential salt production areas six months after RA 11985 takes effect in April. Together with concerned bureaus and attached agency National Mapping and Resource Information Authority, the environment department will prioritize public lands in Ilocos Norte, Ilocos Sur, La Union, Pangasinan, Zambales, Bataan, Occidental Mindoro, Oriental Mindoro, Palawan, Marinduque, Quezon Province, Misamis Oriental, and Antique. Meanwhile, Leones assured the public that salt production in municipal waters would not impede the livelihood of small fisherfolk, as production will only take place near the coast. The Philippines imports 93% of salt, ironic for a country with one of the longest coastlines in the world. RA 11985 aims to make the Philippines salt self-sufficient and a net exporter of salt by expanding the number of farms, promoting public and private investments, and ensuring technical and financial support to industry players. Abandoned fish ponds are where mangroves used to be, marine scientist and mangrove expert Jurgenne Primavera told Rappler in a previous interview. Seven members of the National Academy of Science and Technology forwarded their critique to the DENR in January, before President Ferdinand Marcos Jr.signedthe law. In their critique, they said that the Bureau of Fisheries and Aquatic Resources (BFAR) must revert back the abandoned, unused and underutilized fish ponds to the DENR so these can be “regenerated back to mangroves, as mandated by law.” The scientists emphasized that mangroves, when regenerated from abandoned ponds, can provide storm protection and carbon sequestration. The restored mangroves’ value “would be far greater than any salt production, as they protect human lives,” the critique read. The law seeking to revitalize the salt industry said that fish pond lease agreements previously issued by the BFAR “may now include salt production as among the valid activities that may be undertaken by the leaseholder.” If fish ponds will be returned to their original state, Primavera said she recommends restoring tidal flow before evaluating the level of salinity inside the pond. “[T]he first step of reverting abandoned ponds to mangroves is to restore hydrology or tidal flow (and therefore seawater salinity) by breaking the dikes,” Primavera told Rappler in a message. Primavera said this is a “quick and inexpensive step” because only a portion of the dike should be broken to allow tidal flow during spring tide. According to the scientists, government should focus more on expanding capacity of desalination facilities. This would solve the issue of brine discharge, expansion of salt farms into critical habitats, and regeneration of mangroves. –Rappler.com"
"139 NFA officials, staff suspended over ‘improper’ sale of rice buffer stocks",https://www.rappler.com/philippines/nfa-officials-staff-suspended-improper-sale-rice-buffer-stocks/,2024-03-04T13:35:24+08:00,,"MANILA, Philippines – The Office of the Ombudsman suspended 139 officials and employees of the National Food Authority (NFA) on Monday, March 4, over “the controversial sale of rice buffer stocks.” Suspended officials include administrator Roderico Bioco, assistant administrator for operations John Robert Hermano, 12 regional managers, 27 branch managers, and 98 warehouse supervisors. “We intend to dig deep as far as 2019 at least and welcome those who would come forward to assist us in cleansing the NFA,” said Department of Agriculture (DA) Secretary Francisco Tiu Laurel Jr. in a statement on Monday. Tiu Laurel will temporarily lead the NFA after the suspension of Bioco and Piolito Santos, NFA assistant administrator for finance and administration. The NFA Council previously appointed Santos as administrator on March 6. An official accusing several executives “improperly disposingbuffer stocks without bidding and at a price allegedly disadvantageous to government” spurred the investigation. Tiu Laurel has since urged concerned officials to take a leave of absence to give way to the probe. “Rice is the main food staple of tens of millions of Filipinos, particularly the poor,” Tiu Laurel said. “We cannot allow those who have been entrusted this noble task to bilk the NFA, enriching themselves at the expense of millions who struggle every day for a chance [to] feed their families.” The investigation, conducted jointly by the Office of the Ombudsman and the agriculture department, is still ongoing. The DA said more information will be released to the public once results are out. Bioco had already filed a leave of absence before the suspension, “to allow investigators a freehand to undertake the probe, which we expect will go beyond this controversy.” Under theRice Tariffication Law, the NFA is mandated to keep the country’s rice buffer stock at optimal level of 15-30 days of national rice consumption, factoring in emergency and disaster situations. The NFA candisposeof stocks before rice quality deteriorates or becomes unsafe for consumption. Meanwhile, former senator Francis Pangilinan lauded Tiu Laurel’s efforts in suspending the NFA officials. Pangilinan, former chair of the Senate committee on agriculture and food, said in a statement on Wednesday, March 6, that the agriculture secretary should go further and blacklist billionaire traders and disqualify them from future dealings with the DA. “Billionaire traders, whose unmatched greed knows no limit in partnership with corrupt DA officials, [are] the biggest stumbling block to modernizing our agriculture and fisheries sector, increasing our farmers’ income, improving their productivity, and bringing down food prices,” he said. He said the issue only shows that good governance is necessary if farmers’ and fisherfolks’ lives are to be improved. “There is no rice or sugar or onion ‘cartel’ for government to point a finger at because the government agriculture bureaucracy and the cartel are one,” Pangilinan said. “The enemy isn’t at the gate, the enemy is in the fortress.” –Rappler.com"
Filipino hog farmers set Guinness World Record for most variety of pork dishes on display,https://www.rappler.com/philippines/filipino-hog-farmers-set-guinness-world-record-most-variety-pork-dishes/,2024-03-01T14:36:36+08:00,,"MANILA, Philippines – Local hog farmers set the first Guinness World Record for the most variety of pork dishes on display on Friday, March 1, during the launch of the five-day National Hog Festival 2024 in Gateway Mall 2 in Quezon City. There were 313 pork dishes on display, from an initial 341 dishes; 28 were disqualified for not meeting Guinness’ guidelines. Anofficial adjudicatorfrom the Guinness World Records, along with industry experts, went around the display to evaluate the dishes. “Our organization aims to promote the interests of the local and agricultural sector by promoting food security, food safety, and food sovereignty,” said Alfred Ng, vice chairman of the the National Federation of Hog Farmers (NatFed). “With the hog festival, we also hope to boost our country’s tourism by highlighting our rich culinary tradition of serving pork dishes.” Among the dishes displayed were lechon, pork barbecue, char siu, pork ribs, and pork belly. Senator Cynthia Villar, Quezon City Mayor Joy Belmonte, and members of NatFed, opened the pork festival on Friday with a ceremonial lechon chopping. The celebration proves the hog industry is thriving despite setbacks, said Jayson Cainglet, executive director of Samahang Industriya ng Agrikultura. “Despite our struggles with the African Swine Fever (ASF), pork smuggling and unlimited importation, the local hog industry remains vibrant, positive, and will continue to produce clean, safe, and wholesome food that will cater to our pork-loving Filipino consumers,” Cainglet said in a statement. Agriculture Secretary Francisco Tiu Laurel also graced the event and was on stage when the adjudicator presented the certificate of the world record. He said that the Department of Agriculture continues to monitor and respond to new ASF cases. “Our immediate focus involves reinforcing biosecurity measures, enhancing quarantine protocols, and implementing robust sanitation practices in hog farms nationwide to prevent further outbreaks,” said the agriculture secretary. The first three days of the festival will take place in Araneta City, featuring pop-up bazaars and a regional pork feast of a nine-course meal crafted by celebrated chefs. A backyard congress will take place on March 5 at the Marikina Convention Center. –Rappler.com"
Arctic doomsday vault gets record batch of crop seeds,https://www.rappler.com/world/europe/arctic-doomsday-vault-record-batch-crop-seeds-february-2024/,2024-02-28T13:05:33+08:00,,"OSLO, Norway – A frozen Arctic vault built topreserve global agricultural cropsfrom extinction received seeds on Tuesday, February 27, from the largest number of new contributors yet, a custodian of the remote facility said. The Svalbard Global Seed Vault, set in permafrost caves on an island halfway between mainland Europe and the North Pole, was launched in 2008 as the ultimate backup for the world’s gene banks to protect plants from war, disease and climate change. The vault has received samples from across the world, and played an essential role between 2015 and 2019 in rebuilding seed collections damaged during the war in Syria. On Tuesday, depositors carried crates of seeds into the vault’s entrance, a long narrow structure which juts out of the snow-covered hillside. Twenty-three seed banks took part, nine of them for the first time, the largest number of newcomers introduced at one single occasion, according to Crop Trust, a non-profit that operates the facility along with Norwegian authorities. First-time depositors included seed banks in Bosnia and Herzegovina, Cameroon, Indonesia, Kazakhstan, Kenya, Madagascar, Nigeria and Zambia, Crop Trust said. The crates arriving on Tuesday contained crops such as beans, barley, cowpea, maize, rice, millet and sorghum, it added. “Preserving genetic diversity in this Arctic fastness ensures the adaptability and resilience in our crops, guaranteeing food security for generations to come,” Crop Trust Executive Director Stefan Schmitz said. Many of Tuesday’s deposits were the result of a global 10-year biodiversity project known as BOLD, which is designed to boost global food and nutrition security, the trust added. With the latest deposit, 111 seed banks in 77 countries have a backup of their plants in Svalbard, saidNorway’sministry of agriculture and food. The chambers, which are only opened three times a year to limit the seeds’ exposure to the outside world, boast temperatures of around -18 degrees Celsius (-0.4 degrees Fahrenheit). –Rappler.com"
"Gov’t ramps up rice production, imports in El Niño year",https://www.rappler.com/philippines/govt-ramps-up-rice-production-imports-el-nino-2024/,2024-02-06T13:15:05+08:00,,"MANILA, Philippines – The Philippine government continues to ramp up efforts in rice industry development amid an El Niño year and four years before itstargetto reach rice self-sufficiency by 2028. “Ang totoo po niyan, confident po akong magsasabi sa inyo na ‘yung production area ng NIA [National Irrigation Administration] ngayong El Niño ay tataas pa po ang production namin ng palay,”said irrigation chief Eduardo Guillen in a radiointerviewon Sunday, February 4. (The truth there is, I can confidently tell you that NIA’s production area this El Niño will see higher production of palay.) Guillen attributed this optimism to the preparations the government has been making so far. In the same interview, the National Irrigation Administration (NIA) chief said the target of 97.4% rice self-sufficiency is achievable. President Ferdinand Marcos Jr. said last year this would be enough to feed all Filipinos. El Niño is expected to bring droughts and dry spells that will affect water supply, agriculture, and food security. (READ:Is the Philippines prepared for El Niño?) Based on assessments from regional offices, the Department of Agriculture (DA) estimated in its latest bulletin released January 30 that damage and losses have amounted to P109.44 million, with 2,602 farmers are affected. “Most of the damage and losses incurred on rice are at reproductive stages,” the bulletin read. On top of concerns among Filipinos during an El Niño would be food supply, especially rice. Recently, several agencies, led by the DA, welcomed February with efforts to revitalize the rice industry. For 2024, the government has set aside P31 billion for the National Rice Program. On February 3, the President, together with DA chief Francisco Tiu Laurel Jr., visited farmers and cooperatives in Candaba, Pampanga to distribute more than P20 million worth offarm inputs. The goal of the visit was “to sustain the push for agricultural modernization and increased food production in the face of El Niño,” according to a statement released by the DA. Laurel said they have been working overtime to realize this. The DA chief has also mentioned installing solar irrigation systems in select areas, in a previous Malacañang briefing. This is to ensure water supply for farmers during dry spells. In their visit to Candaba, Marcos said the government plans to install these systems “to an additional 180,000 hectares of rice land which should translate to 1.2 million metric tons (MMT) of palay.” A day before, the DA inked a memorandum of understanding with the NIA and the Department of Trade and Industry to develop the Integrated Rice Supply Chain Development Program. The program will develop an online market platform that brings together buyers and sellers in the rice industry. It aims to make the supply chain more efficient and increase income of rice farmers. Palay may be what comes to mind when one thinks of a Filipino farmer, and rice is the staple food in all Filipino households, but the country remains unable to produce enough rice for its own population. The Philippines is projected to retain its spot as world’s top rice importer, according to the latestforecastby the US Department of Agriculture (USDA). The USDA said the Philippines is set to take in a record 3.8 million tons of rice. The Philippines is followed by China, Indonesia, the European Union, and Iraq. While the government seems to be doubling down on efforts to develop its rice industry, it is also making sure rice supply from exporters is steady. Last year, the Philippinessecuredthe highest allocation of non-basmati white rice from India following India’s export ban. In his visit toHanoi, Vietnam, just a week ago, Marcos finalized an agreement on rice trade. As of December last year, the Philippines’ rice inventory was at1.9 million metric tons, a 25.2 percent decrease from the previous year’s 2.53 MMT. However, it’s still a long road to rice self-sufficiency, even with the additional 1.2 MMT of palay if the government expands solar irrigation systems, according to a leader of a farmers’ organization. “To reach self-sufficiency, we will have to produce an additional 3.5 million tons of palay per year,” Raul Montemayor, national manager of the Federation of Free Farmers Cooperatives, told Rappler. “This will require around 850,000 hectares in addition to the 4.8 million hectares that are currently harvested in a year.” Doing this would also need massive funding from the government, not just piecemeal distribution of farm inputs and equipment. Montemayor said support should be sustained as self-sufficiency is a “a moving target” because of growth in demand and population. He added that self-sufficiency is not the only issue that must be addressed; there’s also the problem of local rice being more expensive than imported rice. Just because there’s enough rice to feed the population doesn’t mean cheaper imports will not enter the country anymore, Montemayor said. Farmers can still find themselves at a disadvantage. “Domestic palay prices will drop to achieve parity with imported rice, and this could discourage farmers from sustaining their production,” he added. At the core of these moves to to improve food production and ensure supply should be small-scale farmers. Majority of the Philippines’ rice production still comes from small producers, Lionel Dabbadie of the Food and Agriculture Organization of the United Nations, told Rappler. “These small holders must be empowered to ensure they receive a fair price for their work and products,” said Dabbadie. Dabbadie said the El Niño event in 2018-2019 impacted 247,610 farmers. This El Niño year could set them back further. “Recovery for small-scale food producers often spans years, with many sinking deeper into debt and a cycle of poverty due to diminished productivity, which can have impact on the long-term,” he said. Agriculture experts have also urged the government to make Philippine agriculture attractive to thebusiness community, the sector which has the resources to modernize the industry.  –Rappler.com"
An edible garden grows in BGC,https://www.rappler.com/philippines/community-garden-bonifacio-global-city-taguig/,2024-01-12T17:13:53+08:00,,"MANILA, Philippines – In a small corner of 34th and 5th streets in Bonifacio Global City, leafy greens and flowers grow on raised beds made from recycled wood. The 1,500-square-meter community garden holds a discreet charm in the vicinity of tall buildings and establishments in the former military base in Taguig. Inside are different varieties of lettuce, tomatoes, herbs like mint and tarragon, and some edible flowers. People living in the area come and go at the BGC Community Garden, usually with a reusable bag where they can put their green haul for the day. Outside the roads are busy, especially during rush hours. It was a small oasis in the middle of the city. “When I did it, I thought it was a temporary thing,” Louie Gutierrez, founder of the BGC Community Garden, told Rappler in an interview. With the world at a standstill during the pandemic, Gutierrez was looking for something to do. He tinkered with the idea of starting a community garden when he saw an empty lot in their village in Makati. He didn’t know anything about urban farming and gardening back then. The idea became feasible when the owner of the lot lent it for free to him. It came more alive when it also became an opportunity to provide livelihood for his employees during the lockdown. Gutierrez found an agriculturist whom they could consult online. When the first harvest came, they gave the produce away to the neighbors, maids, and security guards. That was in 2020. The lean group of 9 farmers, excluding Gutierrez, now forms the non-government organizationUrban Farmers PH. Fast forward to 2022, they’ve been lent the corner lot in BGC – for free – to create another community garden. Gutierrez said that he floated the idea of “creating an edible garden in the middle of the city” during their talks with the Fort Bonifacio Development Corporation. Starting the community garden in BGC was a struggle at first. Seedlings would die. But they started growing flowers, added more vegetation to the land. “We saw the birds were coming, the bees were coming,” he said. “They were pollinating. We had butterflies, you know, so the ecosystem is growing.” It has since been an exciting three years managing a community garden and a lean team of urban farmers and volunteers. Gutierrez said he has met and engaged more people through the gardens than in his work overseeing a chain of jewelry stores in malls. Influencing what customers eat and what they think of the food they eat was also satisfying. For one, a visit to the urban farm would demystify the image of a perfect vegetable. “You always want to choose the most beautiful carrot…or you get the pricier one and then you realize you know how did they come so perfect because it’s chemically enhanced,” said Gutierrez. In the garden, tomatoes would grow at different sizes. An eggplant could be a little crooked compared to the others. Gutierrez called them natural beauties. More than appreciation for the food that grows organically in their farm is the newfound respect for farmers. “It’s not easy,” Gutierrez said when asked about what he learned about agriculture in the past years. “You really learn how to appreciate what farmers do.” On a Thursday afternoon, Mary Jane Rusiana, whom they call “Farmer Jen” in the garden, toured Rappler inside the garden. Glassware lined the shelves in the farm store. Besides picking vegetables, customers can also buy soil, pots, and seedlings from the store. There are hydroponics and aquaponics setups in the middle of the garden. Next to these are huge pots containing cocopeat and vermicast. Seedlings are nurtured in a small greenhouse. Another greenhouse with long tables and several chairs is being rented for small gatherings. A debutante celebrated her 18th birthday in the greenhouse just recently. Along the path are round pallet wood tables where people can hang out. The materials they’ve been using are mostly recycled and donated. The wood pallets for the raised beds, for example, were from CW Home Depot. Rusiana had been with the organization for the past year. It’s been largely fulfilling for her, having studied agribusiness back in her home province in Negros Occidental. “There are other things to learn here on the farm,” said Rusiana in Filipino. “And all the things I learned before were welcomed in the farm.” But sustaining the urban farms was not exactly a walk in the park. Rusiana, who manages the farm’s sales, admitted they can’t stay afloat just through customers buying vegetables from them. Other sources of revenue were the farming workshops they conduct with interested companies and the lease from the greenhouse event space. They continue to manage as the past three years have shown. All farmers get at least a minimum wage. Rusiano said she stays because she gets fulfillment from her job. “It makes me happy that people get to pick fresh vegetables,” she said. After providing fresh produce for people in the nearby communities, the next step would be to close the loop. Right now, the waste from the garden gets delivered to a manual vermicomposting site. Their “big crazy idea” for 2024 is to collect the food waste from the establishments in BGC, turn this into compost in the site, and then bring it back to the garden to fertilize the soil. It’s a circular economy in a nutshell. Gutierrez is hopeful that this could be done in BGC since it’s where “the decision-makers are.” Meanwhile, those who find themselves walking inside the garden for the first time would hopefully leave with more than fresh greens on hand. That the possibility of starting their own garden in an empty lot near their home germinates. “Do it in their own communities,” said Gutierrez. –Rappler.com"
"This 2024, make your community greener",https://www.rappler.com/environment/make-community-greener-with-efforts-initiatives/,2024-01-11T15:40:05+08:00,,"MANILA, Philippines – For the longest time, going green has been about making sound lifestyle choices to protect the environment. When a new year enters, typical resolutions include healthier choices (read: hitting the gym regularly or quitting smoking) and greener, more eco-friendly ways of doing chores. Some common items in one’s New Year’s resolutions list: I will bring my own reusable bag and containers when doing groceries. I will pack metal straws, utensils, and tumblers wherever I go. I will start eating less meat and more plants. While individual consumption choices encourage awareness that could eventually affect behavioral change, reversing climate impacts requires a reimagining of how whole communities work. This realization is not lost on those who had switched to greener lifestyles only to find out the plastic crisis – and the problem of the burning world, for that matter – did not cease to exist. Froilan Grate, executive director of the Global Alliance for Incinerator Alternatives, said in aThe Green Reportepisodelast July that the fixation on individual capacity was caused by the prevalent messaging of blaming people for pollution and environmental degradation – say, a plastic straw stuck in a turtle’snostril. Grate said making a lifestyle out of individual green choices doesn’t mean overlooking the systemic problem of pollution and the climate crisis. “This is not a replacement. This is not to excuse the system…and the real culprits: the corporations,” he explained. But there are things people can do. After all, Grate said, more people are taking matters into their own hands. “What’s good in our generation now is we’re able to take ownership of the things that are important to us and do stuff that are necessary.” What are some of these initiatives people can take to create greener communities? Start a community garden.In a green community, food is grown locally to cut down on food miles and greenhouse gas emissions, ensure fresh produce within the vicinity, and reduce plastic packaging materials. Louie Gutierrez, founder of the nongovernmental organization Urban Farmers PH, started a community garden during the pandemic in an empty lot inside their village in Makati City. Since then, Gutierrez has started a 1,500-square-meter community garden in another empty lot in Bonifacio Global City. Among its produce are radishes, lettuce, pako, eggplant, tomato, herbs, bananas, and malunggay. People can visit the garden, pick the vegetables they need, and buy them. Gutierrez told Rappler in an interview that having people buy their vegetables directly from the gardens makes people more appreciative and mindful of the food they consume. They’ve also held workshops to encourage more people to start community gardens in their area. “It’s not commercially viable,” Gutierrez said, “but it feeds communities.” To close the loop, they turn waste to vermicompost. A rooftop garden is another option in urban areas with towers and high-rise buildings. This can be done by companies thinking of ways to utilize idle spaces. Join or start an active mobility community.A thriving community of active transport users is always a good sign. It signifies a neighborhood or a village that thinks beyond the car-centric mindset that afflicts many polluted cities. It also means an area prioritizes safety. Geri Amarnani, one of the founders of the Pinay Bike Commuter Facebook group, recommended joining group rides for those who are only beginning to try bike commuting. For Amarnani, joining communities would lessen the fear of going out on two wheels in chaotic Metro Manila. These spaces can also provide access to tips and possible routes. Along the way, one can meet new friends and like-minded people. “When you see that there are a lot of you biking, it will really boost your confidence,” Amarnani said in a previousThe Green Reportepisode. Beyond learning to weave through traffic safely, engaging with active mobility groups could easily turn into an advocacy to improve the bike infrastructure on roads and major highways. After discovering the wonders of riding on two wheels from one point to another, you would want others to experience the same – of course, under friendlier and safer conditions. More bikers on the road would induce demand for better infrastructure. Better infrastructure would encourage more bikers on the road. After thecycling boom, many local government units backpedaled on the bike lanes they installed during the pandemic. But mobility groups that sprouted during the same period survived and continue to promote active transport culture. Amarnani, who is a mother herself, noted that bike commuting has given her more time to take care of her children. In plans laid out for a greener economy, taking care of family and others is considered low-carbon work. According to the Australian-based United Workers Union, for something to be considered low-carbon work, it must be “non-extractive and vital for having a healthy and functioning society.” “Do you think that a painted bike lane would convince a mother to bike in EDSA? Of course not. It would take a lot of guts,” Amarnani said in a mix of English and Filipino. “How many hours were wasted that should have been used to take care of children…parents, family?” Advocate for car-free spaces.Car-free spaces can reduce air pollution and greenhouse gas emissions, as well as benefit public health. Right now, these are implemented in Emerald Avenue in Pasig City and Ayala Avenue in Makati City. In Baguio City, the famous Session Road is closed every Sunday. When closed, the uphill road becomes a space for dancing children and locals making chalk art. Once a week, residents and tourists alike can enjoy strolling up and down Session Road without the threat of public vehicles. Because cars are not allowed, people who want to visit these spaces could bike or walk to the area. In Emerald Avenue, volunteers hold bike lessons for those who want to learn. These are called people’s streets. Here’s how your community canpushfor the pedestrianization of select streets in your neighborhood. John Leo Algo, national coordinator of the coalition Aksyon Klima, said that a stronger emphasis on collective action pushes the question of “how individuals should work together to raise ambition and action, not in isolation.” But Algo was also quick to clarify that individual lifestyle choices to be green and community initiatives are not mutually exclusive. “You can’t have collective action without individual awareness,” he told Rappler in a message. “Not to mention how you’d get people to relate to or care about green issues.” –Rappler.com If you want to share your green resolutions for the new year – both for yourself and your community – download theRappler Communities app. You can also access the web version of the apphere. Join the climate change channel to speak with editors, reporters, and people concerned with the environment and the climate crisis."
‘Conflict of interest’: Filipinos online question appointment of new DA chief Laurel,https://www.rappler.com/philippines/filipinos-online-reactions-appointment-agriculture-secretary-francisco-tiu-laurel-jr/,2023-11-03T20:14:33+08:00,,"MANILA, Philippines – “The design is very…[crony].” This is how some Filipinos online reacted to theappointmentof Frabelle Fishing Corporation president and President Ferdinand Marcos Jr.’s campaign donorFrancisco Tiu Laurel Jr.as agriculture secretary on Friday, November 3. Marcos attested to Laurel’s character and familiarity with the sector, having “known him since we were boys.” However, some social media users pointed out the“conflict of interest”in Laurel’s appointment as the new Department of Agriculture (DA) chief, saying the move was Marcos’ “payback” for the former’s contributions to his 2022 election campaign. Laurel was one of Marcos’ top campaign contributors through the Partido Federal ng Pilipinas,donating P30 millionto the party that supported Marcos’ historic comeback to Malacañang. 1. Conflict of interest the design is very marcos sr and his cronies emehttps://t.co/Hmx9AleyNU Fishing oligarch and campaign donor. Politics is such a huge grift.https://t.co/0e3ozFTqlf payback time sa mga major donors niya. kailan po kaya payback time natin sa mga magsasaka?https://t.co/4cqPv7G7tQ X (formerly Twitter) user Marco Terrado also pointed out that Frabelle is part of theBacoor Reclamation and Development Project. Reclamation projects like this have been criticized for decimating the livelihoods of Manila Bay fisherfolk. Tried connecting red flags on this one.1) He’s got an ongoing reclamation project in Manila Bay2) He has a real estate company, Frabelle Properties, apart from his fishing businessAn Agri Secretary with a stake in reclamations is bad for agriculture and the environment.https://t.co/kUOiog8JLZpic.twitter.com/S70rjKxyhW Other users said Marcos’ latest appointment posed the question of why businessmen or private sector leaders are getting the job when it should belong to a person “without any ties” and who “directly engages with farmers.” Yet another businessman heading the Agriculture Department. Kailan kaya magiging Secretary of Agriculture ang isang magsasaka, o kahit man lang someone who directly engages with farmers?https://t.co/dKyn5cHDJi ""kabarilan""""ka-classmate""""kamag-anak""""nagdonate sa campaign""Kelan kaya tayo magkakaron ng servant leader kasi kinuha siya without any ties?https://t.co/7ybNaGHTX2 Following Friday’s announcement, Instagram user Jm Basanez challenged Laurel to resign from his position as Frabelle president. Presidential Communications Office Secretary Cheloy Garafil latertold Inquirer.netthat Laurel had already divested himself from his businesses. Rappler alsoasked Filipinos onlinewhat they hoped Laurel could achieve as the Marcos administration’s first full-time agriculture secretary. Some social media users hoped Laurel would support programs to help farmers and fisherfolk with their livelihood, such as financial aid and social entrepreneurship. Facebook user Vic Martin Gimeneztan also urged Laurel to stop theconversion of agricultural landfor commercial use, among others. Others hoped that Laurel would address the issues surrounding agricultural products such ascorruptionand smuggling. Filipinos online also did not forget to remind Laurel of Marcos’ election promise to lower the price of rice toP20 per kilo. Rice inflation hit a14-year high of 17.9%in September, even after Marcos tried to implement aprice capon regular milled and well-milled rice. Critics said that the move would have resulted in a rice shortage. What other issues do you think Laurel should address as DA secretary? –Rappler.com"
"Who is Francisco Tiu Laurel Jr., the new DA chief?",https://www.rappler.com/philippines/who-is-francisco-tiu-laurel-jr-new-agriculture-chief/,2023-11-03T11:57:16+08:00,,"MANILA, Philippines – Taking the reins of the troubled Department of Agriculture (DA) from none other than President Ferdinand Marcos Jr. is fishing magnate Francisco Tiu Laurel Jr. Laurel is president of Frabelle Fishing Corporation. The President said he is confident about his appointment of Laurel, who he said, he has known since they were boys and had been one of his campaign donors in the 2022 presidential elections. In a short speech during theannouncementin Malacañang grounds, Laurel called Filipino farmers and fisherfolk his brothers and sisters. “Malapit sa puso ko ang mga kapatid nating magsasaka at mangingisda dahil personal kong natunghayan ang mga hirap at pangarap nila,”Laurel said.“Asahan po ninyong laging bukas ang aking tanggapan para sa inyong lahat.” (Our farmers and fisherfolks are close to my heart because I’ve personally witnessed their hardships and dreams. Expect my office to be always open to all of you.) How did Laurel get in familiar terms with the sector? Get to know more about the new agriculture chief here. Laurel was born in 1967, a year after his parents Francis and Bella Tiu-Laurel established Frabelle as a small trawl fishing company in the Philippines. (Editor’s Note: An earlier versionof this story said Laurel was born in 1966. This has been corrected.) Now, Frabelle has expanded operations into the Western and Central Pacific regions, where a large share of the world’s tuna can be found. Laurel had helped lead the company extend their market in Asia, Europe, the Middle East, South Africa, and the United States. Frabelle is composed of businesses involved in different stages of the supply chain, including deep-sea fishing, aquaculture, food manufacturing, importation, trading, and cold storage. Besides heading the seafood company, Laurel also serves as president of Agusan Power Corporation and is chairman of World Tuna Purse Seine Organization. This familiarity with the sector, especially in fisheries, was why Marcos said he is confident about having appointed Laurel. Moreover, the President deemed Laurel’s background in the private sector and his connections as beneficial to the DA. Before he was appointed DA chief, Laurel was already a member of the government’s Private Sector Advisory Council. For Laurel, their family-run company is testament to the potential of the Philippines to be a leader in the fishing industry. “Frabelle is a concrete example of how a fisheries-based company operated and managed by Pinoys, can succeed and can become [a leader] in the fishing industry, not only in the Philippines, but in the world,” said Laurel in his commencement address to UP Visayas graduates back in 2019. Even though a seat in the company is already secured because of birth right, Laurel still had to experience work at sea. In a 2016 interview, Laurel said that for five years, he spent an average of 45 days at sea onboard their fishing vessels. He called it a learning experience, where he met the crew and captains, and became acquainted with operations at sea. In the same interview, Laurel said his father made it a point to send him to Japan to learn from experts in the industry. Japan is the world’s largest tuna market. Expectations of the fishing tycoon are high, as he is taking over the post previously occupied by none other than the Philippine president. Heading a huge agency concerned with feeding its people is a tall order. Marcos himselfadmittedthat there are many things left to do after his first year as DA chief. On Friday, Marcos repeated his marching orders to Laurel, which include the control of agricultural commodities’ prices, recovery from avian flu and African swine fever. He would also have to contend with the alleged cartels that hurt Filipino consumers. Aside from these, Laurel would also have to steer an agency struggling with a problem he would most likely be familiar with: commercial fishing vessels’ resistance against DA’s monitoring measures. –Rappler.com"
"Marcos names campaign donor, Frabelle’s Francisco Laurel, as new agriculture chief",https://www.rappler.com/philippines/frabelle-businessman-campaign-donor-francisco-laurel-jr-marcos-agriculture-secretary/,2023-11-03T09:22:18+08:00,,"MANILA, Philippines – President Ferdinand Marcos Jr. is handing over the reins of the Department of the Agriculture (DA) to one of his campaign donors, businessman Francisco Tiu Laurel Jr. Marcos announced the appointment of Laurel as the country’s new agriculture secretary on Friday, November 3,  nearly a year and a half since Marcos occupied the position concurrently as president. In a press conference, Marcos vouched for Laurel’s work ethic and familiarity with the sector, especially on fisheries. The President also attested to the new DA secretary’s character, having “known him since we were boys.” “Malakas ang loob ko ma-i-appoint siya kasi kilala ko ang pagkatao niya,”said Marcos.“Alam kong napakasipag nito, unang-una. Pangalawa, nauunawaan niyang mabuti ang sistema ng agrikultura dito sa Pilipinas.” (I am confident on appointing him because I know him well. First, I know he’s hard working. Second, he understands the Philippines’ agricultural system.) In his brief remarks at the press conference, Laurel said farmers and fisherfolk are “close to his heart” having “personally witnessed their hardships and dreams.” He promised that the sector will be able to taste the fruit of their labors under his leadership. “Handa akong makinig at makatrabaho kayo,”said Laurel. “Higit sa lahat, ako’y handang magtrabaho para sa inyo.” (I am ready to listen and work with you. Most importantly, I am ready to work for you.) Laurel is inheriting an agency beset with long-standing problems that affect the country’s food production and supply. According to Marcos, one of the marching orders he gave Laurel is to look into how to better tackle the prices of all agricultural commodities. Marcos also mentioned the management of avian flu and African swine fever, diseases that had led to the slaughter of thousands of chickens and hogs, respectively, nationwide. In addition, the DA should be checking best agricultural practices from neighboring countries that can be applied in the Philippines, said Marcos. Laurel took his oath before the President prior to the announcement on Friday. Laurel is president of Frabelle Fishing Corporation, a seafood production company that was first established in 1966. According to its website, Frabelle owns “a fleet of over 100 vessels, and a growing workforce of 5,000.” It is described as a “go-to source for fresh, frozen, and processed seafood, with a market that extends to Asia, Europe, the Middle East, South Africa, and the United States.” He was also one ofMarcos’ top campaign contributorsthrough the Partido Federal ng Pilipinas (PFP), the political party that carried his presidential run in 2022. According to PFP’s statement of contributions, Laurel donated P30 million to the campaign. In August 2022, Laurel joined thePrivate Sector Advisory Council(PSAC) which was created to help form and recommend policies to the President on matters related to the economy. Laurel is under PSAC’s agriculture sector with five other business leaders. He is also the president of theAgusan Power Company. Laurel obtained hiscomputer science degreefrom the University of Santo Tomas. In light of his appointment, Laurel had already divested his interests from his companies, according to Communications Secretary Cheloy Garafil. To avoid conflict of interest, the law requires a public official to resign from his position in a private enterprise within 30 days, as well as divest himself of interests within 60 days from assuming public office. Marcos’ appointment of Laurel comes after both allies and critics have repeatedly urged him to name a DA chief as he himselffailed to join any DA meetingbetween February and August 2023. Laurel will be left to handle issues that hound Philippine agriculture, including the recent fiasco caused by Marcos settinga price ceiling on ricedespite concerns by economists, retailers and other stakeholders. The price ceiling was lifted on October 4, 2023. This is on top of the long-time problem of the agricultural sector having the highest poverty incidence among the country’s workforce, according tolatest datafrom the Philippine Statistics Authority.– Rappler.com"
Robinsons’ rooftop farm brings leafy greens closer to urban consumers,https://www.rappler.com/business/robinsons-rooftop-farm-hydroponic-farming/,2023-10-24T14:27:08+08:00,,"MANILA, Philippines – On a 26-story building’s rooftop, racks of different varieties of lettuce thrive on nutrient-rich water. The farm at the roof deck of the Robinsons Cyberscape Alpha overlooks the skyline of Ortigas Center. It is a product of the property developer’s partnership with retail brand FarmTop that introduceshydroponic farmingin the metro. Hydroponic farming is a technique that grows plants in water, not soil. The method has beengaining momentumbecause it is supposed to be more environment-friendly. This technique uses less water, can be done in pockets of sprawling urban spaces, and brings food closer to densely populated cities. Forty-year-old Elena Ebron mans the sky farm with two other urban farmers trained by FarmTop. Ebron hails from Quezon province, known for its coconut produce. She works from 7 am to 4 pm six days a week and gets paid the minimum wage in the agriculture sector. Their farming process at the roof deck takes a little over a month from planting to harvest. Seedlings of greens stay in pods of rock wool or coconut husks for 15 days. After that, they are transferred to racks where they stay for another 30 days before harvest. The setup could produce a ton of leafy greens per month. Nine drums of water mixed with magnesium and calcium provide nutrients for the plants. Their survival relies on those nutrients, as well as on the sunlight abundant at the rooftop and the cold weather theamihanseason currently brings. Once ready for harvest, Ebron and her fellow urban farmers will put the vegetables in plastic containers to be delivered to partner establishments in the food and retail industry. Ebron said she liked it that the farm is tidy, and a visitor who wants to taste the produce ready for harvest can eat the crop directly from the pod. “Productive siya ‘pag ‘yung pinagtaniman [ay] malinis,”she told Rappler. (The farm is productive when it is clean.) Effective sanitation keeps a farm free from pests and diseases. She noted that the farm is always sealed to prevent contamination. The roof uses double-shading nets to regulate temperature while giving proper ventilation to the plants. Observation on possible cases of contamination is still ongoing, said Ebron. But so far, since the farm’s launch in early October, there haven’t been any problems. Hydroponic farming is known to be susceptible to water-borne diseases. The crops were a healthy green. The lettuce that has been in the rack for 10 days is crunchy and tastes slightly sweet. Meanwhile, the romaine lettuce ready for harvest is supple and has a mild bitter taste. Ebron finds joy in the maintenance of the urban farm setup which, she said, requires giving “love and care to the plants.” She started training with FarmTop in July this year. Before that, she was working odd jobs to support her two children. The hydroponics method offers an alternative to agricultural practices in the country, especially in light of a Department of Agriculture’s (DA) report earlier this year that82% of Philippine farm landshave low to medium soil fertility. The DA attributed the decline in soil health to unsustainable agricultural practices and overreliance on synthetic fertilizers. Aside from fertility issues, access to land has been a systemic problem in the industry for decades,barring entry of more private investmentsor scaling up initiatives of small farmers. That the sky farm is in one of the metropolis’ central business districts is an advantage over farms that deliver from the countryside. Proximity to establishments reduces transportation costs and avoids possible spoilage of undelivered or surplus produce. “The closer the farm is, the more efficient it is for everyone,” Elton John Peralta, head of special projects at Robinsons Offices, told Rappler. In the Philippines, the problems in food transport include insufficient vehicles, bad roads, high toll rates and fuel prices. Globally, however, there is a different problem. The trip from farm to table is a major factor in carbon emissions. A2022 studypublished in science journalNature Foodfound that transportation contributes 19% of greenhouse gas emissions released by the global food system. Cutting short the trip means cutting down on emissions. For Danny Dy, president of FarmTop, a shorter trip also means less reliance on fossil fuels. Dy imagines a hypothetical city that has easy access to fresh greens and a delivery system reliant on active transport. The goal, he said, is to have enough farms all over the metro “so our greens would not go beyond the 5-kilometer radius.” “There’s a world where we can deliver our goods by electric bike or by pedalled bike,” Dy told Rappler in a phone interview. For Dy, this is an advocacy more than a business, especially in light of high prices of some agricultural commodities and an imminent food crisis. Partnerships with huge developers like the Gokongwei-led Robinsons Offices, Dy said, “lends a voice to the advocacy itself.” Robinsons Offices has 31 properties for lease across the country. Right now, they are looking at five rooftops to turn into sky farms in the immediate future: at the Cyberspace Beta also in Ortigas Center and at the Zeta Tower in Bridgetowne, Quezon City –Rappler.com"
"No future in agriculture without private sector investments, say economists",https://www.rappler.com/business/no-future-agriculture-without-private-sector-investment-says-economist/,2023-10-20T19:51:44+08:00,,"MANILA, Philippines – The private sector can play a big role in improving thesorry stateof Philippine agriculture, but only a small percentage of the country’s establishments are engaged in it, a former senior Department of Agriculture (DA) official said. In fact, only 1% or 3,285 out of 334,532 establishments in the Philippines in 2018 were engaged in agriculture, said economist and former Agriculture Undersecretary Fermin Adriano on Monday, October 16, citing a study, “Private Sector Investments in Agri-Food Sector: Constraints and Challenges,” published in 2021. Of the total number of establishments, Food and Beverage (F&B) manufacturing accounted for 5%, F&B trade made up for 2%, and food services for 11%. The number of establishments in agriculture plus F&B plus food services constituted a meager 19% of the total. “Because of the small percentage, this results in consistently low farm productivity because there is no commercialization of the agricultural sector,” said Adriano in a public roundtable organized by the think tank Stratbase ADR Institute. “In other words, it has become a peasant-based agriculture.” He pointed out that the government has limited resources to develop agriculture, so the private sector is needed to upgrade the country’s farms such as introducing agricultural machineries. “The bulk of resources in this country is in the hands of the private sector. If they are not going to actively participate, I don’t see a future in the agriculture industry,” Adriano, now a fellow of the think tank Foundation for Economic Freedom, said. Most of these establishments in agriculture are microenterprises. Based on the 2020 Survey of Enterprises in the country, out of 957,620 enterprises in 2020, 89% or 850,127 were microenterprises. Together with the 98,126 small enterprises,micro and small enterprisesaccounted for 99% of the total. The Philippines only had 4,716 medium enterprises and 4,651 large enterprises or 1% of the total enterprises. Adriano attributed the dearth in private sector investments in agriculture to the unstable and high-risk perception of agriculture, inadequate government support, difficulties in accessing land, and sustainability concerns amidclimate changeandrecent animal diseases. He recommended farm consolidation, rationalization of regulatory measures in the industry, and improvement in ease of doing business at the local government level. Adriano said businessmen who want to invest in agriculture find it difficult to consolidate lands that have been distributed to small farmers under the country’s decades-oldagrarian reform program. He said these investors are not interested in owning agricultural land, just in leasing them. But entering into lease agreements with agrarian reform beneficiaries who own 5 hectares or less is easier said than done. “The transaction cost of talking to so many farmers and trying to solve their tenurial problems are just too much to absorb,” Adriano said, noting that beneficiaries could have different views on leasing the land. In the same forum, lawyer Erwin Tiamson, a policy consultant of Foundation for Economic Freedom, said theComprehensive Agrarian Reform Programbrought a whole host of problems which restricted the “mobility of resources.” “[The] more problematic aspect of land reform is the restrictions that it created on the land market,” he said. In his presentation, Tiamson enumerated these as follows: prohibition on transfers for 10 years, restrictions on lease, landholding limit of 5 hectares per person, and restrictions on land conversion. This policy environment affects both small-scale farmers and private corporations. Small farmers can’t scale up because of the five-hectare limit, while corporations mostly want lease, he said. The average farm size in the Philippines is around 1.29 hectares. More than half of the farms in the country are less than a hectare. “If our agriculture will not size up, the inefficiency in the agriculture [sector] can be a factor in  development because we cannot sustain ourfood security,” said Tiamson. Agricultural development is key to reducing poverty in the Philippines.Farmers and fisherfolk remain to be the poorestin the Philippines’ workforce. Recently, President Ferdinand Marcos Jr., who concurrently serves as the agriculture chief, secured aloanfrom the World Bank to augment agriculture infrastructure in the country. The agricultural sector has been beset by crisis after crisis in select commodities, with both consumers and producers bemoaninghigh prices.– Rappler.com"
[Ask the Tax Whiz] Do agricultural producers need to issue receipts/invoices?,https://www.rappler.com/business/personal-finance/things-to-know-agricultural-producers-need-issue-receipts-invoices/,2023-10-13T15:00:00+08:00,,"Under Revenue Regulation 12-2023, so long as their annual gross sales/receipts do not exceed P1 million, agricultural producers no longer have to issue principal or supplementary receipts and invoices for the sale of agricultural food products. However, if their annual gross sales/receipts exceed P1 million, they are required to issue official receipts or sales invoices for all transactions valued at P100 or more. As provided under RR 12-2023, agricultural producers are those engaged in supplying, producing, selling, contract growing, and milling agricultural food products. These products include farm produce, livestock, poultry, marine items, ordinary salt, and agricultural inputs, like fertilizers, seeds, and feeds. The regulation also covers these products, even if they undergo basic preparation or preservation like freezing, drying, salting, broiling, roasting, smoking, or stripping. Yes. Pursuant to Section 236 of the Tax Code, as amended, agricultural producers are required to be registered with BIR and shall file quarterly and annual income tax returns and pay their income tax due. BIR requires agricultural producers to maintain a Simplified Sales Book which should be registered with the bureau with transaction date, goods or services description, purchaser’s details (name, address, TIN), sales amount, tax withheld (if any), and net amount received. RR 12-2023 provides that the purchasers engaged in business with agricultural producers are required to be issued per purchase transaction (1) BIR Form 2304 when the cumulative amount in a year is less than or equal to P300,000, and it is exempt from withholding tax; and (2) BIR Form 2307 when the cumulative amount in a year exceeds P300,000, and a 1% withholding tax is applicable. Empower your understanding on the issuance of receipts/invoices of Agricultural Producers. #AskTheTaxWhiz for expert insights and download theTaxWhizPH Mobile apptoday. –Rappler.com"
[OPINION] The politics of rice – and managing perception,https://www.rappler.com/voices/thought-leaders/opinion-politics-of-rice-managing-perception/,2023-09-14T14:24:15+08:00,,"After initiallyexpressing surpriseover President Ferdinand Marcos Jr.s’ order setting aprice ceiling on rice, Finance Secretary Benjamin Diokno issued a follow-up statement expressing the economic managers’ full support for the order. The finance secretary’s flip-flop came just days afterMalacañang firedone of Diokno’s undersecretaries for posting a graph on supply and demand on her Facebook page. It was considered by the Palace as a direct criticism of the price cap order, not only an act of insubordination but a challenge to the wisdom of the President. The executive secretary thenissued a statementbranding the former undersecretary,Cielo Magno, an economic professor at the University of the Philippines (UP) before joining the finance department, as a critic of the President even before joining his administration. Magno, who has returned to teaching at UP, maintained that speaking up, or in this case, posting a graph on Facebook that only students of economics will readily understand, was the right thing to do. In an interview, Magno warned that the price cap could lead to a supply shortage as it would encourage hoarding. Unless the cap is lifted immediately, the country could experience rice rationing. And the last time government had to ration rice, she reminded the public, was during the term of the President’s father. Magno’s swift removal is yet another example of Malacañang’s merciless and surgical approach to crisis management. But firing a contrarian undersecretary might not be enough. At most, the exaggerated Palace response to a cryptic FB post only drew attention to dysfunctional policy decision-making at the highest level of government (Diokno had claimed the economic team was not consulted by the President before he issued the order) and highlights the political volatility of the rice issue. As it tries to find relief for consumers burdened by the high prices of rice and other prime commodities, Malacañang probably realizes that it is dealing with a potentially divisive gut issue that could weaken the leverage and political advantage historically enjoyed by the incumbent during mid-term elections. In 2018, during the Duterte administration, commercial rice was so expensive and the National Food Authority rice grew scarce that people had to line up for hours to buy cheap rice. Consumer optimism from October to December that year, as measured by the Bangko Sentral ng Pilipinas, was at 3.8%, a sharp drop from 8.7% from the previous year. The rice crisis dented former president Rodrigo Duterte’s popularity. A Pulse Asia survey taken in September showed Duterte’s approval ratings dropping by 13% and his trust ratings by 15%, at that time his lowest since assuming the presidency in 2016. The survey was conducted when the rice crisis was top of mind and inflation was at 6.4%, the highest in nine years. Yet public dissatisfaction did not translate into gains for the political opposition. The 2019 mid-termelection was a rout, reducing the ranks of the opposition into a negligible minority in Congress and a spent, inconsequential force in national politics. After a six-month decline, the country’s inflation rate rose to 5.3% in August, with rice as a major driver. Economists predict it could peak at 5.7% in September. And while overall satisfaction with the administration remains high, a recent survey conducted by OCTA Research showed below majority satisfaction ratings – 34% – in fighting inflation and 36% in reducing poverty. There are two factors that work in the President’s favor. The first is time. The President and his Cabinet have more than a year before the 2025 mid-term election to find the right policy mix that would stabilize prices and mitigate its impact on key sectors. The second is a decimated opposition. He has little to fear from the stragglers of the 2022 presidential campaign and what used to be the dominant Liberal Party. But public criticism and disruptive actions of late have been emanating from the ranks of the administration coalition. And these have been far from restrained. Duterte, who has opted to break from the traditional norm of former presidents refraining from criticizing their successors, has described as “daydreaming” Marcos Jr.s’ campaign promise of bringing down the price of rice to P20 per kilo. As expected, pro-Duterte and anti-Marcos personalities, bloggers and so-called influencers are echoing the former president’s indirect scolding of the incumbent. The President’s older sister and perennialcontrapelo, Senator Imee Marcos, also expressed dismay at the high prices of rice, even joking that their father would rise from the grave and declare martial law to keep prices down. On his birthday last September 13, the President was reported aswishing for an improved agriculture sector(“Maging maayos ang agrikultura”). Fulfilling this wish is largely within the President’s hands. As chief executive and agriculture secretary, he can decide to put more government money in agriculture rather than, say, intelligence and confidential funds for his Vice President. Substantial budgetary allocations for agriculture, and its expedient use, could spur productivity, bring investments, and produce jobs in the rural areas where poverty and unemployment are prevalent. It could help meet the growing demand for food and bring down food prices. Meanwhile, relinquishing the agriculture portfolio would allow clearer focus on addressing and managing the diverse but interlocking concerns of the sector. Should things turn good, the President will be credited for providing the policy direction and for making a wise appointment. Should things turn bad, the public will have someone other than the President to blame. For now, there are no clear indications that the rice issue is eroding the President’s popularity and his political base. The Marcos brand’s equity is holding. There is, as yet, no compelling need for a shift in communications direction. The administration can, and is expected to, continue appealing for unity and if needed, sacrifice for the sake of the nation. Well-timed policy announcements on the rice issue will guarantee that the President dominates the news cycle. It will dictate the terms of public discourse. Online and media critics can be pushed out of the discourse and isolated. Past glories, real or imagined, will be rolled out, reversals repackaged as wins, and small wins into major victories. But a hungry stomach moves according to its own logic. In dealing with the issue of high prices, the President and his team must rely on a deft combination of perception management, hard-nosed governance, and political will, especially in dealing with cartels and smuggling syndicates. There are limits to managing perception. Most of the time, the solution is political will and plain old hard work.– Rappler.com The author is a former journalist and spokesman for former vice president Jejomar Binay. He is a government and political communications consultant. This article was first published inourbrew.com."
[ANALYSIS] Price of rice in the world market? No such thing,https://www.rappler.com/voices/analysis-rice-price-world-market-no-such-thing/,2023-09-12T10:29:57+08:00,,"We are republishing this frommarengwinniemonsod.phwith permission from the author. “Prices of rice in world market plummet by 22% following PHL price ceiling“. This was the headline of the press release of the House of Representatives issued on September 7, and I stared at it in complete disbelief. But sure enough, the press release quoted Speaker Martin Romualdez as saying that “the huge reduction” [in the prices of rice in the global market]“can be attributed to the recent implementation of EO 39”. (Read my last blog:EO 39 makes no sense) imposing nationwide rice price ceilings. He further crowed, “It is proven that the EO 39 of President (Ferdinand) Bongbong R. Marcos Jr. set commendable results not only in our country, (but in the world as well).” The basis of Romualdez’ “huge reduction” in world prices, per the release, was this: “According to US-based Market Insider, the price of rice in the world market decreased from $384 per metric ton last July to $332.4 per metric ton this month.” Reader, the United Nations Food and Agriculture Organization (FAO) – please googleFAO  Rice Price Update– “provides monthly rice export prices from major origins and is released monthly.” The Update also provides the FAO Rice Price Indices: the All Rice Price Index, which in turn is based on the weighted trade shares of the of: the Indica Index, the Aromatics Index, the Japonica Index, and the Glutinous Index. Moreover, the Update provides a commentary on recent market developments, which includes global rice supply and demand prospects. Pretty comprehensive, don’t you think? You see, Reader, there is no such thing as “the price of rice in the world market”, as quoted above. There are only the overall price indices, and the export prices of major exporting countries. Plus, the latest FAO Rice Price Update came out on September 8, one day after the Romualdez press release. It shows that the August rice price indices werehighercompared to those in July, and even higher compared to August 2022: “The All Rice Price Indexincreasedby 9.8% in August 2023 to reach 142.4 points. At that level,  the Index stood at 31.2% above its earlier value and at a15-year nominal high.(Emphasis mine) This pattern is necessarily similar (because it is based on them) to that showed by the export prices of the major exporting countries. The significant exception is the United States, which showed export prices decreasing from July to August for both US#1 and US#2 rice, and also decreasing from last August for US#1. But the US is a relatively small player in the international rice market, producing roughly half of what the Philippines produces, and exporting about 2 million metric tons (MMT) a year, compared to Vietnam’s 6.8MMT or Thailand’s 8.2MMT. So, based on the evidence presented above, there has been no huge reduction in the internationally traded prices of rice. If anything, there has been a huge increase. So, what was “US-based Market Insider” talking about? I could not read for myself the Market Insider report alluded to in the Romualdez press release, but according to an analyst who does not wish to be named, the price decrease “from $384 per MT last July to $332.4 this month” refers to the rough rice (palay) futures prices traded in the Chicago Board of Trade, which is part of the Chicago Mercantile Exchange Group (CMEG). True enough, googling CMEG, the analyst was correct. And what are rough rice futures? They are tradable, standardized contracts to receive or deliver a specified quantity of rough rice on a future date, at a pre-agreed price.They are definitely not current prices. In sum, Speaker Romualdez: 1) used completely erroneous data – futures prices instead of current prices 2) used data on rough rice which is produced in the United States (specifically, mostly in Arkansas and Mississipi) 3) rough rice is traded mostly between the US and Latin America, and which, being a tiny fraction of the international trade in rice, does not affect us in any way, much less Vietnamese and Thailand and the rest of Asia – to come to the conclusion that world prices plummeted. Was that stupidity or cupidity? Stupidity for failing to ask the Department of Agriculture (DA), or Philippine Institute for Development Studies, or his Congressional research staff, or any of that research group supposedly managed by the Ateneo with which he signed aMemorandum of Agreement, after all; cupidity – to make political points for the next election? Either answerreflects badly on the Philippine political leadership. But for him to come to the conclusion that rice prices plummeted BECAUSE the President imposed price ceilings is even worse. It goes beyond the boundaries of stupidity and cupidity; he has fallen into a logical pitfall – thepost hoc ergo propter hoc fallacy(“after this, therefore because of this”, where one event is thought to cause a later event just because it happened earlier) – one that a freshman economics student is warned about in the first lecture he attends. Add to that he makes a baseless explicit assumption that hoarders and manipulators have cancelled their rice import plans (a demand decrease, ergo cp price decrease) as a result of the price cap. Why should anybody have had import plans in the first place when it is the start of harvest season, and when the DA and the President already proclaimed that we have in place sufficient supply (production + imports), i.e., no need to import any more? Or maybe his deathless desire to brown-nose his cousin – does he want to succeed him? – has warped his judgment beyond recall. Or maybe we are not faced with an either-or situation here – either stupidity or cupidity. Maybe it is a both-and situation. In any case, what are we to expect from this kind of leadership?– Rappler.com Solita “Winnie” Monsod was the first National Economic and Development Authority secretary appointed after the fall of the Marcos dictatorship in 1986. She is a professor emerita at the UP School of Economics where she taught starting 1983. She finished her degree in economics in UP and obtained her masters in economics at the University of Pennsylvania. She is a board director of Rappler Inc."
[ANALYSIS] EO 39 makes no sense: Refuting the reasons for a price ceiling on rice,https://www.rappler.com/voices/executive-order-rice-price-cap-makes-no-sense-refuting-reasons-ceiling/,2023-09-05T11:05:32+08:00,,"We are republishing this frommarengwinniemonsod.phwith permission from the author. On September 5, Tuesday, Executive Order (EO) 39, which is about the “Imposition of Mandated Price Ceilings on Rice”, takes effect. Reader, that EO is the perfect example of the saying, “the road to hell is paved with good intentions”, if indeed,President Ferdinand Marcos Jr.’s intentions are good, and at this point, I am not sure that that is the case. We have only to examine the contents of EO 39 to illustrate what I mean. The first three Whereases are about the legal basis for the imposition: WHEREAS, Section 2 of Republic Act (RA) No. 7581 or the “Price Act,” as amended by RA No. 10623, declares it a policy of the State to provide effective and sufficient protection to consumers against hoarding, profiteering and cartels with respect to the supply, distribution, marketing and pricing of goods during periods of calamity, emergency and widespread illegal price manipulation, and other similar situations: Commentary:What calamity or emergency are we in, and where is the proof of widespread illegal price manipulation? What other similar situation have been cited? But aside from all that, a price ceiling, as any elementary economics text will tell you, does not provide effective and sufficient protection to consumers against anything. Ok. Never mind the elementary textbooks. Just remember the last time we had price ceilings – on pork. The ceilings were honored more in the breach, as the DA price data at the time will tell you. Yes, price controls may have been in fashion decades ago, as during the Marcos dictatorship, but they resulted in black markets, reduction in the quality of the price-controlled goods, and even more shortages. WHEREAS, Section 2 of RA No. 10845 or the “Anti-Agricultural Smuggling Act of 2016,” mandates the State to promote the productivity of the agriculture sector and to protect farmers from unscrupulous traders and importers, who by their illegal importation of agricultural products, especially rice, significantly affect the production, availability of supply and stability of prices, and the food security of the State; Commentary:How will price controls promote the productivity of the agriculture sector? No such claims to that effect have ever been made or defended in the literature. In the same manner, how do price ceilings protect farmers from unscrupulous traders and importers? In fact, the opposite is the case, if news reports about the farmgate price of palay has decreased. But more to the point, price ceilings tend to reduce supply, and will do the opposite of what one needs to happen – an increase in supply which will reduce the price, so there will be no more talk of price ceilings. Finally, if there are unscrupulous traders and importers and smugglers, shouldn’t the state use their police power to go after them?  Why use price caps? WHEREAS, Section 7 of RA No. 7581 provides that the President, upon the recommendation of the implementing agency or the Price Coordinating Council, may impose a price ceiling on any basic necessity or prime commodity in any of the following conditions: (i) threat, existence or effect of any emergency; (ii) prevalence or widespread acts of illegal price manipulation; (iii) impendency, existence, or effect of any event that causes artificial and unreasonable increase in the price of the basic necessity or prime commodity; and (iv) whenever the prevailing price of any basic necessity or prime commodity has risen to unreasonable levels; Commentary:In effect, the President is given carte blanche to impose a price ceiling any time he wants on any basic necessity or prime commodity. All he needs to say is that there is a threat of an emergency, or that price increases are liable to happen – no need of an existing emergency, nor even that prices have actually increased. Sounds like how the dictator Marcos defended his martial law proclamation. WHEREAS, the Department of Agriculture (DA) and the Department of Trade and Industry (DTI) have reported that the country’s rice supplies have reached a stable level and are sufficient owing to the arrival of rice imports and expected surplus on local rice production; Commentary:Notice, Reader, that all the foregoing Whereases, including this one, actuallyprecludethe use of price ceilings, except for when the President wants to impose them. Moreover, this Whereas is factually based. In a meeting of the Economic Development Cluster/Group that was reported out on August 15 ( three weeks ago), Department of Agriculture (DA) Undersecretary for Rice Industry Development Leocadio Sebastian declared that barring the occurrence of destructive typhoons, we can expect the production of palay for 2023 could surpass 20 million metric tons (MMT), or 13 MMT of rice. This, plus rice imports up as of end August equalling 2.35 MMT, means that we will have a total rice supply of 15.35 MMT. That’s the supply side. What is our projected consumption of this rice? The Philippine Rice Research Institute (PhilRice) projects rice consumption in 2023 to be about 14.75 MMT. With supply (even without additional imports for the rest of the year) at 15.35 MMT and with consumption projected to be 14.75 MMT, the DA’s report is validated. Which is why PBBM was elated at the “excellent news”, the supply for 2023 being sufficient “even with the impact of super typhoon Egay.” So, why even talk about price ceilings? Read on: WHEREAS, despite the steady supply of rice, the DA and DTI have also reported that the widespread practice of allegel illegal price manipulation, such as hoarding by opportunistic traders and collusion among industry cartels in light of the lean season, as well as global events taking place beyond the Philippines’ control, such as the Russia-Ukraine conflict, India’s ban on rice exportation, and the unpredictability of oil prices in the world market, among other factors, have caused an alarming increase in the retail prices of this basic necessity; Commentary.Now we’re down to the nitty gritty. This Whereas says that there has been “an alarming increase in the retail prices” of rice, caused by events outside the Philippines’ control (Russia-Ukraine War, India’s rice export ban, unpredictable oil prices), and events obviously within the Philippines’ control (hoarding and collusion among industry cartels). Let’s take them one by one. First, on the causes of the “alarming”increase in pricesbeyond our control: (1) The war in Ukraine. Good grief! How could something that started in February of last year affect prices in the past two weeks, or even the past month? (2)India’s ban on rice exports. Why should this be a cause when according to the data, we have already imported enough for the whole year? India imposed the ban at the end of July, by which time we were already in the process of shipping the last 300,000 MT of rice. (3) Unpredictable oil prices. But since when has anybody been able to predict oil prices? This has been going on for the past 50 years, for heaven’s sake. Now, on the causes of the “alarming” price increases within our control:hoarding and collusion(between cartels, even). These have been mentioned every time there is a rice in prices, and yet, no substantial evidence of either has ever come out. When DA senior undersecretary (and the undersecretary for rice industry development) was recently (August 22 report) asked during aCongressional hearingif there was a rice cartel, he said he didn’t believe there was. I recall current National Economic and Development Authority (NEDA) Arsy Balisacan saying essentially the same thing during a conversation in the UP School of Economics a long time ago. Researchers in the Philippine Commission Competition said they needed more disaggregated data and ground interviews to come to any conclusion. This was four years ago, and as far as I know, nothing has come out from them. With respect to hoarding, I have no knowledge of any rice hoarder that has been convicted in court, or even being haled to court. This does not mean that there are none – but given that theBureau of Customs is involved in their apprehension, and given their reputation as a corrupt agency, I do not have any high hopes. A matter of governance. Finally, there is the matter of the “alarming”price increases. What constitutes alarming? The average retail price in August, according to the Philippine Statistics Authority (PSA), for a kilo of regular milled rice, was P43.34. In August last year, it was P39.80. So, the inflation rate, year-on-year for rice is 8.9%. But compare that to the July year-on-year inflation rate for vegetables, which was 21.8%, or water supply, which was 12.%. And do you know, Reader, that in August 2018, the average retail price of rice was P44.66. Yes. The price of rice 5 years ago was higher than the price of rice now, which has alarmed our government so much that they are calling for a price ceiling. In fact, for the past five years, the price of rice has been lower than the 2018 prices! So much for alarming price increases. And to top it all, the harvest season has already begun. So, prices are bound to fall – the law of demand and supply. So, WTF? 1 – Price ceilings will not address the problems mentioned in EO 39. 2 – Price ceilings have fearsome unintended consequences that put both consumer and producer at risk, as we learned from long experience and from textbooks. 3 – September is the beginning of rice harvest season, so imposing the price ceiling is ill-timed. Prices will decrease, everything else remaining the same.– Rappler.com Solita “Winnie” Monsod was the first National Economic and Development Authority secretary appointed after the fall of the Marcos dictatorship in 1986. She is a professor emerita at the UP School of Economics where she taught starting 1983. She finished her degree in economics in UP and obtained her masters in economics at the University of Pennsylvania. She is a board director of Rappler Inc."
"Marcos’ economic team backs rice price cap, group claims it’s harmful",https://www.rappler.com/business/neda-statement-marcos-price-cap-rice-groups-react-september-2023/,2023-09-03T17:20:55+08:00,,"MANILA, Philippines – The National Economic and Development Authority (NEDA) is throwing its support behind President Ferdinand Marcos Jr.’s move to impose price ceilings on rice across the Philippines, a measure frowned upon by economists. In astatementon Sunday, September 3, Marcos’ economic team said the price ceiling came as the country is “facing difficult times” as extreme weather events, “adversely [impacting] the agriculture sector, particularly rice.” It also noted the implied manipulation of El Niño’s impact “to depict a shortage at this time.” “The imposition of a price ceiling on rice will address this issue in two ways: (1) it will immediately reduce the price of rice, and (2) it penalizes and consequently discourages hoarding, further decreasing the price of rice,” NEDA said. 𝐋𝐎𝐎𝐊: NEDA supports the issuance of Executive Order No. 39, which imposes mandated price ceilings on rice to combat hoarding, profiteering, smuggling, and cartelization.Read more:https://t.co/WWFxDIYBFuRead E.O No. 39:https://t.co/Vn16h4jQcLpic.twitter.com/nR8gIhA2tn Marcos on August 31, signedExecutive Order No. 39that sets the price ceiling at P41 per kilo for regular milled rice, and P45 per kilo for well-milled rice. The move was upon the recommendation of the Department of Agriculture, which he leads as secretary, and the Department of Trade and Industry. The price ceiling is set to take effect on Tuesday, September 5, and will remain until lifted by Marcos, who promised during the campaign that he will bring down the price of rice to P20. He told reporters on Friday, September 1, that government agencies expected to ensure that prices stay below the cap may be focusing efforts in Metro Manila where “the real problem” is. NEDA pointed out that the price ceiling is not an isolated approach on the issue, and that it goes hand in hand with the continued crackdown on hoarding and excessive profiteering, among others. “We are confident that the imposition of a price ceiling is only a temporary measure,” it said. “We expect the rice harvest to commence soon and anticipate that other initiatives will produce the desired result.” The Foundation for Economic Freedom (FEF), however, urged the government to lift or reduce existing import tariffs on rice from 35% to 10%, which it said will have an immediate effect on lowering rice prices. In a statement on Saturday, the think tank said that Marcos’ Executive Order 39 will “harm Filipino consumers and farmers, and the entire economy” as it will drive away supply and fuel the black market, and that traders will use it to justify lowering the buying prices from farmers. “The price cap will harm the entire economy because it will not be effective in solving the demand-supply gap and arrest increasing food price inflation,” it said. “It will only aggravate the current tight rice supply situation into a full-blown rice crisis.” The Philippine government can restore the tariff rates when the situation stabilizes and the harvest season results in falling rice prices, FEF said. DA’s rice monitoring dataas of August 30 shows that local regular milled rice is priced for P42 to P55 per kilo, while imported regular milled rice sells for P43. Meanwhile, well-milled rice prices range from P47 to P56 for local rice, and P52 for imported rice. Prices at local markets situated in Metro Manila, however, reach more than P50. Rice retailers who will be forced to sell their stocks at lower prices due to the price cap were told by Trade Undersecretary Agaton Uvero to “sacrifice” profits. “Hinihingi ng pamahalaan ‘yung sakripisyo ng mga retailers, tumulong din sila(The government is asking the retailers’ sacrifice, they should help too),” Uvero said at the Saturday News Forum in Quezon City.– Rappler.com"
"Vietnam’s ASF vaccine is safe, effective, companies tell Rappler",https://www.rappler.com/philippines/companies-say-vietnam-african-swine-fever-vaccine-safe-effective/,2023-08-25T17:52:59+08:00,,"MANILA, Philippines – The Philippine licensee and distributor of an African Swine Fever (ASF) vaccine, which is still undergoing wide-scale testing, insisted on Friday, August 25, it is safe and effective. KPP Powers Commodities Incorporated (KPP), the local distributor of the Vietnamese-developed anti-ASF product, said AVAC Vietnam’s (AVAC) “vaccine was proven to be safe and there is no shedding after injecting ten times the normal dosage in the safety trial conducted at the [Philippine] Bureau of Animal Industry’s (BAI) facilities.” “At the end of the trial, the pig animals remained healthy and were even kept at BAI for more than 90 days without any problems, which is beyond the 21-day trial requirements,” said the Quezon City-based firm. Its partner-producer in Vietnam, and the vaccine producer’s business associate in the US sent separate feedback to thestory published by Rappleron August 20, Sunday, saying it was “blatantly untrue.” Law firm Chan Robles and Associates, counsel for KPP, citedVietnamPlus, an official publication of the Vietnamese government, which announced the approval of the nationwide use of the AVAC vaccine starting July this year. It cited an “independent assessment” made by a US Department of Agriculture delegation conducted in April-May this year that the vaccines (AVAC ASF LIVE and NAVET-ASFVAC) “meet international standards, including those that have been developed by scientists and submitted to the World Organisation for Animal Health.” KPP said the company was required to conduct many trials at BAI and in “large farms sponsored by well-known and reputable farms managed by leading companies in the Philippines.” KPP also defended its chemist CEO, Pinky Tobiano, saying she “has been in the animal health business for more than 30 years, formulating, manufacturing, dealing with animal medicines, raw materials and ingredients, and many animal (swine and poultry-related) biological products.” It described the ASF vaccine producer as a “reputable company in Vietnam [that] has been in operations since 2012 with a portfolio of more than 30 vaccine products for animals.” It said AVAC tested the vaccines in over 500 farms in Vietnam “with a result of 95% rate of successfully providing immunity from ASF.” “The Ministry of Agriculture and Rural Development of Vietnam oversaw and closely monitored the use of the vaccine, and has recommended mass vaccination in Vietnam,” KPP said. KPP’s counsel said the story “cast aspersion on the government-regulated, science-based process of review and registration the AVAC ASF vaccine underwent and is still undergoing.” The firm’s managing partner Reynaldo Robles, also the brother of KPP top official Juancho Robles and brother-in-law of Tobiano who serves as CEO, alleged that the story was intended to pre-empt and sabotage the approval of the AVAC ASF vaccine in the Philippines.(Editor’s Note: There was no such intention.) KPP also alleged that the detractors of the ASF vaccine range from “competing products, those not allowed to conduct trials by the government because of deficiencies, those who want to stop the vaccine because of conflicted interests…and those that are simply ignorant of the science behind live vaccines.” Citing a report by the Pork Producers Federation of the Philippines, KPP also said the Philippines’ swine industry has lost more than P200 billion from ASF since 2019, with at least 50% of the total hog population affected by the disease. “Many local farmers have lost their livelihood and life savings. The ASF vaccines along with other bio-security measures and products, used together in partnership, will allow our country to move forward,” KPP said. Responding to a Thai company officer’s quote in the story that they will not use the AVAC vaccine, KPP said the vaccine is really “not for breeder farms” which the Thai company operates. The vaccine is  appropriate “only for growers or growing pigs from 6 to 8 weeks of age,” it said. “Breeder pigs are not recommended to be injected with the vaccine because the breeders are sensitive especially when pregnant and may easily get sick and/or reduce the number of piglets born,” KPP said. AVAC Vietnam, KPP’s foreign partner, denied there had been incidents of shedding and other post-injection side effects that took place in pig farms in Pulau Bulan, Sumatra, Java and Sulawesi as a result the vaccine. AVAC president and CEO Nguyen Van Diep said that “as of August 20, 2023, AVAC has not shipped even a single dose of its vaccine to Indonesia.” Rappler’s story, however, did not say that the AVAC vaccines introduced in the Indonesian farms were officially shipped. The insider who was the unnamed source in the story about the ASF vaccine personally witnessed thedeaths in the Indonesian farms. Meanwhile, Aptimmune Biologicals (Aptimmune), identified in the story as AVAC’s American business partner, has yet to enter into a formal partnership, which they are both still contemplating. Aptimmune supplied the Vietnamese company with the US Department of Agriculture (USDA)-withdrawn ASF virus strain. “The relationship was preliminarily formalized in a term sheet, although the actual agreement was not formalized,” Aptimmune CEO Heather Bessoff in an e-mail sent to this writer. Bessolf disclosed that Aptimmune provided AVAC with materials under a Material Transfer Agreement to perform a certain study, specifically “a proof-of-concept challenge study to confirm that the material is efficacious against the Vietnamese strain of African Swine Fever.” “Aptimmune made one and only one shipment to AVAC. ∆MGF vaccine virus was put back on the Select Agent list in the US by USDA in January 2022. Until that time, Aptimmune had no knowledge of any USDA concerns, and Aptimmune did not supply the ASF strain at any point after USDA Animal and Plant Health Inspection Service (APHIS) had withdrawn the select agent regulatory exclusions for African swine fever virus strain ASFV–G–∆MGF,” Bessoff said. She also said that after the USDA issued the withdrawal notice in January 2022, Aptimmune wrote AVAC asking the Vietnamese firm to stop working on the virus strain, which was determined  by US authorities to be unsafe and could have the potential to pose a severe threat to animal health or animal products. “A Cease-and-Desist Letter was sent to AVAC from Aptimmune upon learning that they had continued to work with the virus strain after informing us that they had terminated their interest in the virus,” Bessoff said. When asked for copies of letters and documents pertaining to AVAC and the ASF virus strain, Bessoff declined, citing confidentiality. AReuters reportlast June, however, quoted US Agriculture Secretary Thomas Vilsack as saying there was “likely to be interest in precautionary purchases in the United States, despite the country having so far been spared from the virus.”– Rappler.com"
‘Not enough’ irrigation for rice production – DA official,https://www.rappler.com/philippines/irrigation-not-enough-rice-production-august-2023/,2023-08-24T19:34:59+08:00,,"MANILA, Philippines – During a Senate blue ribbon committee hearing on Thursday, August 24, Senator Raffy Tulfo asked Agriculture Undersecretary Leocadio Sebastian on whether he was happy with the state of irrigation in the Philippines. The committee hearing was tackling the alleged irregularities in the projects under the National Irrigation Authority (NIA). Sebastian attended the hearing as the official responsible for rice industry development in the Department of Agriculture. Tulfo started the hearing with a speech highlighting the lack of irrigation facilities, especially for rice farmers. Sebastian said, “I’m not satisfied with the irrigation that we have.” “It’s not enough,” he added. “As of June 2022, only 65.28% of the 3,128,000 hectares of total irrigational areas in the Philippines are irrigated and only 38 of the 80 target provinces and chartered cities have received agriculture machineries, equipment facilities, and small scale irrigation projects,” said Tulfo in his speech. Sebastian said he challenged the NIA to provide water to at least 1.5 million hectares of rice lands. He was working with the baseline of 2 million hectares of land supposedly irrigated for rice planting. “My challenge to them is, ‘Can we have at least 1.5 million [hectares]? You assure me that 1.5 million [hectares] with good water during that period from December to April.’ They say it’s not possible at this time.” Sebastian was also one of the key resource persons during the recently concluded hearing on the DA’s proposed 2024 budget where lawmakers quizzed officials about rice imports and the plans to fulfill the President’s election promise of lowering the price of rice to  P20/kilo. Despite the pathetic job of NIA, Sebastian said he was satisfied with the performance of NIA Administrator Eduardo Guillen. Water delivery affects rice productivity of farmers. Aside from the concerning thin rice supply of the Philippines, farmers and consumers will have to contend with the impending dry spells brought by El Niño. In 2018, former president Rodrigo Dutertesignedthe free irrigation law which condoned irrigation fees for farmers owning not more than 8 hectares of land. The challenge after the condonation, as the ongoing Senate investigation has revealed, was building and repairing working irrigation facilities. During the hearing, Tulfo raised several concerns on NIA projects such as substandard facilities, projects pending for more than five years already, and an alleged rigged public bidding. The NIA, however, said some problems were not within their power to solve anymore. Guillen said they don’t have jurisdiction over communal irrigation systems. He also raised that his office does not have quick response funds, which he said they ask for yearly during the budget season. “We need more documents to enable us to reach a conclusion that that’s what’s really happening,” Senator Francis Tolentino, chairperson of the blue ribbon committee, said in a media briefing after the hearing. “Because NIA is also arguing that many projects have been devolved to the local government units, specifically because of Executive Order No. 138.” Tolentino said there would be a few hearings after this which they will hopefully finish before budget hearings start. –Rappler.com"
"After Marcos’ warning, BOC inspects 3 rice warehouses for alleged hoarding",https://www.rappler.com/philippines/customs-inspection-rice-warehouses-alleged-hoarding-august-2023/,2023-08-24T17:44:48+08:00,,"MANILA, Philippines – A week after President President Ferdinand Marcos Jr.warnedhoarders manipulating the price of rice, the Bureau of Customs (BOC) inspected three warehouses in Bulacan on Thursday, August 24, and found these stocked with suspected smuggled imported rice. The BOC led the inspection of FS Rice Mill, San Pedro Warehouse, and Great Harvest Rice Meal Warehouse, located in the boundaries of Bocaue and Balagtas towns in Bulacan and recovered about 202,000 sacks of imported rice from Vietnam, Cambodia, and Thailand. The warehouse owners were barred from retrieving the stocks until they could show documents proving  these were legitimate rice importations. House Speaker Martin Romualdez, who joined the inspection with Deputy Majority Leader Erwin Tulfo and other lawmakers, said the rice stock recovered from the warehouses situated inside the Intercity Industrial Complex in Balagtas, Bulacan, were about three months’ worth of supply. “Technically that’s hoarding,” said Romualdez in an ambush interview with reporters. What’s worse, Romualdez said, is that it’s the Filipino who is most burdened by price manipulation. Already, it is expected that the price of a kilo of rice will reach P60 bySeptemberas the Philippines goes through the lean months just before the harvest season of local farmers. “We need to know if there is truly some basis to accusations that hoarders are responsible for the spike of rice prices in the market,” said Romualdez. “Inspections such as these send a powerful signal to all the hoarders and manipulators out there to stop burdening the Filipino people for profit.” Marcos, who is the concurrent agriculture chief, has ordered to go after “hoarders and price manipulators who take advantage of the lean months before harvest season.” Meanwhile, Marikina 2nd District Representative Stella Quimbo expressed fears over the possible “cartelization” among private rice importers taking advantage of the lean supply season. “Won’t they take advantage of this shortage?” Quimbo said in a mix of Filipino and English during the House hearing on the Department of Agriculture’s (DA) 2024 proposed budget on Tuesday, August 22. “Won’t they form cartels and come together to create an artificial shortage situation and just agree to fix prices like what happened with the onion cartels?” Under the rice tariffication law, only private importers can buy rice. DA Undersecretary Mercedita Sombilla said during the hearing that what the government could do was to talk to other countries and persuade them to sell surplus supply to the private sector. Marcos earlier ordered aprobeon suspected cartels, hoarders, and smugglers of agricultural commodities. TheBOCis also being investigated by the Department of Justice. –Rappler.com"
House panel cites in contempt cold storage facility executive,https://www.rappler.com/philippines/house-panel-cites-contempt-cold-storage-facility-executive-august-2023/,2023-08-23T20:44:50+08:00,,"MANILA, Philippines – The House committee on agriculture and food cited Eric Pabilona of Tian Long Corporation in contempt on Wednesday, August 23, for refusing to abide by the summons of the lawmakers ordering him to attend hearings. During the committee hearing on the alleged price manipulation of onions, lawmakers sounded fed up with Pabilona’s blatant disregard of their summons. Sagip Representative Rodante Marcoleta said they have long been asking for cooperation with firms alleged to be in collusion with the cartel. “Hanggang ngayon po ayaw niyang magpakita,”said Marcoleta, referring to Pabilona.“Sinabi na nga namin as early as three months ago makipag-cooperate kayo, tulungan ‘nyo kami. Eh ayaw niyang magpakita.This is an open defiance of the the authority of this committee.” (Until now he still isn’t showing up. We’ve told them as early as three months ago to cooperate, to help us. He doesn’t want to show up.) The panel moved to detain Pabilona for a period of 30 days. Quezon 1st District Representative Mark Enverga said Pabilona has not “substantially complied” with the requirements asked for by the committee. Pabilona is a stockholder at one of the biggest cold storage facilities in the country, Tian Long Corporation. He also has shares in Golden Shine International Freight Forwarders Corporation. These firms are related to the Philippine Vegetable Importers, Exporters and Vendors Association (PhilVIEVA), connected to “Sibuyas Queen”Lilia “Leah” Cruz, according to a matrix that the House panel released lastMay. In the matrix, the panel showed links of PhilVIEVA to cold storage facility, traders, and a trucking company– making Marikina 2nd District Representative Stella Quimbo conclude that PhilVIEVA has monopolized the whole onion supply chain. The House panel continued to investigate in light of President Ferdinand Marcos Jr.’s marching orders to conduct aprobeon the existence of an alleged onion cartel that caused the skyrocketing of prices last year. Meanwhile, the Department of Justice is currently investigating thelinksamong officials of the Bureau of Customs, the Department of Agriculture, and persons involved in the cartel. –Rappler.com"
"Is P20/kilo rice possible within 2 years? ‘Baka mahirap po,’ says DA",https://www.rappler.com/philippines/department-agriculture-response-rice-prices-2023-2025/,2023-08-22T14:09:22+08:00,,"MANILA, Philippines – With rice prices increasing in the country, President Ferdinand Marcos Jr.’s election promise of lowering the price of rice to P20 per kilo is seeming more like wishful thinking. In a House hearing on Tuesday, August 22 on the Department of Agriculture’s (DA) proposed 2024 budget, DA Undersecretary Mercedita Sombilla said it would be difficult to lower the price to P20 in the immediate future. “Within the next two years, posible ba ‘yung bente pesos na kilo ng bigas?”asked Kabataan Representative Raoul Manuel. (Within the next two years, is the P20/kilo of rice feasible?) “Next two years po? Baka mahirap po,”Sombilla said. (It would be hard.) Why is this promise important? Rice is one of major agricultural crops in the Philippines and a staple in any Filipino household. Rising prices affect both farmers and consumers anddrive up inflation. The promise also has political implications since Marcosserves concurrentlyas the agriculture chief. Prices now reach more than P50 in many areas. “If it will stabilize from P45 to P46, that will be good for our farmers. And hopefully, we can cope up with that price,” said DA Undersecretary Leocadio Sebastian said during the hearing. In the lean months of July to September, when farmers are only starting to harvest, the DA is looking at rice imports to ensure steady supply. However, the DA is quick to clarify that there is no rice shortage in the Philippines yet. According to Sombilla, what we do have now are meager stocks of rice. “We have to ensure we have enough supply,” said Sombilla. “We are in the lean months, we are still harvesting.” Sombilla also explained during the hearing that rice prices are rising because of the simultaneous increase in both global and farm gate prices. Did the recent typhoons hamper the country’s supply? Sebastian said the damage brought by Typhoon Egay last month to the agriculture sector “can be considered minimal and recoverable.” According to the last bulletin from DA released on August 4, damage and losses in rice amounted to P1.79 billion, affecting 114,735 hectares of farm lands. This meant a loss of 42,778 metric tons in volume production, or 0.22% of the total annual production target volume for rice. “Damaged areas can still replant. It’s still early in the season,” said Sebastian. The president had assured the public last week that rice supply is stillsufficient. Following the assurance, the government is already looking atimporting ricefrom Vietnam and India. –Rappler.com"
Will the New Agrarian Emancipation Act liberate Filipino farmers and boost PH agriculture?,https://www.rappler.com/philippines/will-new-agrarian-emancipation-act-liberate-farmers-boost-philippine-agriculture/,2023-08-09T11:23:07+08:00,,"MANILA, Philippines – Renato Villaran, 67, remembered crying when he received in July this year the title endowing him 6,000 square meters of farm land in Naic, Cavite. He said it’s the first time he’s had anything under his name. “Napakalaking bagay po ang naitulong ng lupa na ‘to sa amin,”Villaran said, his voice breaking at the other end of the line during a phone interview with Rappler.“Nasa akin na po ang CLOA (Certificate of Land Ownership Award). Napaiyak po ako. ‘Di ko akalain na mabibigyan ako noon.” (The land awarded to me has been a big help to my family. I now have the CLOA. I cried. I never thought I would be given land.) Villaran is one of the agrarian reform beneficiaries of theNew Agrarian Emancipation Actsigned this July. Farming is the way of life he inherited from his parents. Villaran finished high school, went to work on the farm, and had four children, all of whom now have their own families. These days, it’s just him and his wife minding the farm, cultivating mango, banana, and star apple trees. After around four decades of farming, it’s the first time for him to own a piece of land, he said. The land he received may be small – as it doesn’t even amount to a hectare – but Villaran is grateful nonetheless. “Maraming salamat kay Pangulong Bongbong at sa mga nangangasiwa po sa DAR (Department of Agrarian Reform),”Villaran said. (Many thanks to President Bongbong and the officials of the DAR.) One year after he swore to free agrarian reform beneficiaries of unpaid amortizations, President Ferdinand Marcos Jr. went back to Congress in his second State of the Nation Address (SONA) to report a promise fulfilled. With the passage of the New Agrarian Emancipation Act, Marcos relieved 610,054 farmers of their loans totaling P57.65 billion. WhenMarcos signed the lawon July 7,32,441 land titleswere also awarded to 27,132 beneficiaries nationwide. This law was considered good news and, according to Agrarian Reform Secretary Conrado Estrella III, it was even given the moniker “happy law.” Marcos thanked Congress for the swift approval of the law.“Sa ngalan ng mga magsasakang ito at ang kanilang mga pamilya, maraming salamat muli sa ating mga mambabatas,”said Marcos on July 24. (On behalf of farmers and their families, thank you to all our lawmakers.) The government touted this as a victory that signifies prioritizing public interest despite the government’s financial constraints. “There is a time when the government needs to balance interest between efficient use of resources for certain priority concerns…and the concerns of social justice,” said Department of Agrarian Reform (DAR) Undersecretary Marilyn Yap in an interview. “Land reform is 51 years in the country and it’s been a long time. It is about time that this is done. I think this administration just put down its foot and assessed it for real,” Yap added. But Yap also admitted the law does not completely free farmers from the bondage of the soil, considering the poverty of farmers exacerbated by the pandemic. Farmers remain to be among the poorest sectors in the Philippines. Beset with many long-standing issues such as land conflicts, land productivity, outdated technology and practices, the sector needs more than condoning of loans to truly emancipate them. Many groups critical of the government’s agrarian reform said the law was a welcome development but it also triggered concerns that it may not achieve its intended purpose. Some groups raised the threat of land conversion. Raul Montemayor, national manager of the Federation of Free Farmers Cooperatives, said farmers may sell their land now that they are free from debt and encumbrances. If they sell to real estate firms, for instance, lands may be converted to non-agricultural uses. This does not only harm the farmer, it would also hurt the agricultural sector trying to raise productivity and domestic growth. The agrarian reform secretary, however, assured the public that farmers, even with condoned loans, will not be able to sell or transfer their land except through hereditary succession. This is a provision in theComprehensive Agrarian Reform Law(CARL) that was retained in the emancipation law. “It is provided for in that law that you cannot sell your land from the time you have received your title. You cannot sell it for a period of 10 years,” said Estrella in an interview last July. “Only after 10 years can you sell your land to private entities.” If they find beneficiaries who breach this provision, the DAR will have to get the land back and “distribute it to other more deserving agrarian reform beneficiaries,” Estrella said. “It’s simply that way.” Leonardo Legaspi, one of the beneficiaries who attended the ceremonial awarding of titles at Heroes Hall in Malacañang, said he had no plans of selling his land. A farmer from Cavite, Legaspi was awarded two hectares of farm land. Like Villaran, he was grateful for what was given to him. He said he hopes other farmers would experience this too. “Siyempre masayang-masaya po na wala kaming ginastos,”Legaspi told Rappler in a phone interview.“Sana mag tuloy-tuloy. Sa bukid namin, madami pang kailangang ayusin.” (We’re happy because we didn’t have to spend anything. I hope this continues. In our land, there are many things to smoothen out.) But farmers hindered from selling their land is not the good news the measure was trumpeted to be, economist Calixto Chikiamco said. “Farms will be frozen out of the rural land market for 10 years and prevent any form of farmland consolidation through leasing. More efficient farmers cannot expand through leasing,” Chikiamcowrotein February. Farms have been shrinking in size as small-scale farmers, cultivating less than three hectares of land, dominate the sector. Under the CARL, beneficiaries cannot own more than five hectares of land. Children of agrarian reform beneficiaries caninheritonly up to three hectares. Land consolidation is supposed to help improve agricultural yield and management of farms, but this won’t happen if farmers do not have the option to sell. The law “effectively chains the farmer-beneficiaries to the land and condemns them into poverty,” Chikiamco said. The law could thus lead to more landed but still poor farmers if there isn’t enough support in terms of resources and technology, Jayson Cainglet, executive director of Samahang Industriya ng Agrikultura, told Rappler. Cainglet said one of the immediate concerns of beneficiaries is the cost of production aggravated by high prices of fertilizers and fuel. Productivity is also affected by the quality of soil. Last May, the Department of Agriculture said that majority of farmlands in the Philippines havemoderate to low soil fertilitydue to unsustainable agricultural practices and the use of synthetic fertilizers. Low soil fertility means low crop yields. Estrella remains optimistic of the law’s impact on farm productivity. The agrarian reform secretary maintained that the emancipation law will encourage farmers, now free from debt, to improve methods, modernize, and mechanize. They can even be incentivized to form cooperatives and consolidate lands. Estrella said that if these are done, the Philippines will no longer have crop shortages and can do away with rice importations. “In the rice lands, if they form themselves in a cooperative…then they can address a lot of things,” Estrella said. “They can save up with the inputs and they will be earning more and they would be producing more if they use the modern and the more scientific methods. And if they do that there will be greater production and that will lead us away from rice shortage.” What’s clear, early on, both from the government and farmers’ groups, is that the condonation of beneficiaries’ loans was a long time coming. The Philippines’ agrarian reform program has dragged for decades. Thirty-five years after the implementation of the program – a “gargantuan sacrifice in the name of asset equity,” as national scientist and economist Raul Fabella wrote in 2017 – land distribution is almost complete. But he said it has also created a new class of landed but poor agrarian reform beneficiaries who own farms but do not have the means to increase yield and enhance skills and resources. Efforts like the New Agrarian Emancipation Act are almost always after-the-fact. Beneath the so-called “happy law” is the dead weight of agrarian reform in the country, the splintered lands under constant threat of development, and the poverty of aging Filipino farmers. –Rappler.com"
"Remulla asks BOC, DA why are there cartels smuggling agri products",https://www.rappler.com/philippines/doj-remulla-says-customs-agriculture-answer-smuggling-cartels/,2023-07-27T17:34:13+08:00,,"MANILA, Philippines – The Bureau of Customs (BOC) and the Department of Agriculture (DA) will have to explain the existence of cartels which are allegedly responsible for the unabated smuggling of agricultural products, Justice Secretary Jesus Crispin “Boying” Remulla said on Thursday, July 27. “The smuggling is unabated and we will have to ask the Bureau of Customs to explain to us how this is happening.Kasi hindi pwedeng mangyari to nang ’di alam ng Customs,”said Remulla in an interview withThe Source. (It’s impossible that this is happening without the knowledge of Customs.) “And of course ‘yung counterpart niya sa Department of Agriculture, ‘yan din ang isang may problema tayo tungkol sa importation permits.”(And of course, its counterpart in the Department of Agriculture has a problem with importation permits.) The cartels have been micromanaging the industry, mastering control of the supply and cold storage facilities, said Remulla. Asked if those given import permits were also the smugglers and hoarders, Remulla said it looked like there was one concerted effort conducting “an organized way of dealing with the industry.” So far, the BOC has been cooperative, said Remulla, and the DOJ was expecting that it would continue to do so in the next 60 days of the investigation. The anti-smuggling task force will start their fact-finding investigation next week. According to Remulla, they were looking into 20 possible onion smugglers and four major players. The justice secretary said they were still verifying details about the modus operandi and checking the schedule of activities of suspected parties. “We are looking at every step of the importation and distribution process so we can really put a stop into this,” said Remulla in a mix of Filipino and English. On July 25, Executive Secretary Lucas Bersamin said President Ferdinand Marcos Jr. tapped the Department of Justice to establish a task force that would investigate agricultural smugglers and cartels. This comes more than two weeks after Marcos ordered the DOJ and the National Bureau of Investigation to probe into the alleged hoarding, smuggling, and price fixing of agricultural commodities. In a press briefing on Thursday, Senator Imee Marcos said that if courtesy resignations could happen inside the Philippine National Police, this could also happen with officials in the BOC and DA involved in the smuggling of agricultural products. (READ:Marcos accepts resignation of 3 police generals, 15 colonels over alleged drug links) Senator Marcos is one of the vice chairpersons of the Senate committee on agriculture, food, and agrarian reform. Erring officials should be placed under preventive suspension, said Senator Marcos.“Kung may tinatawag nga na prima facie evidence o ‘di kaya intel na mabigat-bigat eh talagang kinakailangan na talagang tanggalin mo na sa pwesto kung hindi tuloy-tuloy naman ang ligaya.” (If there is prima facie evidence or compelling intel, these officials should be sacked or else they will carry on with what they’re doing.) Prices of onions skyrocketed last year, spurring Congress to conduct separate investigations in both chambers. Some two months after the hearings in the House of Representatives concluded, Marikina 2nd District Representative Stella Quimbo sent the President a memorandum stating the “substantial evidence” uncovering the existence of a cartel. Marcos then ordered the probe into smuggling, cartels. –Rappler.com"
Elon Musk’s Starlink internet makes inroads in remote Philippine areas,https://www.rappler.com/technology/elon-musk-starlink-internet-inroads-remote-philippine-areas/,2023-07-12T14:07:29+08:00,,"QUEZON, Philippines – In an upland farm in the remote village of Caldong in the town of Sampaloc, Quezon province, farmworker Marcelo Santos can now easily communicate with Candy Soto, head of agribusiness firm, Green Charm Farm, after the latter recently got a Starlink Internet installed in her farm. From Manila, it takes three to four hours to reach the 7-hectare vegetable farm which produces all-natural products such as lettuce, eggplants, squash, chili and ginger. “Maganda po, nakakachat at natatawagan ko na si Ma’am Candy sa messenger at ‘di na kailangan bumili ng load,” he told Rappler. (It’s nice, I can now chat and call Ma’am Candy via FB messenger and I don’t have to buy internet load anymore.) Not only that, due to the fast internet, Marcelo said he and his family can now watch online episodes ofKapuso Mo, Jessica Soho(KMJS), a popular Philippine public affairs show via YouTube. Soto told Rappler that with the fast internet service, she gets fresh data from Santos on the volume of vegetables produced, which has improved distribution and sales of her produce, with less waste. She can now better estimate the volume that will be sold in the province of Rizal, and how much will be left in Quezon province for the local market. In addition, with the help of an app,Tapo, she’s now able to monitor the work of farmworkers via a CCTV installed in the farm. Soon, she’ll be putting another CCTV that will help guard against theft. Outsiders have occasionally stolen some of Green Charm Farm’s produce such as eggplants and squash. “It’s been a big help since I installed it last May,” Soto said. Soto said she had the Starlink antenna installed on top of the water tank on her farm, and it self-oriented in minutes. Starlink says, however, that this is possible only if the antenna has a “clear view of the sky.” It adds that Starlink can withstand extreme cold, heat, heavy rain, and gale force winds. Over the past two months, Soto said heavy rain hasn’t disrupted the internet signals in Green Charm Farm. Households and enterprises in remote rural areas in the Philippines now have access to fast internet via Elon Musk’s Starlink – but only if you can afford its steep regular price: P29,320 for the hardware and a monthly fee of P2,700 for the base Residential package. Starlink’s kit comes with an antenna, a WiFi router, cables, and base. The use of the Residential package is limited to one registered address. For those who want to have portable service, Starlink Roam provides “active coverage” or high-speed internet on an as-needed basis at any destination. This comes at the expense of connection priority. Residential users may get more reliable service even at peak hours while Roam users may see a fluctuation in speeds where there’s high traffic volume. Roam uses the same hardware and costs the same at P29,320 as Residential, but has a higher monthly fee of P3,300. With Roam’s portability, this service may be useful for news organizations that deploy journalists for disaster coverage – volcanic eruptions, earthquakes, landslides – in remote locations. For other critical applications, Starlink offers higher tier hardware called the Flat High Performance dish, priced at a more expensive P153,942. Starlink described the product on its website: “With a wide field of view and enhanced GPS capabilities, the Flat High Performance can connect to more satellites, allowing for consistent connectivity on the go. The hardware is designed for permanent installation on your vehicle and is resilient in harsh environments.” The Flat High Performance dish can be paired with a Starlink Mobility plan for land vehicle use cases including “trucking, buses, shuttles, and emergency response” or Starlink Maritime for use at sea. Both carry a monthly subscription fee of P15,394, with promised download speeds of 220 Megabits per second (Mbps). Infiniti Liveaboard, an enterprise that offers tours of theUNESCO World Heritage Site,Tubbataha Reef, has installed Starlink internet on its yacht, which allowed divers to have internet while at sea during a recent trip this year. There’s no phone signal in the world-renowned marine protected area in the Sulu Sea. Starlink’s services arrived in the Philippines inFebruary 2023. It says it is the “world’s most advanced broadband satellite internet,” and is the “first and largest satellite constellation using a low Earth orbit to deliver high-speed broadband internet” that supports streaming, gaming, video, and calls. For some public officials, however, Starlink’s high price is worth it, and perhaps incalculable in terms of making the web accessible to students who go to school in remote areas. Former journalist-turned-lawmaker, Senator Loren Legarda, for instance, backed the installation of Starlink internet in a school in her home province, Antique, in central Philippines. Students in Lacaron Integrated School in the town of Sibalom now enjoy fast internet after a Starlink service was installed in the school last May. “Before the installation, the school had been experiencing slow internet speeds, limiting the ability to stream videos or support multiple devices. However, after the installation, substantial improvements were observed,” a press release from Legarda’s office said. Around 150 users can connect simultaneously to the service. Download speed was rated at 170 Mbps, while upload speeds reached 10.8 Mbps. “This significant enhancement enables students and teachers to use seamless video conferencing and stream high-quality videos,” Legarda’s office said. It took 4 to 5 hours to install two designated access points, one for teachers and another for the students. Nicasio Frio, Department of Education superintendent in Antique, said the installation of Starlink internet bridges “the connectivity gap, allowing more schools to participate in online meetings and seminars, ultimately improving educational opportunities for the students.” According to Legarda, citing a Modified Learner Enrollment Survey form, only 16% of students had access to mobile internet, and this access does not guarantee a good service. “This is a huge step towards digital inclusivity for our Filipino students, ensuring that every learner has equal access to quality education, regardless of their location. Through this, we are bridging the digital divide and empowering our students to thrive in the digital era,” Legarda said. She and her brother, Congressman Antonio Legarda, also installed a Starlink internet at Sta. Ana National High School in Barangay Sta. Ana, Pandan, Antique. The school is located in one of seven Geographically Isolated and Disadvantaged barangays in he province. Prior to the installation, the school relied on a 20 Mbps WiFi connection with download speed of 6.93 Mbps; with Starlink internet, Legarda’s office said initial speed tests showed big improvement with download speed ranging from 217.3 Mbps to 324.97 Mbps. Upload speed went up from 6.49 Mbps to 28.7 Mbps. Most Filipinos in remote areas, however, won’t be able to put up a Starlink internet at their own expense. They usually go to low-cost “sachet” internet stations where they drop coins in a phone booth in order to have internet. These are useful when sending quick emails, but perhaps too costly for streaming, gaming, and video calls.– Rappler.com"
Northern Ireland farm proves the healing power of nature,https://www.rappler.com/world/europe/northern-ireland-farm-proves-healing-power-well-being-nature/,2023-07-11T21:16:42+08:00,,"Helping create “a 21st-century healing place” by using the power of nature, local sisters Margaret and Kathleen Finnegan founded the An Tobar Community Wellness Centre and Social Farm in Silverbridge in October 2018. “‘An Tobar’ means ‘The Well’ or ‘Well-spring,’ and takes its name from a well on our farm that our grandfather and our ancestors used for ‘healing’ or cures,” says Kathleen, who previously ran a horticulture and garden center on the farm. Becoming a social enterprise in order to “give back to the community,” An Tobar’s aim was to provide social farming opportunities, improve the health and wellbeing of the community, and combat social isolation. For the past five years, they have reached out to those with dementia, school children, people with mental health issues, minority groups and carers, and have an ongoing contract with the Southern Health & Social Care Trust to provide social farming to a group of adults with learning disabilities. “We always knew that working outdoors with nature had a great therapeutic potential, but we have been genuinely amazed at how it has helped people reintegrate with the community and regain their confidence,” says Kathleen. Social farming – which uses agriculture to promote therapy, rehabilitation, social inclusion, education, and social services – is a relatively new concept in Northern Ireland. “The wonderful thing about social care farming is it’s meaningful work for people, and it’s also useful for us as farmers. It’s a win-win situation,” she says. “These guys would have been bused into daycare facilities in Newry (the nearest city, around 12 miles from the farm in Silverbridge), or further afield. Now they are in a community-based service which gives them a purpose and self-worth.” Participants, aged from 20 to 70, are involved in feeding cattle and pigs, collecting eggs, growing vegetables and flowers, planting trees, helping make forest trails, and many other day-to-day farming tasks. Some of this work can be seen in theUTV Rare Breed – A Farming Yearprogram, which reflects the diversity and innovation in Northern Ireland’s agri-sector, by following 12 farming families throughout a year. Next in the documentary series, viewers will see the farm prepare its 30 varieties of fruit and vegetables for harvest and provide goods for the farm’s tea room. In future episodes, audiences can see them experiment with biofuel, make Christmas wreaths, and witness how they turned their woodland into a classroom by running their first forest school program. During forest school classes, An Tobar uses their outdoor classroom to help children and young people learn about nature through mindfulness, bushcraft, cooking over a fire, making crafts with wood, and building dens.” Kathleen stresses that forest schools are accessible to people of all abilities and are beneficial for mental well-being. “The idea of connecting with nature is in our DNA as a human species. An academic setting is not a level playing field, and a lot of children are excluded. Forest schools are about allowing children to learn how to have free play and to develop skills, confidence, self-esteem, and team building naturally through play outside.” The biophilia hypothesis, developed by Harvard Professor Edward O. Wilson, suggests that humans possess an innate tendency to seek connections with nature and other forms of life. This philosophy that people feel better just from being outside and in touch with nature is something An Tobar is built upon and which Kathleen hopes future generations cling to. “This was something that was inherently known by our ancestors, something which we as a modern society have perhaps lost. This disconnection with nature is detrimental to our physical and mental health and also places our global environment in jeopardy,” she says. Placed in the beautiful setting of South Armagh’s Ring of Gullion area, the 40-acre (16-hectare) farm is home to Brian’s Wood, a woodland in which they have planted 16,000 native trees – the first of which was planted by President Michael D. Higgins. Named after two of their late uncles, the woodland is open to the public for walks. In 2022, it was further enhanced with new nature, poetry, and fairy trails and interactive signage, with Brian’s Wood Heritage Project being named the 2022 National Lottery Northern Ireland Project of the Year. As Ireland is one of the most deforested parts of Europe, the Finnegan family are proud of their contribution to sustainability and biodiversity in the area. Through their websitememorytreesireland.comthey offer people the opportunity to dedicate a tree in their new native woodland to a loved one. Trees could be branded as superpowers, for their ability to absorb carbon dioxide from the air and thus help people breathe more easily and boost their immune systems. Kathleen points out that a simple walk in a woodland can also benefit your mental health. “There’s been a lot of research done that measured people’s cortisol levels and blood pressure on the way into the forest at the start of a walk and again on the way out and proved it lowers their stress levels. A walk on a concrete path in a town will not produce the same results.” Margaret, who also works with carer groups at the farm, is trained in social therapeutic horticulture, eco-therapy, and nature immersion. It is inspired by forest bathing, which originated in Japan in the 1980s to counteract high levels of depression and suicide, and combines deep breathing with the peace and quiet of being amongst trees to boost well-being in a natural way. Also making a positive contribution to the family farm is Kathleen’s daughter Hannah, who has created Cafe Amach (Cafe Out), also located in County Armagh, which provides a safe space for young LGBTQ+ people to socialize. “The whole idea of An Tobar is that it’s an inclusive space for everybody, regardless of age, ability, gender, or religion. A lot of people say it’s like a home away from home for them, especially people that maybe feel excluded in other mainstream places,” adds Kathleen. Looking forward at An Tobar, there are plans to plant an orchard in 2023, produce their own juice, and to further experiment with biofuel. –Rappler.com This story was originally published onThe Irish Newsand is republished within theHuman Journalism Networkprogram with support from theInternational Center for Journalists."
Zamboanga del Norte braces for harsh effects of El Niño,https://www.rappler.com/philippines/mindanao/zamboanga-del-norte-braces-harsh-effects-el-nino/,2023-05-26T18:09:40+08:00,,"ZAMBOANGA DEL NORTE, Philippines – With its food production normally 5-7% short of its consumption, farmers here were urged to plant early and to allocate 200 hectares to produce rice and corn seeds if the province has to survive the adverse effects of the looming El Niño phenomenon. “That’s our two-pronged approach, early planting and buffer seeds production,” said provincial agriculturist Maybel Cruz Bustalino, who added that the seeds have already reached the field for early planting. She also told leaders of the province’s 25 municipalities and two cities to devote five or more hectares for buffer rice and corn seeds production. Earlier, the Office of the Civil Defense (OCD) warned the newly created Task Force El Nino that based on its data in the past two years, Zamboanga del Norte is likely to bear the brunt of adverse climate effects including that of the El Nino phenomenon. The station chief of Philippine Atmospheric Geophysical and Astronomical Agency (PAGASA) Dipolog, April Love Castillon, said that El Nino phenomenon is the abnormal increase of temperature in the southern Latin American side of the Pacific Ocean. She told Rappler on Thursday, May 25, that El Nino occurs every two to seven years and it affects global climate. In the Philippines, its effects include the increased likelihood of below-normal rainfall that may bring droughts. However, it may also bring above-normal rainfall conditions in the western part of the country during southwest monsoon orhabagat. Castillon however denied that the high heat index that has been felt in Zamboanga de Norte from April and most likely until June is not associated with El Nino. “Our temperature during these months are normally high at an average of 37.4 degrees Centigrade, but the high heat index reaching to 48 degrees centigrade is caused by urban heat island effect, in which urban areas get warmer because of human activity; by global warming; and by the fact that we are near the equator,” Castillon said. Yet from next month to November, she said we can expect 11 to 14 more typhoons though only two or three of these may get near or directly hit Zamboanga del Norte because the track of typhoons is usually going up. Bustalino hoped that Zamboanga del Norte would just get enough rainfall before El Nino to help farmers as she revealed that only about 7,000 hectares of the province’s rice fields were irrigated. “I’m worried particularly at the other 17,000 hectares of rice fields and 2,000 hectares of other farms that were non-irrigated, which are highly vulnerable to the effects of El Nino,” Bustalino said. But 61-year-old farmer Lito Dino is even more worried because irrigation water has not reached his rice field for several months now, and he was already relying on rainfall. “Dili na kuno kasaka ang tubig sa irigasyon, hinay na kuno ang tubig sa suba, maayo na lang miulan gamay gabii nasalibuan ra akong similya sa humay(They said irrigation water could no longer go up to our rice fields, the river is getting weak, it’s good it rained last night that watered my rice seedlings),” he told Rappler on Friday, May 26. Dino, who has been a farmer on a rented rice field all his life, said he will be planting his rice seedlings in two weeks and hoped he will be successful this cropping to help him survive the El Nino. Meanwhile, Bustalino said the provincial government has been helping farmers put up solar-powered and fuel driven irrigation pumps, but these were only for non-irrigated areas so that water reduction in farms caused by El Nino will just be about 10%. “But if all our preparations won’t succeed, God forbid, El Nino will cause us a billion-peso worth of agricultural products. I’m not scaring anyone, I’m just saying we have to prepare,” she said. Zamboanga del Norte was in 2015 the poorest province in the Philippines, according to the National Statistical Coordination Board. In 2012, the largely agricultural province went up to the 5th poorest with 50.3% poverty incidence. – Rappler.com"
ASF spreads to 4 Aklan towns,https://www.rappler.com/philippines/visayas/asf-spreads-aklan-towns/,2023-05-18T09:10:00+08:00,,"AKLAN, Philippines – A month after the first case was discovered in Balete town, four municipalities in this province have now been infected with the African swine fever (ASF) virus. Dr. Maria Cyresa Leen Mabel C. Siñel, chief of the Office of the Provincial Veterinarian (OPVET) said that the ASF has now spread across Aklan in the towns of Magpag-ong Batan in eastern district. Also in western towns which includes Barangays Dapdap and Tondog in Tangalan and Barangay Alibagon, Makato. “The province still maintains 24/7 border checkpoints to four boundaries of Aklan hoping to minimize the further spread of the virus. We need more alcohol to disinfect the barangays affected,” she told Rappler May 17. The four border control areas are in Altavas, Buruanga, Caticlan in Malay town and in Nabas. “For the hog raisers, we urged them to practice biosecurity measures by placing footbaths and fences to their hogs to minimize the possible infestation of the ASF,” Sinel said. The local government units have also sealed barangay borders in order to screen people going to and from the infected areas. “We are wary of giving out numbers of affected hogs in the province as residents might panic compromising the movement of hogs,” Sinel said. As of press time, LGUs in the 17 towns of Aklan abide by the policy that hogs raise in backyards must be sold and consumed within their respective towns. “We have enough pork in the province,” Sinel added. On May 3, the Madalag Veterinary Office in the eastern district said in a Facebook post that several pork brought by the residents after attending a fiesta in a nearby town were confiscated. Makato mayor Ramon Legaspi III has issued an executive order no. 2023-022 which calls for an intensified monitoring and surveillance of all live hogs, pork, and pork related products, from ASF areas bound to their town. Legaspi said the EO directs security enforcers to conduct checkpoints and monitoring to ensure biosecurity measures in their town are in place. – Rappler.com"
Pangasinan farmers urged to plant early as San Roque Dam level drops,https://www.rappler.com/philippines/luzon/pangasinan-agriculture-san-roque-dam-level-drops-may-2023/,2023-05-06T11:32:23+08:00,,"DAGUPAN CITY, Philippines – With El Niño just around the corner, the National Irrigation Administration (NIA) in Ilocos Region urged farmers to plant early to take advantage of the still existing water supply. NIA Ilocos Region aims to cover seven hectares for early planting. NIA Ilocos Region chief Gaudencio de Vera raised concerns over the rapidly dipping water level of the San Roque Dam. The dam is the major source of irrigation in the province, supplying water to about 32,000 hectares of farmlands spread across 14 towns and cities in Pangasinan. Dam monitoring by the Philippine Atmospheric Geophysical and Astronomical Services Administration (PAGASA) logged San Roque Dam at 233.26 meters above sea level (masl) – a far cry from its 280 masl normal high-water level. De Vera warned that they would cease supplying irrigation canals water if the dam dips to 225 masl. This would also mean that the San Roque Power Corporation (SRPC) would stop producing power as well. “Sadsad na tayo sa 225 (masl). Kung walang irerelease para sa pagproduce ng kuryente, wala ring irerelease na tubig para sa irrigation,”said de Vera in aninterview over Aksyon Radyo Pangasinanon Friday, May 5. (We would be depleted at 225 [masl]. If there’s no water to be released to produce electricity, no water would also be released for irrigation.) NIA also eyes to augment or add irrigation water, citing the need for them to lay out their solar irrigation projects. NIA has already distributed solar irrigation pumps to several farmers as of posting. It is also coordinating with the Department of Agriculture for the release of seeds to give to farmers. The NIA recently met with the SRPC, National Power Corporation, Municipal Agriculture Officers and Irrigators Association, Provincial Agriculture Office, PAGASA, and other stakeholders to discuss contingency measures. De Vera said farmlands near irrigation canals and the dam may still be supplied with water, while farmlands from municipalities far from the dam were advised on further assistance the NIA could offer. “Kung sakaling kulangin talaga tayo ng tubig, ang magiging priority ay ‘yung mga malapit sa dam at canals,”he added. (In case we run low on water, our priority will be those near the dam and canals.) Pangasinan residents are reeling from the effects of rising temperatures, as dog days are forecasted to peak this May. Vegetable prices shot up by P10 to P20 per kilo, based on the latest price monitoring in public markets across the province. On average, ampalaya (bitter gourd) has gone up to P100 from P80 per kilo, and tomatoes for P30 from P20 per kilo. Eggplants are now selling at P80 per kilogram, from P60 per kilo in April. Villasis town, a major eggplant producer in the region, has recorded a 40% decrease in eggplant yield due to the intense heat. GMA Regional TV Newsreported that the Villasis Municipal Agriculture Office recorded an average of 15 tons per hectare in eggplant yield – lower than the usual 25 tons per hectare harvested before 2023. Mang Ferdie, a local farmer, said he will temporarily stop farming, as other fellow farmers in town have decided to shift, for now, to planting corn, being far more resilient than eggplants. “Mahirap na, baka malugi rin, lalo at iinit pa itong panahon baka mahirapan magpatubo,” he said. (I might lose more money – it would be difficult to grow crops if it gets even hotter.) –Rappler.com"
[ANALYSIS] Should LBP and DBP be merged into a superbank?,https://www.rappler.com/voices/thought-leaders/analysis-should-land-bank-philippines-dbp-be-merged-superbank/,2023-03-31T13:24:41+08:00,,"On March 23, Finance Secretary Benjamin Diokno revealed that President Ferdinand Marcos Jr. has “approved” themergerof the country’s two largest state-owned banks: the Land Bank of the Philippines (LBP) and the Development Bank of the Philippines (DBP). This merger, which is expected to happen before yearend, said Diokno, is supposed “to create a bigger, stronger, and more resilient bank that can better serve the country’s development needs.” Of the two entities, LBP will be the survivor, havinglarger assets(P2.76 trillion, versus DBP’s P1.03 trillion), having a larger authorized capital stock, having much more branches (752 compared to DBP’s 147), and having a “stronger financial position.” Once combined, LBP-DBP will be the country’s largest bank, with combined assets worth P4.18 trillion. That will dwarf BDO, currently the country’s largest bank, with assets worthP3.73 trillionas of last September. But is this a good idea? Could there be drawbacks? This is not the first time the LBP-DBP merger was proposed. Back in 2016, the late former president Benigno Aquino III had already issued anexecutive orderapproving the very same merger. This was based on the recommendations of the Governance Commission for GOCCs (GCG). For one, said the GCG, the functions of LBP and DBP aren’t too different from one another. Try to make out the difference. On the one hand, LBP was primarily tasked to “[finance] the acquisition and distribution of agricultural estates for division and resale to small landholders as well as the purchase of landholdings by agricultural lessees.” But at the same time, they provide loans to small farmers and fisherfolk, and have a “social mandate to spur countryside development.” On the other hand, DBP was mandated to “[provide] banking services for the medium- and long-term needs of small and medium enterprises (SMEs) in the agricultural and industrial sector, particularly those operating in the countryside.” Another benefit is that by operating on a much larger scale, LBP-DBP will enjoy cost savings that the two entities wouldn’t realize if they were to remain separate. This is otherwise known as “economies of scale.” For example, they could easily connect their networks across the regions and reach more customers, they can reduce several costs (like administrative and operating costs), they can diversify their investments better, and they can also finance larger projects with their giant pool of assets. This is not to say, however, that are no cons. Obviously, in the pursuit of efficiency, the merger will lead to layoffs, and as early as now some staff in these banks are worrying who might get the chop. Secretary Diokno mentioned “generous” separation or retirement packages, and insisted that the merger is needed nonetheless for the “greater good.” Next, if the two banks were to merge, the new entity may possibly lose focus on its core mandates and areas of expertise. Even now, some stakeholders arebemoaningthe fact that over the years LBP has focused too much on commercial banking to customers rather than farmers or cooperatives. As of 2021, for example, abouttwo-thirdsor P587.3 billion of LBP’s loans to all sectors went to areas other than agriculture (like MSMEs, utilities, housing, logistics, education, healthcare, environment projects, and tourism). Meanwhile, just 30% or P248 billion of its sectoral loans went to agriculture. And of those agriculture loans, only P38.8 billion or 15.6% went to “small farmers and fishers, cooperatives, and farmers associations.” The rest, amounting to P209.1 billion, went to “other players in the agri-business value chain.” Maybe this reflects the fact that the Philippine economy right now isno longer agricultural, and other sectors are just as crucial (or even more so) for growth. Stakeholders fear that the LBP-DBP behemoth might further lose sight of its objective to help out poor agricultural workers. Interestingly, this is exactly the reason Marcos Jr. used in 2016 when he came out with a statement thenopposingthe merger. He was running for the vice-presidency at the time, and said that the merged LBP-DBP “will be a commercial bank” and that we will no longer have an “agricultural bank” that is focused on the needs of farmers. Fast-forward to 2022, however, he has greenlit the merger. I wonder why he changed his mind. Another major concern is that the merger of LBP and DBP will invariably reduce competition in the banking sector. Basic economics tells us that market concentration is not good for consumers, since it almost always results in lower output (or poor quality service) at higher prices. In the context of the banking sector, the LBP-DBP entity might also turn into a bank that’s “too big to fail” – that is, a superbank that will need rescuing (using taxpayers’ money) when a severe financial crisis hits our shores. Interestingly, Secretary Diokno brought up the proposal to merge LBP and DBP just a few weeks after the collapse of Silicon Valley Bank in San Francisco, among other banks, and amid turmoil and jitters in global financial markets. (READ:Should Filipinos worry about the bank failures abroad?) In fact, Diokno referred to this in his press conference: “[T]he President expressed the desire to merge the two to make it the biggest bank in the country because of the recent financial developments abroad.” But this raises the following questions: Why announce it now? Is there any iota of possibility that our state banks may be at risk due to the banking woes abroad? In fact, the risks may be coming from our very shores. Remember Marcos Jr.’s proposed Maharlika Investment Fund – a pseudo-sovereign wealth fund that aims to get its seed fund partially from LBP (which will give P50 billion) and DBP (P25 billion)? An economist friendlooked into thisand said that if Maharlika pushes through, these banks are at risk of not meeting their capital adequacy ratios. In other words, these banks’ debts will be so huge relative to their capital, and this will increase the risk of financial distress if their assets decline in value or if they experience losses. Ironically enough, Secretary Diokno and the other economic managers are still backing Maharlika as we speak. So is the proposed LBP-DBP merger actually a move to further justify and pave the way for Maharlika? –Rappler.com JC Punongbayan, PhD is an assistant professor at the UP School of Economics and the author ofFalse Nostalgia: The Marcos “Golden Age” Myths and How to Debunk Them. JC’s views are independent of his affiliations. Follow him on Twitter (@jcpunongbayan) andUsapang Econ Podcast."
Sugar regulation chief Alba resigns,https://www.rappler.com/business/sugar-regulation-administration-chief-david-thaddeus-alba-resigns/,2023-03-24T11:19:13+08:00,,"MANILA, Philippines – Sugar Regulatory Administration (SRA) head David Thaddeus Alba has resigned, Malacañang confirmed on Friday, March 24, making him the second SRA administrator to resign under President Ferdinand Marcos Jr. In a statement, Malacañang said Alba visited Executive Secretary Lucas Bersamin on Wednesday, March 22, “informing him of his decision to resign.” Bersamin “persuaded him not to,” but Alba cited his worsening health. Marcos said Alba’s resignation is effective April 15 “to prepare the appointment of his replacement.” In a press conference, Agriculture Assistant Secretary Rex Estoperez likewise confirmed Alba’s resignation. “We in the government come and go depending on the pleasure of the appointing authority,” Estoperez said in a mix of English and Filipino. “Whatever his reason is, I have not read his resignation, but we have to respect Administrator Alba for his decision.” SRA board member Pablo Luis Azcona mentioned earlier on Friday that Alba had submitted his resignation, citing health reasons. In an interview with DZBB, Azcona said the SRA board was informed about this during their regular meeting on Monday, March 20, adding that he and Alba have not personally spoken to each other about this. Estoperez said that he expects the next SRA administrator to also come from the ranks, adding that he hoped the announcement would come “in the next few days.” In a statement on Saturday, March 25, Alba confirmed reports of his resignation, saying his duties and responsibilities as acting administrator “has taken a negative toll on my health and family life.” “I must regrettably resign as the acting administrator in order to preserve my health as well as make a full recovery,” he said. Alba also dispelled “any other interpretations and speculation” about his resignation and said it “stems from purely health-related reasons.” “Had I been in better health, I would gladly continue with the responsibility entrusted to me by President Ferdinand R. Marcos Jr. I wish the next administrator the best, and I hope that [the] gains and programs we have achieved for the sugar industry will continue long into the future,” he added. Alba’s resignation comes after Senator Risa Hontiveros alleged earlier this week that a“sugar cartel”of government-favored importers were raking in as much as P14 billion in profits. On Saturday, March 25,Hontiveros urged Alba to “speak his truth” on the controversy, warning him that he might be “left holding the bag” if he didn’t. In August 2022, Alba’s predecessor Hermenegildo Seraficaalso resigned from the SRAfollowing the unauthorized signing of an “illegal” sugar importation resolution. These resignations took place as controversies continue to rock the agriculture department, which is concurrently headed by Marcos.– Rappler.com"
North Korea’s Kim orders ‘fundamental transformation’ of agriculture amid reports of food shortages,https://www.rappler.com/world/asia-pacific/north-korea-kim-orders-fundamental-transformation-agriculture-reports-food-shortages/,2023-02-28T11:37:49+08:00,,"SEOUL, South Korea – North Korean leaderKim Jong-unurged government officials to engineer a “fundamental transformation” in agricultural production, state media reported on Tuesday, February 28, amid fears that the country’s food shortage is worsening. Kim said hitting grain production targets this year was a top priority and emphasized the importance of stable agriculture production during the second day of the seventh enlarged plenary meeting of the 8th Central Committee of the Workers’ Party of Korea on Monday, according to state news agency KCNA. The report did not elaborate on what measures North Korea would take, but Kim said the changes need to happen in the next few years. Collective farms account for the vast majority of North Korea’s agriculture, according to researchers. Such farms typically host multiple small farmers who produce crops with joint labor. Kim’s remark comes amid reports of growing food shortages in the country, though North Korea has denied suggestions that it cannot provide for its citizens. Earlier this month, South Korea’s Unification Ministry said the food situation in the North “seemed to have deteriorated.” The ministry said at the time that it was rare for North Korea to announce a special meeting on agriculture strategy which was slated for late February. In his address at Monday’s meeting, KCNA said Kim mentioned the “importance of the growth of the agricultural productive forces” in ensuring socialist construction. North Korea is under strict international sanctions over its nuclear weapons and ballistic missile programs, and its economy has been further strained by strict self-imposed border lockdowns aimed at stopping COVID-19 outbreaks. The full extent of the food shortages in North Korea is unclear, but in a January report, the US-based 38 North project said that food insecurity was at its worst since famines that devastated the country in the 1990s. “Food availability has likely fallen below the bare minimum with regard to human needs,” the report said. North Korea’s pursuit of self-sufficiency means almost all its grain is produced domestically, but that has left the country vulnerable, 38 North found. “Achieving adequate agricultural output in North Korea’s unfavorable soils has, ironically, generated a heavy reliance on imported goods and left the country exposed to global shocks, diplomatic conflicts, and adverse weather,” the report said. The long-term solution to the problems lies partly in resolving the standoff over nuclear weapons and sanctions, but also requires economic reforms. The initiation of domestic economic reforms would unshackle North Korea’s productive capacity and allow it to export industrial products and tradable services, earn foreign exchange and import bulk grains on a commercially sustainable basis, 38 North said. –Rappler.com"
